==26579== Memcheck, a memory error detector
==26579== Copyright (C) 2002-2017, and GNU GPL'd, by Julian Seward et al.
==26579== Using Valgrind-3.18.1 and LibVEX; rerun with -h for copyright info
==26579== Command: /home/emil/tdiu16-labs/src/utils/pintos -v -k --fs-disk=2 --qemu -p ../examples/wait_test -a wait -p ../examples/dummy -a fast -p ../examples/slow_child -a slow -- -f -q run wait
==26579== Parent PID: 9189
==26579== 
==26579== Source and destination overlap in memcpy_chk(0x1ffeffc8c0, 0x1ffeffc8c4, 15)
==26579==    at 0x48539B2: __memcpy_chk (in /usr/libexec/valgrind/vgpreload_memcheck-amd64-linux.so)
==26579==    by 0x4863CED: ??? (in /usr/lib/x86_64-linux-gnu/perl-base/auto/Cwd/Cwd.so)
==26579==    by 0x21BF66: Perl_pp_entersub (in /usr/bin/perl)
==26579==    by 0x203F55: Perl_runops_standard (in /usr/bin/perl)
==26579==    by 0x17D5BB: perl_run (in /usr/bin/perl)
==26579== 
==26579== 
==26579== HEAP SUMMARY:
==26579==     in use at exit: 5,465,886 bytes in 21,997 blocks
==26579==   total heap usage: 63,190 allocs, 41,193 frees, 12,804,923 bytes allocated
==26579== 
==26579== 2 bytes in 1 blocks are possibly lost in loss record 1 of 777
==26579==    at 0x4848899: malloc (in /usr/libexec/valgrind/vgpreload_memcheck-amd64-linux.so)
==26579==    by 0x157351: ??? (in /usr/bin/perl)
==26579==    by 0x1578D0: ??? (in /usr/bin/perl)
==26579==    by 0x158D6A: ??? (in /usr/bin/perl)
==26579==    by 0x1689F3: Perl_newATTRSUB_x (in /usr/bin/perl)
==26579== 
==26579== 2 bytes in 1 blocks are possibly lost in loss record 2 of 777
==26579==    at 0x484DCD3: realloc (in /usr/libexec/valgrind/vgpreload_memcheck-amd64-linux.so)
==26579==    by 0x1EB7BD: Perl_safesysrealloc (in /usr/bin/perl)
==26579==    by 0x1B34E0: ??? (in /usr/bin/perl)
==26579==    by 0x1D15DF: ??? (in /usr/bin/perl)
==26579==    by 0x1D4686: ??? (in /usr/bin/perl)
==26579== 
==26579== 2 bytes in 2 blocks are possibly lost in loss record 3 of 777
==26579==    at 0x4848899: malloc (in /usr/libexec/valgrind/vgpreload_memcheck-amd64-linux.so)
==26579==    by 0x1EB5FF: Perl_safesysmalloc (in /usr/bin/perl)
==26579==    by 0x1B3552: ??? (in /usr/bin/perl)
==26579==    by 0x1D15DF: ??? (in /usr/bin/perl)
==26579==    by 0x1D4686: ??? (in /usr/bin/perl)
==26579== 
==26579== 2 bytes in 1 blocks are definitely lost in loss record 4 of 777
==26579==    at 0x4848899: malloc (in /usr/libexec/valgrind/vgpreload_memcheck-amd64-linux.so)
==26579==    by 0x1EB5FF: Perl_safesysmalloc (in /usr/bin/perl)
==26579==    by 0x2B72C8: ??? (in /usr/bin/perl)
==26579==    by 0x2B8031: ??? (in /usr/bin/perl)
==26579==    by 0x2BAFC6: Perl_init_i18nl10n (in /usr/bin/perl)
==26579== 
==26579== 4 bytes in 1 blocks are possibly lost in loss record 5 of 777
==26579==    at 0x484DCD3: realloc (in /usr/libexec/valgrind/vgpreload_memcheck-amd64-linux.so)
==26579==    by 0x1EB7BD: Perl_safesysrealloc (in /usr/bin/perl)
==26579==    by 0x1B34E0: ??? (in /usr/bin/perl)
==26579==    by 0x2DD8B0: ??? (in /usr/bin/perl)
==26579==    by 0x2E6098: ??? (in /usr/bin/perl)
==26579== 
==26579== 6 bytes in 2 blocks are possibly lost in loss record 6 of 777
==26579==    at 0x484DCD3: realloc (in /usr/libexec/valgrind/vgpreload_memcheck-amd64-linux.so)
==26579==    by 0x1EB7BD: Perl_safesysrealloc (in /usr/bin/perl)
==26579==    by 0x1B34E0: ??? (in /usr/bin/perl)
==26579==    by 0x1B78B5: Perl_re_op_compile (in /usr/bin/perl)
==26579==    by 0x15E2A9: Perl_pmruntime (in /usr/bin/perl)
==26579== 
==26579== 6 bytes in 6 blocks are possibly lost in loss record 7 of 777
==26579==    at 0x4848899: malloc (in /usr/libexec/valgrind/vgpreload_memcheck-amd64-linux.so)
==26579==    by 0x1EB5FF: Perl_safesysmalloc (in /usr/bin/perl)
==26579==    by 0x1B3552: ??? (in /usr/bin/perl)
==26579==    by 0x1B8132: Perl_re_op_compile (in /usr/bin/perl)
==26579==    by 0x15E2A9: Perl_pmruntime (in /usr/bin/perl)
==26579== 
==26579== 6 bytes in 1 blocks are definitely lost in loss record 8 of 777
==26579==    at 0x4848899: malloc (in /usr/libexec/valgrind/vgpreload_memcheck-amd64-linux.so)
==26579==    by 0x17876B: perl_construct (in /usr/bin/perl)
==26579==    by 0x152887: main (in /usr/bin/perl)
==26579== 
==26579== 6 bytes in 1 blocks are definitely lost in loss record 9 of 777
==26579==    at 0x4848899: malloc (in /usr/libexec/valgrind/vgpreload_memcheck-amd64-linux.so)
==26579==    by 0x1EB5FF: Perl_safesysmalloc (in /usr/bin/perl)
==26579==    by 0x2B6CB7: ??? (in /usr/bin/perl)
==26579==    by 0x2B7A08: Perl__is_cur_LC_category_utf8 (in /usr/bin/perl)
==26579==    by 0x2B9F91: ??? (in /usr/bin/perl)
==26579== 
==26579== 8 bytes in 1 blocks are possibly lost in loss record 10 of 777
==26579==    at 0x484DA83: calloc (in /usr/libexec/valgrind/vgpreload_memcheck-amd64-linux.so)
==26579==    by 0x2E973E: ??? (in /usr/bin/perl)
==26579==    by 0x152D3B: Perl_Slab_Alloc (in /usr/bin/perl)
==26579==    by 0x160F7A: Perl_newSVOP (in /usr/bin/perl)
==26579==    by 0x1A76DE: Perl_scan_num (in /usr/bin/perl)
==26579== 
==26579== 8 bytes in 1 blocks are possibly lost in loss record 11 of 777
==26579==    at 0x484DA83: calloc (in /usr/libexec/valgrind/vgpreload_memcheck-amd64-linux.so)
==26579==    by 0x2E973E: ??? (in /usr/bin/perl)
==26579==    by 0x152D92: Perl_Slab_Free (in /usr/bin/perl)
==26579==    by 0x173EEB: ??? (in /usr/bin/perl)
==26579==    by 0x16D212: Perl_ck_spair (in /usr/bin/perl)
==26579== 
==26579== 8 bytes in 1 blocks are possibly lost in loss record 12 of 777
==26579==    at 0x484DA83: calloc (in /usr/libexec/valgrind/vgpreload_memcheck-amd64-linux.so)
==26579==    by 0x1EC93C: Perl_safesyscalloc (in /usr/bin/perl)
==26579==    by 0x1A976A: Perl_pad_new (in /usr/bin/perl)
==26579==    by 0x25DB79: ??? (in /usr/bin/perl)
==26579==    by 0x261B61: Perl_pp_entereval (in /usr/bin/perl)
==26579== 
==26579== 8 bytes in 1 blocks are possibly lost in loss record 13 of 777
==26579==    at 0x484DA83: calloc (in /usr/libexec/valgrind/vgpreload_memcheck-amd64-linux.so)
==26579==    by 0x2E973E: ??? (in /usr/bin/perl)
==26579==    by 0x152D3B: Perl_Slab_Alloc (in /usr/bin/perl)
==26579==    by 0x157BEE: Perl_cmpchain_start (in /usr/bin/perl)
==26579==    by 0x1AC341: Perl_yyparse (in /usr/bin/perl)
==26579== 
==26579== 8 bytes in 1 blocks are possibly lost in loss record 14 of 777
==26579==    at 0x484DA83: calloc (in /usr/libexec/valgrind/vgpreload_memcheck-amd64-linux.so)
==26579==    by 0x1B7EBC: Perl_re_op_compile (in /usr/bin/perl)
==26579==    by 0x15E2A9: Perl_pmruntime (in /usr/bin/perl)
==26579==    by 0x1ACACA: Perl_yyparse (in /usr/bin/perl)
==26579==    by 0x25DF6A: ??? (in /usr/bin/perl)
==26579== 
==26579== 8 bytes in 1 blocks are possibly lost in loss record 15 of 777
==26579==    at 0x4848899: malloc (in /usr/libexec/valgrind/vgpreload_memcheck-amd64-linux.so)
==26579==    by 0x1EB5FF: Perl_safesysmalloc (in /usr/bin/perl)
==26579==    by 0x21C653: Perl_pp_entersub (in /usr/bin/perl)
==26579==    by 0x17BB0A: Perl_call_sv (in /usr/bin/perl)
==26579==    by 0x188710: ??? (in /usr/bin/perl)
==26579== 
==26579== 9 bytes in 4 blocks are possibly lost in loss record 16 of 777
==26579==    at 0x484DCD3: realloc (in /usr/libexec/valgrind/vgpreload_memcheck-amd64-linux.so)
==26579==    by 0x1EB7BD: Perl_safesysrealloc (in /usr/bin/perl)
==26579==    by 0x1B34E0: ??? (in /usr/bin/perl)
==26579==    by 0x1D15DF: ??? (in /usr/bin/perl)
==26579==    by 0x1B3769: ??? (in /usr/bin/perl)
==26579== 
==26579== 10 bytes in 1 blocks are possibly lost in loss record 17 of 777
==26579==    at 0x4848899: malloc (in /usr/libexec/valgrind/vgpreload_memcheck-amd64-linux.so)
==26579==    by 0x1EB5FF: Perl_safesysmalloc (in /usr/bin/perl)
==26579==    by 0x218487: Perl_sv_grow (in /usr/bin/perl)
==26579==    by 0x22BA87: Perl_sv_setpvn (in /usr/bin/perl)
==26579==    by 0x1783AD: perl_construct (in /usr/bin/perl)
==26579== 
==26579== 10 bytes in 1 blocks are possibly lost in loss record 18 of 777
==26579==    at 0x4848899: malloc (in /usr/libexec/valgrind/vgpreload_memcheck-amd64-linux.so)
==26579==    by 0x1EB5FF: Perl_safesysmalloc (in /usr/bin/perl)
==26579==    by 0x218487: Perl_sv_grow (in /usr/bin/perl)
==26579==    by 0x22BA87: Perl_sv_setpvn (in /usr/bin/perl)
==26579==    by 0x17854A: perl_construct (in /usr/bin/perl)
==26579== 
==26579== 10 bytes in 1 blocks are possibly lost in loss record 19 of 777
==26579==    at 0x4848899: malloc (in /usr/libexec/valgrind/vgpreload_memcheck-amd64-linux.so)
==26579==    by 0x1EB5FF: Perl_safesysmalloc (in /usr/bin/perl)
==26579==    by 0x218487: Perl_sv_grow (in /usr/bin/perl)
==26579==    by 0x22BA87: Perl_sv_setpvn (in /usr/bin/perl)
==26579==    by 0x2BAE33: Perl_init_i18nl10n (in /usr/bin/perl)
==26579== 
==26579== 10 bytes in 1 blocks are possibly lost in loss record 20 of 777
==26579==    at 0x4848899: malloc (in /usr/libexec/valgrind/vgpreload_memcheck-amd64-linux.so)
==26579==    by 0x1EB5FF: Perl_safesysmalloc (in /usr/bin/perl)
==26579==    by 0x218487: Perl_sv_grow (in /usr/bin/perl)
==26579==    by 0x22BA87: Perl_sv_setpvn (in /usr/bin/perl)
==26579==    by 0x184608: perl_parse (in /usr/bin/perl)
==26579== 
==26579== 10 bytes in 1 blocks are possibly lost in loss record 21 of 777
==26579==    at 0x4848899: malloc (in /usr/libexec/valgrind/vgpreload_memcheck-amd64-linux.so)
==26579==    by 0x1EB5FF: Perl_safesysmalloc (in /usr/bin/perl)
==26579==    by 0x218487: Perl_sv_grow (in /usr/bin/perl)
==26579==    by 0x22BA87: Perl_sv_setpvn (in /usr/bin/perl)
==26579==    by 0x185053: perl_parse (in /usr/bin/perl)
==26579== 
==26579== 10 bytes in 1 blocks are possibly lost in loss record 22 of 777
==26579==    at 0x4848899: malloc (in /usr/libexec/valgrind/vgpreload_memcheck-amd64-linux.so)
==26579==    by 0x1EB5FF: Perl_safesysmalloc (in /usr/bin/perl)
==26579==    by 0x218487: Perl_sv_grow (in /usr/bin/perl)
==26579==    by 0x22B8D8: Perl_sv_setpv_bufsize (in /usr/bin/perl)
==26579==    by 0x181BE5: ??? (in /usr/bin/perl)
==26579== 
==26579== 10 bytes in 1 blocks are possibly lost in loss record 23 of 777
==26579==    at 0x4848899: malloc (in /usr/libexec/valgrind/vgpreload_memcheck-amd64-linux.so)
==26579==    by 0x1EB5FF: Perl_safesysmalloc (in /usr/bin/perl)
==26579==    by 0x218487: Perl_sv_grow (in /usr/bin/perl)
==26579==    by 0x22B8D8: Perl_sv_setpv_bufsize (in /usr/bin/perl)
==26579==    by 0x181C3F: ??? (in /usr/bin/perl)
==26579== 
==26579== 10 bytes in 1 blocks are possibly lost in loss record 24 of 777
==26579==    at 0x4848899: malloc (in /usr/libexec/valgrind/vgpreload_memcheck-amd64-linux.so)
==26579==    by 0x1EB5FF: Perl_safesysmalloc (in /usr/bin/perl)
==26579==    by 0x218487: Perl_sv_grow (in /usr/bin/perl)
==26579==    by 0x22B8D8: Perl_sv_setpv_bufsize (in /usr/bin/perl)
==26579==    by 0x228FCE: Perl_vnewSVpvf (in /usr/bin/perl)
==26579== 
==26579== 10 bytes in 1 blocks are possibly lost in loss record 25 of 777
==26579==    at 0x4848899: malloc (in /usr/libexec/valgrind/vgpreload_memcheck-amd64-linux.so)
==26579==    by 0x1EB5FF: Perl_safesysmalloc (in /usr/bin/perl)
==26579==    by 0x218487: Perl_sv_grow (in /usr/bin/perl)
==26579==    by 0x22BA87: Perl_sv_setpvn (in /usr/bin/perl)
==26579==    by 0x2C986A: boot_DynaLoader (in /usr/bin/perl)
==26579== 
==26579== 10 bytes in 1 blocks are possibly lost in loss record 26 of 777
==26579==    at 0x4848899: malloc (in /usr/libexec/valgrind/vgpreload_memcheck-amd64-linux.so)
==26579==    by 0x1EB5FF: Perl_safesysmalloc (in /usr/bin/perl)
==26579==    by 0x218487: Perl_sv_grow (in /usr/bin/perl)
==26579==    by 0x22C29D: Perl_sv_setpv (in /usr/bin/perl)
==26579==    by 0x1F5CCB: Perl_magic_get (in /usr/bin/perl)
==26579== 
==26579== 10 bytes in 1 blocks are possibly lost in loss record 27 of 777
==26579==    at 0x4848899: malloc (in /usr/libexec/valgrind/vgpreload_memcheck-amd64-linux.so)
==26579==    by 0x1EB5FF: Perl_safesysmalloc (in /usr/bin/perl)
==26579==    by 0x218487: Perl_sv_grow (in /usr/bin/perl)
==26579==    by 0x22C29D: Perl_sv_setpv (in /usr/bin/perl)
==26579==    by 0x180313: Perl_gv_fetchpvn_flags (in /usr/bin/perl)
==26579== 
==26579== 10 bytes in 1 blocks are possibly lost in loss record 28 of 777
==26579==    at 0x4848899: malloc (in /usr/libexec/valgrind/vgpreload_memcheck-amd64-linux.so)
==26579==    by 0x1EB5FF: Perl_safesysmalloc (in /usr/bin/perl)
==26579==    by 0x218487: Perl_sv_grow (in /usr/bin/perl)
==26579==    by 0x22BA87: Perl_sv_setpvn (in /usr/bin/perl)
==26579==    by 0x18027A: Perl_gv_fetchpvn_flags (in /usr/bin/perl)
==26579== 
==26579== 10 bytes in 1 blocks are possibly lost in loss record 29 of 777
==26579==    at 0x4848899: malloc (in /usr/libexec/valgrind/vgpreload_memcheck-amd64-linux.so)
==26579==    by 0x1EB5FF: Perl_safesysmalloc (in /usr/bin/perl)
==26579==    by 0x218487: Perl_sv_grow (in /usr/bin/perl)
==26579==    by 0x22A994: Perl_sv_setsv_flags (in /usr/bin/perl)
==26579==    by 0x602AC53: boot_List__Util (in /usr/lib/x86_64-linux-gnu/perl5/5.34/auto/List/Util/Util.so)
==26579== 
==26579== 10 bytes in 1 blocks are possibly lost in loss record 30 of 777
==26579==    at 0x4848899: malloc (in /usr/libexec/valgrind/vgpreload_memcheck-amd64-linux.so)
==26579==    by 0x1EB5FF: Perl_safesysmalloc (in /usr/bin/perl)
==26579==    by 0x218487: Perl_sv_grow (in /usr/bin/perl)
==26579==    by 0x1A765B: Perl_scan_num (in /usr/bin/perl)
==26579==    by 0x1A29F5: Perl_yylex (in /usr/bin/perl)
==26579== 
==26579== 10 bytes in 1 blocks are possibly lost in loss record 31 of 777
==26579==    at 0x4848899: malloc (in /usr/libexec/valgrind/vgpreload_memcheck-amd64-linux.so)
==26579==    by 0x1EB5FF: Perl_safesysmalloc (in /usr/bin/perl)
==26579==    by 0x218487: Perl_sv_grow (in /usr/bin/perl)
==26579==    by 0x22A994: Perl_sv_setsv_flags (in /usr/bin/perl)
==26579==    by 0x24B19C: Perl_pp_push (in /usr/bin/perl)
==26579== 
==26579== 10 bytes in 1 blocks are possibly lost in loss record 32 of 777
==26579==    at 0x4848899: malloc (in /usr/libexec/valgrind/vgpreload_memcheck-amd64-linux.so)
==26579==    by 0x1EB5FF: Perl_safesysmalloc (in /usr/bin/perl)
==26579==    by 0x218487: Perl_sv_grow (in /usr/bin/perl)
==26579==    by 0x22002D: ??? (in /usr/bin/perl)
==26579==    by 0x2184EC: Perl_sv_grow (in /usr/bin/perl)
==26579== 
==26579== 10 bytes in 1 blocks are possibly lost in loss record 33 of 777
==26579==    at 0x4848899: malloc (in /usr/libexec/valgrind/vgpreload_memcheck-amd64-linux.so)
==26579==    by 0x1EB5FF: Perl_safesysmalloc (in /usr/bin/perl)
==26579==    by 0x218487: Perl_sv_grow (in /usr/bin/perl)
==26579==    by 0x2200BB: Perl_newSV (in /usr/bin/perl)
==26579==    by 0x48636C6: ??? (in /usr/lib/x86_64-linux-gnu/perl-base/auto/Cwd/Cwd.so)
==26579== 
==26579== 10 bytes in 1 blocks are possibly lost in loss record 34 of 777
==26579==    at 0x4848899: malloc (in /usr/libexec/valgrind/vgpreload_memcheck-amd64-linux.so)
==26579==    by 0x1EB5FF: Perl_safesysmalloc (in /usr/bin/perl)
==26579==    by 0x218487: Perl_sv_grow (in /usr/bin/perl)
==26579==    by 0x21B902: Perl_sv_2pv_flags (in /usr/bin/perl)
==26579==    by 0x207464: Perl_hv_common (in /usr/bin/perl)
==26579== 
==26579== 10 bytes in 1 blocks are possibly lost in loss record 35 of 777
==26579==    at 0x4848899: malloc (in /usr/libexec/valgrind/vgpreload_memcheck-amd64-linux.so)
==26579==    by 0x1EB5FF: Perl_safesysmalloc (in /usr/bin/perl)
==26579==    by 0x218487: Perl_sv_grow (in /usr/bin/perl)
==26579==    by 0x22B8D8: Perl_sv_setpv_bufsize (in /usr/bin/perl)
==26579==    by 0x2C59C4: Perl_pp_pack (in /usr/bin/perl)
==26579== 
==26579== 10 bytes in 1 blocks are possibly lost in loss record 36 of 777
==26579==    at 0x4848899: malloc (in /usr/libexec/valgrind/vgpreload_memcheck-amd64-linux.so)
==26579==    by 0x1EB5FF: Perl_safesysmalloc (in /usr/bin/perl)
==26579==    by 0x218487: Perl_sv_grow (in /usr/bin/perl)
==26579==    by 0x244E1F: Perl_pp_chr (in /usr/bin/perl)
==26579==    by 0x203F55: Perl_runops_standard (in /usr/bin/perl)
==26579== 
==26579== 10 bytes in 1 blocks are possibly lost in loss record 37 of 777
==26579==    at 0x4848899: malloc (in /usr/libexec/valgrind/vgpreload_memcheck-amd64-linux.so)
==26579==    by 0x1EB5FF: Perl_safesysmalloc (in /usr/bin/perl)
==26579==    by 0x218487: Perl_sv_grow (in /usr/bin/perl)
==26579==    by 0x22A994: Perl_sv_setsv_flags (in /usr/bin/perl)
==26579==    by 0x23F671: Perl_pp_repeat (in /usr/bin/perl)
==26579== 
==26579== 10 bytes in 1 blocks are possibly lost in loss record 38 of 777
==26579==    at 0x4848899: malloc (in /usr/libexec/valgrind/vgpreload_memcheck-amd64-linux.so)
==26579==    by 0x1EB5FF: Perl_safesysmalloc (in /usr/bin/perl)
==26579==    by 0x218487: Perl_sv_grow (in /usr/bin/perl)
==26579==    by 0x21B902: Perl_sv_2pv_flags (in /usr/bin/perl)
==26579==    by 0x2704C1: Perl_pp_fttty (in /usr/bin/perl)
==26579== 
==26579== 10 bytes in 1 blocks are possibly lost in loss record 39 of 777
==26579==    at 0x4848899: malloc (in /usr/libexec/valgrind/vgpreload_memcheck-amd64-linux.so)
==26579==    by 0x1EB5FF: Perl_safesysmalloc (in /usr/bin/perl)
==26579==    by 0x218487: Perl_sv_grow (in /usr/bin/perl)
==26579==    by 0x22B8D8: Perl_sv_setpv_bufsize (in /usr/bin/perl)
==26579==    by 0x1F53A7: Perl_magic_get (in /usr/bin/perl)
==26579== 
==26579== 10 bytes in 5 blocks are possibly lost in loss record 40 of 777
==26579==    at 0x4848899: malloc (in /usr/libexec/valgrind/vgpreload_memcheck-amd64-linux.so)
==26579==    by 0x1EB5FF: Perl_safesysmalloc (in /usr/bin/perl)
==26579==    by 0x1B3552: ??? (in /usr/bin/perl)
==26579==    by 0x2DD8B0: ??? (in /usr/bin/perl)
==26579==    by 0x2E6098: ??? (in /usr/bin/perl)
==26579== 
==26579== 10 bytes in 1 blocks are definitely lost in loss record 41 of 777
==26579==    at 0x4848899: malloc (in /usr/libexec/valgrind/vgpreload_memcheck-amd64-linux.so)
==26579==    by 0x1EB5FF: Perl_safesysmalloc (in /usr/bin/perl)
==26579==    by 0x218487: Perl_sv_grow (in /usr/bin/perl)
==26579==    by 0x22B8D8: Perl_sv_setpv_bufsize (in /usr/bin/perl)
==26579==    by 0x178564: perl_construct (in /usr/bin/perl)
==26579== 
==26579== 10 bytes in 1 blocks are definitely lost in loss record 42 of 777
==26579==    at 0x4848899: malloc (in /usr/libexec/valgrind/vgpreload_memcheck-amd64-linux.so)
==26579==    by 0x1EB5FF: Perl_safesysmalloc (in /usr/bin/perl)
==26579==    by 0x218487: Perl_sv_grow (in /usr/bin/perl)
==26579==    by 0x22B8D8: Perl_sv_setpv_bufsize (in /usr/bin/perl)
==26579==    by 0x178577: perl_construct (in /usr/bin/perl)
==26579== 
==26579== 10 bytes in 1 blocks are definitely lost in loss record 43 of 777
==26579==    at 0x4848899: malloc (in /usr/libexec/valgrind/vgpreload_memcheck-amd64-linux.so)
==26579==    by 0x1EB5FF: Perl_safesysmalloc (in /usr/bin/perl)
==26579==    by 0x218487: Perl_sv_grow (in /usr/bin/perl)
==26579==    by 0x22B8D8: Perl_sv_setpv_bufsize (in /usr/bin/perl)
==26579==    by 0x17858A: perl_construct (in /usr/bin/perl)
==26579== 
==26579== 12 bytes in 2 blocks are possibly lost in loss record 44 of 777
==26579==    at 0x484DA83: calloc (in /usr/libexec/valgrind/vgpreload_memcheck-amd64-linux.so)
==26579==    by 0x2DF5D4: ??? (in /usr/bin/perl)
==26579==    by 0x2E6098: ??? (in /usr/bin/perl)
==26579==    by 0x1B730C: Perl_re_op_compile (in /usr/bin/perl)
==26579==    by 0x15E2A9: Perl_pmruntime (in /usr/bin/perl)
==26579== 
==26579== 12 bytes in 1 blocks are definitely lost in loss record 45 of 777
==26579==    at 0x4848899: malloc (in /usr/libexec/valgrind/vgpreload_memcheck-amd64-linux.so)
==26579==    by 0x1EB5FF: Perl_safesysmalloc (in /usr/bin/perl)
==26579==    by 0x2B9A29: ??? (in /usr/bin/perl)
==26579==    by 0x2BAFB3: Perl_init_i18nl10n (in /usr/bin/perl)
==26579==    by 0x152887: main (in /usr/bin/perl)
==26579== 
==26579== 12 bytes in 1 blocks are definitely lost in loss record 46 of 777
==26579==    at 0x4848899: malloc (in /usr/libexec/valgrind/vgpreload_memcheck-amd64-linux.so)
==26579==    by 0x1EB5FF: Perl_safesysmalloc (in /usr/bin/perl)
==26579==    by 0x2B7F27: ??? (in /usr/bin/perl)
==26579==    by 0x2BAFC6: Perl_init_i18nl10n (in /usr/bin/perl)
==26579==    by 0x152887: main (in /usr/bin/perl)
==26579== 
==26579== 13 bytes in 1 blocks are possibly lost in loss record 47 of 777
==26579==    at 0x4848899: malloc (in /usr/libexec/valgrind/vgpreload_memcheck-amd64-linux.so)
==26579==    by 0x1EB5FF: Perl_safesysmalloc (in /usr/bin/perl)
==26579==    by 0x218487: Perl_sv_grow (in /usr/bin/perl)
==26579==    by 0x22BA87: Perl_sv_setpvn (in /usr/bin/perl)
==26579==    by 0x187BA7: Perl_gv_autoload_pvn (in /usr/bin/perl)
==26579== 
==26579== 13 bytes in 7 blocks are possibly lost in loss record 48 of 777
==26579==    at 0x4848899: malloc (in /usr/libexec/valgrind/vgpreload_memcheck-amd64-linux.so)
==26579==    by 0x156BC0: ??? (in /usr/bin/perl)
==26579==    by 0x1578D0: ??? (in /usr/bin/perl)
==26579==    by 0x15784F: ??? (in /usr/bin/perl)
==26579==    by 0x158D6A: ??? (in /usr/bin/perl)
==26579== 
==26579== 16 bytes in 1 blocks are possibly lost in loss record 49 of 777
==26579==    at 0x4848899: malloc (in /usr/libexec/valgrind/vgpreload_memcheck-amd64-linux.so)
==26579==    by 0x1A97B3: Perl_pad_new (in /usr/bin/perl)
==26579==    by 0x184F30: perl_parse (in /usr/bin/perl)
==26579==    by 0x1528B4: main (in /usr/bin/perl)
==26579== 
==26579== 16 bytes in 1 blocks are possibly lost in loss record 50 of 777
==26579==    at 0x4848899: malloc (in /usr/libexec/valgrind/vgpreload_memcheck-amd64-linux.so)
==26579==    by 0x1A97B3: Perl_pad_new (in /usr/bin/perl)
==26579==    by 0x25DB79: ??? (in /usr/bin/perl)
==26579==    by 0x261B61: Perl_pp_entereval (in /usr/bin/perl)
==26579==    by 0x203F55: Perl_runops_standard (in /usr/bin/perl)
==26579== 
==26579== 16 bytes in 1 blocks are possibly lost in loss record 51 of 777
==26579==    at 0x484DCD3: realloc (in /usr/libexec/valgrind/vgpreload_memcheck-amd64-linux.so)
==26579==    by 0x1EB7BD: Perl_safesysrealloc (in /usr/bin/perl)
==26579==    by 0x21842B: Perl_sv_grow (in /usr/bin/perl)
==26579==    by 0x22DDF9: Perl_sv_catpvn_flags (in /usr/bin/perl)
==26579==    by 0x21E6B5: Perl_pp_subst (in /usr/bin/perl)
==26579== 
==26579== 16 bytes in 1 blocks are possibly lost in loss record 52 of 777
==26579==    at 0x4848899: malloc (in /usr/libexec/valgrind/vgpreload_memcheck-amd64-linux.so)
==26579==    by 0x1EB5FF: Perl_safesysmalloc (in /usr/bin/perl)
==26579==    by 0x218487: Perl_sv_grow (in /usr/bin/perl)
==26579==    by 0x2454A6: Perl_pp_quotemeta (in /usr/bin/perl)
==26579==    by 0x203F55: Perl_runops_standard (in /usr/bin/perl)
==26579== 
==26579== 17 bytes in 1 blocks are possibly lost in loss record 53 of 777
==26579==    at 0x4848899: malloc (in /usr/libexec/valgrind/vgpreload_memcheck-amd64-linux.so)
==26579==    by 0x1EB5FF: Perl_safesysmalloc (in /usr/bin/perl)
==26579==    by 0x218487: Perl_sv_grow (in /usr/bin/perl)
==26579==    by 0x22BA87: Perl_sv_setpvn (in /usr/bin/perl)
==26579==    by 0x1F7F40: Perl_magic_getsubstr (in /usr/bin/perl)
==26579== 
==26579== 18 bytes in 1 blocks are possibly lost in loss record 54 of 777
==26579==    at 0x4848899: malloc (in /usr/libexec/valgrind/vgpreload_memcheck-amd64-linux.so)
==26579==    by 0x1EB5FF: Perl_safesysmalloc (in /usr/bin/perl)
==26579==    by 0x218487: Perl_sv_grow (in /usr/bin/perl)
==26579==    by 0x22C29D: Perl_sv_setpv (in /usr/bin/perl)
==26579==    by 0x1F50FD: Perl_sv_string_from_errnum (in /usr/bin/perl)
==26579== 
==26579== 20 bytes in 1 blocks are possibly lost in loss record 55 of 777
==26579==    at 0x484DA83: calloc (in /usr/libexec/valgrind/vgpreload_memcheck-amd64-linux.so)
==26579==    by 0x1B79DA: Perl_re_op_compile (in /usr/bin/perl)
==26579==    by 0x15E2A9: Perl_pmruntime (in /usr/bin/perl)
==26579==    by 0x1ACACA: Perl_yyparse (in /usr/bin/perl)
==26579==    by 0x25DF6A: ??? (in /usr/bin/perl)
==26579== 
==26579== 20 bytes in 2 blocks are possibly lost in loss record 56 of 777
==26579==    at 0x4848899: malloc (in /usr/libexec/valgrind/vgpreload_memcheck-amd64-linux.so)
==26579==    by 0x1EB5FF: Perl_safesysmalloc (in /usr/bin/perl)
==26579==    by 0x218487: Perl_sv_grow (in /usr/bin/perl)
==26579==    by 0x22BA87: Perl_sv_setpvn (in /usr/bin/perl)
==26579==    by 0x22C06C: Perl_newSVpvn (in /usr/bin/perl)
==26579== 
==26579== 20 bytes in 2 blocks are possibly lost in loss record 57 of 777
==26579==    at 0x4848899: malloc (in /usr/libexec/valgrind/vgpreload_memcheck-amd64-linux.so)
==26579==    by 0x1EB5FF: Perl_safesysmalloc (in /usr/bin/perl)
==26579==    by 0x218487: Perl_sv_grow (in /usr/bin/perl)
==26579==    by 0x21B902: Perl_sv_2pv_flags (in /usr/bin/perl)
==26579==    by 0x20E8FB: Perl_pp_multiconcat (in /usr/bin/perl)
==26579== 
==26579== 20 bytes in 2 blocks are possibly lost in loss record 58 of 777
==26579==    at 0x4848899: malloc (in /usr/libexec/valgrind/vgpreload_memcheck-amd64-linux.so)
==26579==    by 0x1EB5FF: Perl_safesysmalloc (in /usr/bin/perl)
==26579==    by 0x218487: Perl_sv_grow (in /usr/bin/perl)
==26579==    by 0x21B902: Perl_sv_2pv_flags (in /usr/bin/perl)
==26579==    by 0x20E499: ??? (in /usr/bin/perl)
==26579== 
==26579== 20 bytes in 2 blocks are possibly lost in loss record 59 of 777
==26579==    at 0x4848899: malloc (in /usr/libexec/valgrind/vgpreload_memcheck-amd64-linux.so)
==26579==    by 0x1EB5FF: Perl_safesysmalloc (in /usr/bin/perl)
==26579==    by 0x218487: Perl_sv_grow (in /usr/bin/perl)
==26579==    by 0x22A994: Perl_sv_setsv_flags (in /usr/bin/perl)
==26579==    by 0x20AE0B: Perl_av_make (in /usr/bin/perl)
==26579== 
==26579== 21 bytes in 1 blocks are possibly lost in loss record 60 of 777
==26579==    at 0x4848899: malloc (in /usr/libexec/valgrind/vgpreload_memcheck-amd64-linux.so)
==26579==    by 0x1EB5FF: Perl_safesysmalloc (in /usr/bin/perl)
==26579==    by 0x218487: Perl_sv_grow (in /usr/bin/perl)
==26579==    by 0x22C29D: Perl_sv_setpv (in /usr/bin/perl)
==26579==    by 0x22C345: Perl_sv_setpv_mg (in /usr/bin/perl)
==26579== 
==26579== 24 bytes in 1 blocks are possibly lost in loss record 61 of 777
==26579==    at 0x484DA83: calloc (in /usr/libexec/valgrind/vgpreload_memcheck-amd64-linux.so)
==26579==    by 0x1A949E: Perl_pad_new (in /usr/bin/perl)
==26579==    by 0x184F30: perl_parse (in /usr/bin/perl)
==26579==    by 0x1528B4: main (in /usr/bin/perl)
==26579== 
==26579== 24 bytes in 1 blocks are possibly lost in loss record 62 of 777
==26579==    at 0x484DCD3: realloc (in /usr/libexec/valgrind/vgpreload_memcheck-amd64-linux.so)
==26579==    by 0x2E96E6: ??? (in /usr/bin/perl)
==26579==    by 0x152D92: Perl_Slab_Free (in /usr/bin/perl)
==26579==    by 0x173EEB: ??? (in /usr/bin/perl)
==26579==    by 0x1571FF: ??? (in /usr/bin/perl)
==26579== 
==26579== 24 bytes in 1 blocks are possibly lost in loss record 63 of 777
==26579==    at 0x484DA83: calloc (in /usr/libexec/valgrind/vgpreload_memcheck-amd64-linux.so)
==26579==    by 0x1A949E: Perl_pad_new (in /usr/bin/perl)
==26579==    by 0x25DB79: ??? (in /usr/bin/perl)
==26579==    by 0x261B61: Perl_pp_entereval (in /usr/bin/perl)
==26579==    by 0x203F55: Perl_runops_standard (in /usr/bin/perl)
==26579== 
==26579== 24 bytes in 1 blocks are possibly lost in loss record 64 of 777
==26579==    at 0x484DCD3: realloc (in /usr/libexec/valgrind/vgpreload_memcheck-amd64-linux.so)
==26579==    by 0x2E96E6: ??? (in /usr/bin/perl)
==26579==    by 0x152D92: Perl_Slab_Free (in /usr/bin/perl)
==26579==    by 0x173EEB: ??? (in /usr/bin/perl)
==26579==    by 0x2AA15C: ??? (in /usr/bin/perl)
==26579== 
==26579== 24 bytes in 1 blocks are possibly lost in loss record 65 of 777
==26579==    at 0x484DCD3: realloc (in /usr/libexec/valgrind/vgpreload_memcheck-amd64-linux.so)
==26579==    by 0x2E96E6: ??? (in /usr/bin/perl)
==26579==    by 0x152D92: Perl_Slab_Free (in /usr/bin/perl)
==26579==    by 0x173EEB: ??? (in /usr/bin/perl)
==26579==    by 0x171E8B: ??? (in /usr/bin/perl)
==26579== 
==26579== 24 bytes in 1 blocks are possibly lost in loss record 66 of 777
==26579==    at 0x4848899: malloc (in /usr/libexec/valgrind/vgpreload_memcheck-amd64-linux.so)
==26579==    by 0x1EB5FF: Perl_safesysmalloc (in /usr/bin/perl)
==26579==    by 0x1D9F05: Perl_reg_temp_copy (in /usr/bin/perl)
==26579==    by 0x253EC0: Perl_pp_regcomp (in /usr/bin/perl)
==26579==    by 0x203F55: Perl_runops_standard (in /usr/bin/perl)
==26579== 
==26579== 24 bytes in 1 blocks are possibly lost in loss record 67 of 777
==26579==    at 0x484DCD3: realloc (in /usr/libexec/valgrind/vgpreload_memcheck-amd64-linux.so)
==26579==    by 0x2E96E6: ??? (in /usr/bin/perl)
==26579==    by 0x152D92: Perl_Slab_Free (in /usr/bin/perl)
==26579==    by 0x173EEB: ??? (in /usr/bin/perl)
==26579==    by 0x16FB49: Perl_ck_split (in /usr/bin/perl)
==26579== 
==26579== 24 bytes in 1 blocks are possibly lost in loss record 68 of 777
==26579==    at 0x484DCD3: realloc (in /usr/libexec/valgrind/vgpreload_memcheck-amd64-linux.so)
==26579==    by 0x2E96E6: ??? (in /usr/bin/perl)
==26579==    by 0x152D92: Perl_Slab_Free (in /usr/bin/perl)
==26579==    by 0x16475C: Perl_newFOROP (in /usr/bin/perl)
==26579==    by 0x1AB0E3: Perl_yyparse (in /usr/bin/perl)
==26579== 
==26579== 24 bytes in 1 blocks are possibly lost in loss record 69 of 777
==26579==    at 0x484DA83: calloc (in /usr/libexec/valgrind/vgpreload_memcheck-amd64-linux.so)
==26579==    by 0x1B7951: Perl_re_op_compile (in /usr/bin/perl)
==26579==    by 0x15E2A9: Perl_pmruntime (in /usr/bin/perl)
==26579==    by 0x1ACACA: Perl_yyparse (in /usr/bin/perl)
==26579==    by 0x25DF6A: ??? (in /usr/bin/perl)
==26579== 
==26579== 24 bytes in 1 blocks are possibly lost in loss record 70 of 777
==26579==    at 0x484DCD3: realloc (in /usr/libexec/valgrind/vgpreload_memcheck-amd64-linux.so)
==26579==    by 0x2E96E6: ??? (in /usr/bin/perl)
==26579==    by 0x152D92: Perl_Slab_Free (in /usr/bin/perl)
==26579==    by 0x173EEB: ??? (in /usr/bin/perl)
==26579==    by 0x16E8D7: Perl_ck_method (in /usr/bin/perl)
==26579== 
==26579== 24 bytes in 1 blocks are possibly lost in loss record 71 of 777
==26579==    at 0x484DA83: calloc (in /usr/libexec/valgrind/vgpreload_memcheck-amd64-linux.so)
==26579==    by 0x1B7951: Perl_re_op_compile (in /usr/bin/perl)
==26579==    by 0x15E2A9: Perl_pmruntime (in /usr/bin/perl)
==26579==    by 0x1ACACA: Perl_yyparse (in /usr/bin/perl)
==26579==    by 0x18548B: perl_parse (in /usr/bin/perl)
==26579== 
==26579== 24 bytes in 1 blocks are possibly lost in loss record 72 of 777
==26579==    at 0x484DCD3: realloc (in /usr/libexec/valgrind/vgpreload_memcheck-amd64-linux.so)
==26579==    by 0x1EB7BD: Perl_safesysrealloc (in /usr/bin/perl)
==26579==    by 0x21842B: Perl_sv_grow (in /usr/bin/perl)
==26579==    by 0x22A994: Perl_sv_setsv_flags (in /usr/bin/perl)
==26579==    by 0x2119DE: Perl_pp_aassign (in /usr/bin/perl)
==26579== 
==26579== 24 bytes in 1 blocks are possibly lost in loss record 73 of 777
==26579==    at 0x484DCD3: realloc (in /usr/libexec/valgrind/vgpreload_memcheck-amd64-linux.so)
==26579==    by 0x1EB7BD: Perl_safesysrealloc (in /usr/bin/perl)
==26579==    by 0x21842B: Perl_sv_grow (in /usr/bin/perl)
==26579==    by 0x246A3D: Perl_pp_lc (in /usr/bin/perl)
==26579==    by 0x203F55: Perl_runops_standard (in /usr/bin/perl)
==26579== 
==26579== 24 bytes in 1 blocks are possibly lost in loss record 74 of 777
==26579==    at 0x484DA83: calloc (in /usr/libexec/valgrind/vgpreload_memcheck-amd64-linux.so)
==26579==    by 0x1EC93C: Perl_safesyscalloc (in /usr/bin/perl)
==26579==    by 0x28ADEE: Perl_regexec_flags (in /usr/bin/perl)
==26579==    by 0x2546DC: Perl_pp_substcont (in /usr/bin/perl)
==26579==    by 0x203F55: Perl_runops_standard (in /usr/bin/perl)
==26579== 
==26579== 24 bytes in 3 blocks are possibly lost in loss record 75 of 777
==26579==    at 0x4848899: malloc (in /usr/libexec/valgrind/vgpreload_memcheck-amd64-linux.so)
==26579==    by 0x1EB5FF: Perl_safesysmalloc (in /usr/bin/perl)
==26579==    by 0x21C653: Perl_pp_entersub (in /usr/bin/perl)
==26579==    by 0x17BB0A: Perl_call_sv (in /usr/bin/perl)
==26579==    by 0x1ED2AD: ??? (in /usr/bin/perl)
==26579== 
==26579== 26 bytes in 1 blocks are indirectly lost in loss record 76 of 777
==26579==    at 0x4848899: malloc (in /usr/libexec/valgrind/vgpreload_memcheck-amd64-linux.so)
==26579==    by 0x1EB5FF: Perl_safesysmalloc (in /usr/bin/perl)
==26579==    by 0x1FB4B4: Perl_reentrant_init (in /usr/bin/perl)
==26579==    by 0x17862A: perl_construct (in /usr/bin/perl)
==26579==    by 0x152887: main (in /usr/bin/perl)
==26579== 
==26579== 26 bytes in 1 blocks are indirectly lost in loss record 77 of 777
==26579==    at 0x4848899: malloc (in /usr/libexec/valgrind/vgpreload_memcheck-amd64-linux.so)
==26579==    by 0x1EB5FF: Perl_safesysmalloc (in /usr/bin/perl)
==26579==    by 0x1FB4D7: Perl_reentrant_init (in /usr/bin/perl)
==26579==    by 0x17862A: perl_construct (in /usr/bin/perl)
==26579==    by 0x152887: main (in /usr/bin/perl)
==26579== 
==26579== 30 bytes in 3 blocks are possibly lost in loss record 78 of 777
==26579==    at 0x4848899: malloc (in /usr/libexec/valgrind/vgpreload_memcheck-amd64-linux.so)
==26579==    by 0x1EB5FF: Perl_safesysmalloc (in /usr/bin/perl)
==26579==    by 0x218487: Perl_sv_grow (in /usr/bin/perl)
==26579==    by 0x246A3D: Perl_pp_lc (in /usr/bin/perl)
==26579==    by 0x203F55: Perl_runops_standard (in /usr/bin/perl)
==26579== 
==26579== 30 bytes in 3 blocks are possibly lost in loss record 79 of 777
==26579==    at 0x4848899: malloc (in /usr/libexec/valgrind/vgpreload_memcheck-amd64-linux.so)
==26579==    by 0x1EB5FF: Perl_safesysmalloc (in /usr/bin/perl)
==26579==    by 0x218487: Perl_sv_grow (in /usr/bin/perl)
==26579==    by 0x22BA87: Perl_sv_setpvn (in /usr/bin/perl)
==26579==    by 0x1F68DF: Perl_magic_setsig (in /usr/bin/perl)
==26579== 
==26579== 32 bytes in 1 blocks are possibly lost in loss record 80 of 777
==26579==    at 0x4848899: malloc (in /usr/libexec/valgrind/vgpreload_memcheck-amd64-linux.so)
==26579==    by 0x1EB5FF: Perl_safesysmalloc (in /usr/bin/perl)
==26579==    by 0x205C6B: Perl_av_extend_guts (in /usr/bin/perl)
==26579==    by 0x20C1AD: Perl_av_store (in /usr/bin/perl)
==26579==    by 0x1817F0: Perl_populate_isa (in /usr/bin/perl)
==26579== 
==26579== 32 bytes in 1 blocks are possibly lost in loss record 81 of 777
==26579==    at 0x484DCD3: realloc (in /usr/libexec/valgrind/vgpreload_memcheck-amd64-linux.so)
==26579==    by 0x1EB7BD: Perl_safesysrealloc (in /usr/bin/perl)
==26579==    by 0x21842B: Perl_sv_grow (in /usr/bin/perl)
==26579==    by 0x22DDF9: Perl_sv_catpvn_flags (in /usr/bin/perl)
==26579==    by 0x154246: Perl_op_clear (in /usr/bin/perl)
==26579== 
==26579== 32 bytes in 1 blocks are possibly lost in loss record 82 of 777
==26579==    at 0x484DCD3: realloc (in /usr/libexec/valgrind/vgpreload_memcheck-amd64-linux.so)
==26579==    by 0x1EB7BD: Perl_safesysrealloc (in /usr/bin/perl)
==26579==    by 0x205CC2: Perl_av_extend_guts (in /usr/bin/perl)
==26579==    by 0x20C1AD: Perl_av_store (in /usr/bin/perl)
==26579==    by 0x16705A: ??? (in /usr/bin/perl)
==26579== 
==26579== 32 bytes in 1 blocks are possibly lost in loss record 83 of 777
==26579==    at 0x484DCD3: realloc (in /usr/libexec/valgrind/vgpreload_memcheck-amd64-linux.so)
==26579==    by 0x2E96E6: ??? (in /usr/bin/perl)
==26579==    by 0x152D3B: Perl_Slab_Alloc (in /usr/bin/perl)
==26579==    by 0x15D6F0: Perl_newPMOP (in /usr/bin/perl)
==26579==    by 0x2EC6AD: ??? (in /usr/bin/perl)
==26579== 
==26579== 32 bytes in 1 blocks are possibly lost in loss record 84 of 777
==26579==    at 0x484DCD3: realloc (in /usr/libexec/valgrind/vgpreload_memcheck-amd64-linux.so)
==26579==    by 0x1EB7BD: Perl_safesysrealloc (in /usr/bin/perl)
==26579==    by 0x1B34C4: ??? (in /usr/bin/perl)
==26579==    by 0x1D15DF: ??? (in /usr/bin/perl)
==26579==    by 0x1D4686: ??? (in /usr/bin/perl)
==26579== 
==26579== 32 bytes in 1 blocks are possibly lost in loss record 85 of 777
==26579==    at 0x484DA83: calloc (in /usr/libexec/valgrind/vgpreload_memcheck-amd64-linux.so)
==26579==    by 0x2DD9BB: ??? (in /usr/bin/perl)
==26579==    by 0x2E6098: ??? (in /usr/bin/perl)
==26579==    by 0x2E2B3A: ??? (in /usr/bin/perl)
==26579==    by 0x1B730C: Perl_re_op_compile (in /usr/bin/perl)
==26579== 
==26579== 32 bytes in 1 blocks are possibly lost in loss record 86 of 777
==26579==    at 0x484DA83: calloc (in /usr/libexec/valgrind/vgpreload_memcheck-amd64-linux.so)
==26579==    by 0x2DD9BB: ??? (in /usr/bin/perl)
==26579==    by 0x2E6098: ??? (in /usr/bin/perl)
==26579==    by 0x1B6A49: Perl_re_op_compile (in /usr/bin/perl)
==26579==    by 0x15E2A9: Perl_pmruntime (in /usr/bin/perl)
==26579== 
==26579== 32 bytes in 1 blocks are possibly lost in loss record 87 of 777
==26579==    at 0x484DCD3: realloc (in /usr/libexec/valgrind/vgpreload_memcheck-amd64-linux.so)
==26579==    by 0x2DFAEC: ??? (in /usr/bin/perl)
==26579==    by 0x2E6098: ??? (in /usr/bin/perl)
==26579==    by 0x1B6A49: Perl_re_op_compile (in /usr/bin/perl)
==26579==    by 0x15E2A9: Perl_pmruntime (in /usr/bin/perl)
==26579== 
==26579== 32 bytes in 1 blocks are possibly lost in loss record 88 of 777
==26579==    at 0x4848899: malloc (in /usr/libexec/valgrind/vgpreload_memcheck-amd64-linux.so)
==26579==    by 0x1EB5FF: Perl_safesysmalloc (in /usr/bin/perl)
==26579==    by 0x205C6B: Perl_av_extend_guts (in /usr/bin/perl)
==26579==    by 0x20CF69: Perl_av_unshift (in /usr/bin/perl)
==26579==    by 0x1671A4: ??? (in /usr/bin/perl)
==26579== 
==26579== 32 bytes in 1 blocks are possibly lost in loss record 89 of 777
==26579==    at 0x4848899: malloc (in /usr/libexec/valgrind/vgpreload_memcheck-amd64-linux.so)
==26579==    by 0x171DBF: ??? (in /usr/bin/perl)
==26579==    by 0x174A5C: Perl_rpeep (in /usr/bin/perl)
==26579==    by 0x175A72: Perl_rpeep (in /usr/bin/perl)
==26579==    by 0x17448D: Perl_rpeep (in /usr/bin/perl)
==26579== 
==26579== 32 bytes in 1 blocks are possibly lost in loss record 90 of 777
==26579==    at 0x4848899: malloc (in /usr/libexec/valgrind/vgpreload_memcheck-amd64-linux.so)
==26579==    by 0x1EB5FF: Perl_safesysmalloc (in /usr/bin/perl)
==26579==    by 0x205C6B: Perl_av_extend_guts (in /usr/bin/perl)
==26579==    by 0x217EB5: Perl_clear_defarray (in /usr/bin/perl)
==26579==    by 0x2180E1: Perl_pp_leavesub (in /usr/bin/perl)
==26579== 
==26579== 32 bytes in 1 blocks are possibly lost in loss record 91 of 777
==26579==    at 0x484DCD3: realloc (in /usr/libexec/valgrind/vgpreload_memcheck-amd64-linux.so)
==26579==    by 0x1EB7BD: Perl_safesysrealloc (in /usr/bin/perl)
==26579==    by 0x21842B: Perl_sv_grow (in /usr/bin/perl)
==26579==    by 0x21BBC9: Perl_sv_2pv_flags (in /usr/bin/perl)
==26579==    by 0x213544: Perl_pp_match (in /usr/bin/perl)
==26579== 
==26579== 32 bytes in 1 blocks are possibly lost in loss record 92 of 777
==26579==    at 0x484DA83: calloc (in /usr/libexec/valgrind/vgpreload_memcheck-amd64-linux.so)
==26579==    by 0x2DD9BB: ??? (in /usr/bin/perl)
==26579==    by 0x2E6098: ??? (in /usr/bin/perl)
==26579==    by 0x2E36B9: ??? (in /usr/bin/perl)
==26579==    by 0x1B730C: Perl_re_op_compile (in /usr/bin/perl)
==26579== 
==26579== 32 bytes in 1 blocks are possibly lost in loss record 93 of 777
==26579==    at 0x484DCD3: realloc (in /usr/libexec/valgrind/vgpreload_memcheck-amd64-linux.so)
==26579==    by 0x2DFAEC: ??? (in /usr/bin/perl)
==26579==    by 0x2E6098: ??? (in /usr/bin/perl)
==26579==    by 0x2E36B9: ??? (in /usr/bin/perl)
==26579==    by 0x1B730C: Perl_re_op_compile (in /usr/bin/perl)
==26579== 
==26579== 32 bytes in 1 blocks are possibly lost in loss record 94 of 777
==26579==    at 0x484DA83: calloc (in /usr/libexec/valgrind/vgpreload_memcheck-amd64-linux.so)
==26579==    by 0x2DD9BB: ??? (in /usr/bin/perl)
==26579==    by 0x2E6098: ??? (in /usr/bin/perl)
==26579==    by 0x1B730C: Perl_re_op_compile (in /usr/bin/perl)
==26579==    by 0x253E5D: Perl_pp_regcomp (in /usr/bin/perl)
==26579== 
==26579== 32 bytes in 1 blocks are possibly lost in loss record 95 of 777
==26579==    at 0x484DCD3: realloc (in /usr/libexec/valgrind/vgpreload_memcheck-amd64-linux.so)
==26579==    by 0x2DFAEC: ??? (in /usr/bin/perl)
==26579==    by 0x2E6098: ??? (in /usr/bin/perl)
==26579==    by 0x1B730C: Perl_re_op_compile (in /usr/bin/perl)
==26579==    by 0x253E5D: Perl_pp_regcomp (in /usr/bin/perl)
==26579== 
==26579== 32 bytes in 2 blocks are possibly lost in loss record 96 of 777
==26579==    at 0x484DA83: calloc (in /usr/libexec/valgrind/vgpreload_memcheck-amd64-linux.so)
==26579==    by 0x2E973E: ??? (in /usr/bin/perl)
==26579==    by 0x152D92: Perl_Slab_Free (in /usr/bin/perl)
==26579==    by 0x173EEB: ??? (in /usr/bin/perl)
==26579==    by 0x171E8B: ??? (in /usr/bin/perl)
==26579== 
==26579== 32 bytes in 2 blocks are possibly lost in loss record 97 of 777
==26579==    at 0x484DA83: calloc (in /usr/libexec/valgrind/vgpreload_memcheck-amd64-linux.so)
==26579==    by 0x2E973E: ??? (in /usr/bin/perl)
==26579==    by 0x152D92: Perl_Slab_Free (in /usr/bin/perl)
==26579==    by 0x173EEB: ??? (in /usr/bin/perl)
==26579==    by 0x171608: ??? (in /usr/bin/perl)
==26579== 
==26579== 32 bytes in 3 blocks are possibly lost in loss record 98 of 777
==26579==    at 0x4848899: malloc (in /usr/libexec/valgrind/vgpreload_memcheck-amd64-linux.so)
==26579==    by 0x1EB5FF: Perl_safesysmalloc (in /usr/bin/perl)
==26579==    by 0x21C653: Perl_pp_entersub (in /usr/bin/perl)
==26579==    by 0x17BB0A: Perl_call_sv (in /usr/bin/perl)
==26579==    by 0x2682AF: Perl_pp_tie (in /usr/bin/perl)
==26579== 
==26579== 32 bytes in 4 blocks are possibly lost in loss record 99 of 777
==26579==    at 0x484DA83: calloc (in /usr/libexec/valgrind/vgpreload_memcheck-amd64-linux.so)
==26579==    by 0x1EC93C: Perl_safesyscalloc (in /usr/bin/perl)
==26579==    by 0x1A976A: Perl_pad_new (in /usr/bin/perl)
==26579==    by 0x1A9A0E: Perl_start_subparse (in /usr/bin/perl)
==26579==    by 0x1AB57E: Perl_yyparse (in /usr/bin/perl)
==26579== 
==26579== 34 bytes in 2 blocks are possibly lost in loss record 100 of 777
==26579==    at 0x4848899: malloc (in /usr/libexec/valgrind/vgpreload_memcheck-amd64-linux.so)
==26579==    by 0x1EB5FF: Perl_safesysmalloc (in /usr/bin/perl)
==26579==    by 0x218487: Perl_sv_grow (in /usr/bin/perl)
==26579==    by 0x2200BB: Perl_newSV (in /usr/bin/perl)
==26579==    by 0x1F2245: Perl_my_cxt_init (in /usr/bin/perl)
==26579== 
==26579== 36 bytes in 1 blocks are possibly lost in loss record 101 of 777
==26579==    at 0x484DA83: calloc (in /usr/libexec/valgrind/vgpreload_memcheck-amd64-linux.so)
==26579==    by 0x2DD9D0: ??? (in /usr/bin/perl)
==26579==    by 0x2E6098: ??? (in /usr/bin/perl)
==26579==    by 0x1B6A49: Perl_re_op_compile (in /usr/bin/perl)
==26579==    by 0x15E2A9: Perl_pmruntime (in /usr/bin/perl)
==26579== 
==26579== 36 bytes in 3 blocks are possibly lost in loss record 102 of 777
==26579==    at 0x4848899: malloc (in /usr/libexec/valgrind/vgpreload_memcheck-amd64-linux.so)
==26579==    by 0x1EB5FF: Perl_safesysmalloc (in /usr/bin/perl)
==26579==    by 0x218487: Perl_sv_grow (in /usr/bin/perl)
==26579==    by 0x22BA87: Perl_sv_setpvn (in /usr/bin/perl)
==26579==    by 0x1817E2: Perl_populate_isa (in /usr/bin/perl)
==26579== 
==26579== 37 bytes in 1 blocks are possibly lost in loss record 103 of 777
==26579==    at 0x4848899: malloc (in /usr/libexec/valgrind/vgpreload_memcheck-amd64-linux.so)
==26579==    by 0x1EB5FF: Perl_safesysmalloc (in /usr/bin/perl)
==26579==    by 0x20549A: ??? (in /usr/bin/perl)
==26579==    by 0x205911: Perl_share_hek (in /usr/bin/perl)
==26579==    by 0x18BFB6: Perl_gv_name_set (in /usr/bin/perl)
==26579== 
==26579== 40 bytes in 1 blocks are possibly lost in loss record 104 of 777
==26579==    at 0x4848899: malloc (in /usr/libexec/valgrind/vgpreload_memcheck-amd64-linux.so)
==26579==    by 0x1A9744: Perl_pad_new (in /usr/bin/perl)
==26579==    by 0x184F30: perl_parse (in /usr/bin/perl)
==26579==    by 0x1528B4: main (in /usr/bin/perl)
==26579== 
==26579== 40 bytes in 1 blocks are possibly lost in loss record 105 of 777
==26579==    at 0x4848899: malloc (in /usr/libexec/valgrind/vgpreload_memcheck-amd64-linux.so)
==26579==    by 0x1A9744: Perl_pad_new (in /usr/bin/perl)
==26579==    by 0x25DB79: ??? (in /usr/bin/perl)
==26579==    by 0x261B61: Perl_pp_entereval (in /usr/bin/perl)
==26579==    by 0x203F55: Perl_runops_standard (in /usr/bin/perl)
==26579== 
==26579== 40 bytes in 1 blocks are possibly lost in loss record 106 of 777
==26579==    at 0x484DA83: calloc (in /usr/libexec/valgrind/vgpreload_memcheck-amd64-linux.so)
==26579==    by 0x1B78F1: Perl_re_op_compile (in /usr/bin/perl)
==26579==    by 0x15E2A9: Perl_pmruntime (in /usr/bin/perl)
==26579==    by 0x1ACACA: Perl_yyparse (in /usr/bin/perl)
==26579==    by 0x18548B: perl_parse (in /usr/bin/perl)
==26579== 
==26579== 40 bytes in 1 blocks are possibly lost in loss record 107 of 777
==26579==    at 0x484DCD3: realloc (in /usr/libexec/valgrind/vgpreload_memcheck-amd64-linux.so)
==26579==    by 0x1EB7BD: Perl_safesysrealloc (in /usr/bin/perl)
==26579==    by 0x21842B: Perl_sv_grow (in /usr/bin/perl)
==26579==    by 0x22EBAD: Perl_sv_gets (in /usr/bin/perl)
==26579==    by 0x265FF3: Perl_pp_backtick (in /usr/bin/perl)
==26579== 
==26579== 40 bytes in 1 blocks are possibly lost in loss record 108 of 777
==26579==    at 0x484DCD3: realloc (in /usr/libexec/valgrind/vgpreload_memcheck-amd64-linux.so)
==26579==    by 0x1EB7BD: Perl_safesysrealloc (in /usr/bin/perl)
==26579==    by 0x21842B: Perl_sv_grow (in /usr/bin/perl)
==26579==    by 0x22BA87: Perl_sv_setpvn (in /usr/bin/perl)
==26579==    by 0x2438AA: Perl_pp_substr (in /usr/bin/perl)
==26579== 
==26579== 40 bytes in 2 blocks are possibly lost in loss record 109 of 777
==26579==    at 0x484DCD3: realloc (in /usr/libexec/valgrind/vgpreload_memcheck-amd64-linux.so)
==26579==    by 0x1EB7BD: Perl_safesysrealloc (in /usr/bin/perl)
==26579==    by 0x21842B: Perl_sv_grow (in /usr/bin/perl)
==26579==    by 0x22BA87: Perl_sv_setpvn (in /usr/bin/perl)
==26579==    by 0x1B8D07: Perl_reg_numbered_buff_fetch (in /usr/bin/perl)
==26579== 
==26579== 40 bytes in 4 blocks are possibly lost in loss record 110 of 777
==26579==    at 0x4848899: malloc (in /usr/libexec/valgrind/vgpreload_memcheck-amd64-linux.so)
==26579==    by 0x1EB5FF: Perl_safesysmalloc (in /usr/bin/perl)
==26579==    by 0x218487: Perl_sv_grow (in /usr/bin/perl)
==26579==    by 0x22A994: Perl_sv_setsv_flags (in /usr/bin/perl)
==26579==    by 0x211E7E: Perl_pp_aassign (in /usr/bin/perl)
==26579== 
==26579== 40 bytes in 1 blocks are definitely lost in loss record 111 of 777
==26579==    at 0x4848899: malloc (in /usr/libexec/valgrind/vgpreload_memcheck-amd64-linux.so)
==26579==    by 0x1EB5FF: Perl_safesysmalloc (in /usr/bin/perl)
==26579==    by 0x1EFEC1: Perl_find_script (in /usr/bin/perl)
==26579==    by 0x185BD9: perl_parse (in /usr/bin/perl)
==26579==    by 0x1528B4: main (in /usr/bin/perl)
==26579== 
==26579== 41 bytes in 1 blocks are possibly lost in loss record 112 of 777
==26579==    at 0x4848899: malloc (in /usr/libexec/valgrind/vgpreload_memcheck-amd64-linux.so)
==26579==    by 0x1EB5FF: Perl_safesysmalloc (in /usr/bin/perl)
==26579==    by 0x218487: Perl_sv_grow (in /usr/bin/perl)
==26579==    by 0x22BA87: Perl_sv_setpvn (in /usr/bin/perl)
==26579==    by 0x2C735F: Perl_set_caret_X (in /usr/bin/perl)
==26579== 
==26579== 41 bytes in 1 blocks are possibly lost in loss record 113 of 777
==26579==    at 0x4848899: malloc (in /usr/libexec/valgrind/vgpreload_memcheck-amd64-linux.so)
==26579==    by 0x1EB5FF: Perl_safesysmalloc (in /usr/bin/perl)
==26579==    by 0x218487: Perl_sv_grow (in /usr/bin/perl)
==26579==    by 0x22C29D: Perl_sv_setpv (in /usr/bin/perl)
==26579==    by 0x181CA2: ??? (in /usr/bin/perl)
==26579== 
==26579== 44 bytes in 1 blocks are possibly lost in loss record 114 of 777
==26579==    at 0x4848899: malloc (in /usr/libexec/valgrind/vgpreload_memcheck-amd64-linux.so)
==26579==    by 0x1EB5FF: Perl_safesysmalloc (in /usr/bin/perl)
==26579==    by 0x20549A: ??? (in /usr/bin/perl)
==26579==    by 0x207845: Perl_hv_common (in /usr/bin/perl)
==26579==    by 0x1FC1C4: ??? (in /usr/bin/perl)
==26579== 
==26579== 44 bytes in 1 blocks are possibly lost in loss record 115 of 777
==26579==    at 0x484DA83: calloc (in /usr/libexec/valgrind/vgpreload_memcheck-amd64-linux.so)
==26579==    by 0x1EC93C: Perl_safesyscalloc (in /usr/bin/perl)
==26579==    by 0x1B2E2E: Perl_pad_add_weakref (in /usr/bin/perl)
==26579==    by 0x168CFA: Perl_newATTRSUB_x (in /usr/bin/perl)
==26579==    by 0x1ADB98: Perl_yyparse (in /usr/bin/perl)
==26579== 
==26579== 45 bytes in 5 blocks are possibly lost in loss record 116 of 777
==26579==    at 0x4848899: malloc (in /usr/libexec/valgrind/vgpreload_memcheck-amd64-linux.so)
==26579==    by 0x161D75: Perl_newSTATEOP (in /usr/bin/perl)
==26579==    by 0x1AA880: Perl_yyparse (in /usr/bin/perl)
==26579==    by 0x25DF6A: ??? (in /usr/bin/perl)
==26579==    by 0x261B61: Perl_pp_entereval (in /usr/bin/perl)
==26579== 
==26579== 48 bytes in 1 blocks are possibly lost in loss record 117 of 777
==26579==    at 0x484DA83: calloc (in /usr/libexec/valgrind/vgpreload_memcheck-amd64-linux.so)
==26579==    by 0x220C8D: Perl_sv_magicext (in /usr/bin/perl)
==26579==    by 0x2234A9: Perl_sv_magic (in /usr/bin/perl)
==26579==    by 0x17FB93: Perl_gv_fetchpvn_flags (in /usr/bin/perl)
==26579==    by 0x1843BC: perl_parse (in /usr/bin/perl)
==26579== 
==26579== 48 bytes in 1 blocks are possibly lost in loss record 118 of 777
==26579==    at 0x484DA83: calloc (in /usr/libexec/valgrind/vgpreload_memcheck-amd64-linux.so)
==26579==    by 0x220C8D: Perl_sv_magicext (in /usr/bin/perl)
==26579==    by 0x2234A9: Perl_sv_magic (in /usr/bin/perl)
==26579==    by 0x17FB93: Perl_gv_fetchpvn_flags (in /usr/bin/perl)
==26579==    by 0x1845DA: perl_parse (in /usr/bin/perl)
==26579== 
==26579== 48 bytes in 1 blocks are possibly lost in loss record 119 of 777
==26579==    at 0x484DA83: calloc (in /usr/libexec/valgrind/vgpreload_memcheck-amd64-linux.so)
==26579==    by 0x220C8D: Perl_sv_magicext (in /usr/bin/perl)
==26579==    by 0x220EFF: Perl_sv_add_backref (in /usr/bin/perl)
==26579==    by 0x16762D: Perl_newXS_len_flags (in /usr/bin/perl)
==26579==    by 0x2AF0ED: Perl_boot_core_PerlIO (in /usr/bin/perl)
==26579== 
==26579== 48 bytes in 1 blocks are possibly lost in loss record 120 of 777
==26579==    at 0x484DA83: calloc (in /usr/libexec/valgrind/vgpreload_memcheck-amd64-linux.so)
==26579==    by 0x220C8D: Perl_sv_magicext (in /usr/bin/perl)
==26579==    by 0x220EFF: Perl_sv_add_backref (in /usr/bin/perl)
==26579==    by 0x16762D: Perl_newXS_len_flags (in /usr/bin/perl)
==26579==    by 0x2AF116: Perl_boot_core_PerlIO (in /usr/bin/perl)
==26579== 
==26579== 48 bytes in 1 blocks are possibly lost in loss record 121 of 777
==26579==    at 0x484DA83: calloc (in /usr/libexec/valgrind/vgpreload_memcheck-amd64-linux.so)
==26579==    by 0x220C8D: Perl_sv_magicext (in /usr/bin/perl)
==26579==    by 0x2234A9: Perl_sv_magic (in /usr/bin/perl)
==26579==    by 0x170D5F: Perl_cv_set_call_checker_flags (in /usr/bin/perl)
==26579==    by 0x2AA279: Perl_boot_core_UNIVERSAL (in /usr/bin/perl)
==26579== 
==26579== 48 bytes in 1 blocks are possibly lost in loss record 122 of 777
==26579==    at 0x484DA83: calloc (in /usr/libexec/valgrind/vgpreload_memcheck-amd64-linux.so)
==26579==    by 0x220C8D: Perl_sv_magicext (in /usr/bin/perl)
==26579==    by 0x2234A9: Perl_sv_magic (in /usr/bin/perl)
==26579==    by 0x170D5F: Perl_cv_set_call_checker_flags (in /usr/bin/perl)
==26579==    by 0x2AA28D: Perl_boot_core_UNIVERSAL (in /usr/bin/perl)
==26579== 
==26579== 48 bytes in 1 blocks are possibly lost in loss record 123 of 777
==26579==    at 0x484DA83: calloc (in /usr/libexec/valgrind/vgpreload_memcheck-amd64-linux.so)
==26579==    by 0x220C8D: Perl_sv_magicext (in /usr/bin/perl)
==26579==    by 0x220EFF: Perl_sv_add_backref (in /usr/bin/perl)
==26579==    by 0x16762D: Perl_newXS_len_flags (in /usr/bin/perl)
==26579==    by 0x184FCC: perl_parse (in /usr/bin/perl)
==26579== 
==26579== 48 bytes in 1 blocks are possibly lost in loss record 124 of 777
==26579==    at 0x484DA83: calloc (in /usr/libexec/valgrind/vgpreload_memcheck-amd64-linux.so)
==26579==    by 0x220C8D: Perl_sv_magicext (in /usr/bin/perl)
==26579==    by 0x220EFF: Perl_sv_add_backref (in /usr/bin/perl)
==26579==    by 0x16762D: Perl_newXS_len_flags (in /usr/bin/perl)
==26579==    by 0x184FF7: perl_parse (in /usr/bin/perl)
==26579== 
==26579== 48 bytes in 1 blocks are possibly lost in loss record 125 of 777
==26579==    at 0x484DA83: calloc (in /usr/libexec/valgrind/vgpreload_memcheck-amd64-linux.so)
==26579==    by 0x220C8D: Perl_sv_magicext (in /usr/bin/perl)
==26579==    by 0x220EFF: Perl_sv_add_backref (in /usr/bin/perl)
==26579==    by 0x16762D: Perl_newXS_len_flags (in /usr/bin/perl)
==26579==    by 0x15346D: ??? (in /usr/bin/perl)
==26579== 
==26579== 48 bytes in 1 blocks are possibly lost in loss record 126 of 777
==26579==    at 0x484DA83: calloc (in /usr/libexec/valgrind/vgpreload_memcheck-amd64-linux.so)
==26579==    by 0x220C8D: Perl_sv_magicext (in /usr/bin/perl)
==26579==    by 0x2234A9: Perl_sv_magic (in /usr/bin/perl)
==26579==    by 0x17FB93: Perl_gv_fetchpvn_flags (in /usr/bin/perl)
==26579==    by 0x181C87: ??? (in /usr/bin/perl)
==26579== 
==26579== 48 bytes in 1 blocks are possibly lost in loss record 127 of 777
==26579==    at 0x484DA83: calloc (in /usr/libexec/valgrind/vgpreload_memcheck-amd64-linux.so)
==26579==    by 0x220C8D: Perl_sv_magicext (in /usr/bin/perl)
==26579==    by 0x2234A9: Perl_sv_magic (in /usr/bin/perl)
==26579==    by 0x181D14: ??? (in /usr/bin/perl)
==26579==    by 0x185F6B: perl_parse (in /usr/bin/perl)
==26579== 
==26579== 48 bytes in 1 blocks are possibly lost in loss record 128 of 777
==26579==    at 0x484DA83: calloc (in /usr/libexec/valgrind/vgpreload_memcheck-amd64-linux.so)
==26579==    by 0x220C8D: Perl_sv_magicext (in /usr/bin/perl)
==26579==    by 0x220EFF: Perl_sv_add_backref (in /usr/bin/perl)
==26579==    by 0x17E459: Perl_cvgv_from_hek (in /usr/bin/perl)
==26579==    by 0x16724A: ??? (in /usr/bin/perl)
==26579== 
==26579== 48 bytes in 1 blocks are possibly lost in loss record 129 of 777
==26579==    at 0x484DA83: calloc (in /usr/libexec/valgrind/vgpreload_memcheck-amd64-linux.so)
==26579==    by 0x220C8D: Perl_sv_magicext (in /usr/bin/perl)
==26579==    by 0x2234A9: Perl_sv_magic (in /usr/bin/perl)
==26579==    by 0x17FD12: Perl_gv_fetchpvn_flags (in /usr/bin/perl)
==26579==    by 0x19E743: ??? (in /usr/bin/perl)
==26579== 
==26579== 48 bytes in 1 blocks are possibly lost in loss record 130 of 777
==26579==    at 0x484DA83: calloc (in /usr/libexec/valgrind/vgpreload_memcheck-amd64-linux.so)
==26579==    by 0x220C8D: Perl_sv_magicext (in /usr/bin/perl)
==26579==    by 0x220EFF: Perl_sv_add_backref (in /usr/bin/perl)
==26579==    by 0x16762D: Perl_newXS_len_flags (in /usr/bin/perl)
==26579==    by 0x2C9720: boot_DynaLoader (in /usr/bin/perl)
==26579== 
==26579== 48 bytes in 1 blocks are possibly lost in loss record 131 of 777
==26579==    at 0x484DA83: calloc (in /usr/libexec/valgrind/vgpreload_memcheck-amd64-linux.so)
==26579==    by 0x220C8D: Perl_sv_magicext (in /usr/bin/perl)
==26579==    by 0x220EFF: Perl_sv_add_backref (in /usr/bin/perl)
==26579==    by 0x16762D: Perl_newXS_len_flags (in /usr/bin/perl)
==26579==    by 0x2C9745: boot_DynaLoader (in /usr/bin/perl)
==26579== 
==26579== 48 bytes in 1 blocks are possibly lost in loss record 132 of 777
==26579==    at 0x484DA83: calloc (in /usr/libexec/valgrind/vgpreload_memcheck-amd64-linux.so)
==26579==    by 0x220C8D: Perl_sv_magicext (in /usr/bin/perl)
==26579==    by 0x220EFF: Perl_sv_add_backref (in /usr/bin/perl)
==26579==    by 0x16762D: Perl_newXS_len_flags (in /usr/bin/perl)
==26579==    by 0x2C976E: boot_DynaLoader (in /usr/bin/perl)
==26579== 
==26579== 48 bytes in 1 blocks are possibly lost in loss record 133 of 777
==26579==    at 0x484DA83: calloc (in /usr/libexec/valgrind/vgpreload_memcheck-amd64-linux.so)
==26579==    by 0x220C8D: Perl_sv_magicext (in /usr/bin/perl)
==26579==    by 0x220EFF: Perl_sv_add_backref (in /usr/bin/perl)
==26579==    by 0x16762D: Perl_newXS_len_flags (in /usr/bin/perl)
==26579==    by 0x2C9793: boot_DynaLoader (in /usr/bin/perl)
==26579== 
==26579== 48 bytes in 1 blocks are possibly lost in loss record 134 of 777
==26579==    at 0x484DA83: calloc (in /usr/libexec/valgrind/vgpreload_memcheck-amd64-linux.so)
==26579==    by 0x220C8D: Perl_sv_magicext (in /usr/bin/perl)
==26579==    by 0x220EFF: Perl_sv_add_backref (in /usr/bin/perl)
==26579==    by 0x16762D: Perl_newXS_len_flags (in /usr/bin/perl)
==26579==    by 0x2C97BC: boot_DynaLoader (in /usr/bin/perl)
==26579== 
==26579== 48 bytes in 1 blocks are possibly lost in loss record 135 of 777
==26579==    at 0x484DA83: calloc (in /usr/libexec/valgrind/vgpreload_memcheck-amd64-linux.so)
==26579==    by 0x220C8D: Perl_sv_magicext (in /usr/bin/perl)
==26579==    by 0x220EFF: Perl_sv_add_backref (in /usr/bin/perl)
==26579==    by 0x16762D: Perl_newXS_len_flags (in /usr/bin/perl)
==26579==    by 0x2C97E1: boot_DynaLoader (in /usr/bin/perl)
==26579== 
==26579== 48 bytes in 1 blocks are possibly lost in loss record 136 of 777
==26579==    at 0x484DA83: calloc (in /usr/libexec/valgrind/vgpreload_memcheck-amd64-linux.so)
==26579==    by 0x220C8D: Perl_sv_magicext (in /usr/bin/perl)
==26579==    by 0x220EFF: Perl_sv_add_backref (in /usr/bin/perl)
==26579==    by 0x16762D: Perl_newXS_len_flags (in /usr/bin/perl)
==26579==    by 0x2C980A: boot_DynaLoader (in /usr/bin/perl)
==26579== 
==26579== 48 bytes in 1 blocks are possibly lost in loss record 137 of 777
==26579==    at 0x484DA83: calloc (in /usr/libexec/valgrind/vgpreload_memcheck-amd64-linux.so)
==26579==    by 0x220C8D: Perl_sv_magicext (in /usr/bin/perl)
==26579==    by 0x2234A9: Perl_sv_magic (in /usr/bin/perl)
==26579==    by 0x1F4A94: Perl_mg_copy (in /usr/bin/perl)
==26579==    by 0x207807: Perl_hv_common (in /usr/bin/perl)
==26579== 
==26579== 48 bytes in 1 blocks are possibly lost in loss record 138 of 777
==26579==    at 0x484DA83: calloc (in /usr/libexec/valgrind/vgpreload_memcheck-amd64-linux.so)
==26579==    by 0x220C8D: Perl_sv_magicext (in /usr/bin/perl)
==26579==    by 0x2234A9: Perl_sv_magic (in /usr/bin/perl)
==26579==    by 0x1801BC: Perl_gv_fetchpvn_flags (in /usr/bin/perl)
==26579==    by 0x19E743: ??? (in /usr/bin/perl)
==26579== 
==26579== 48 bytes in 1 blocks are possibly lost in loss record 139 of 777
==26579==    at 0x4848899: malloc (in /usr/libexec/valgrind/vgpreload_memcheck-amd64-linux.so)
==26579==    by 0x1EB5FF: Perl_safesysmalloc (in /usr/bin/perl)
==26579==    by 0x167777: Perl_newXS_len_flags (in /usr/bin/perl)
==26579==    by 0x167A40: Perl_newCONSTSUB_flags (in /usr/bin/perl)
==26579==    by 0x580EDC1: boot_POSIX (in /usr/lib/x86_64-linux-gnu/perl-base/auto/POSIX/POSIX.so)
==26579== 
==26579== 48 bytes in 1 blocks are possibly lost in loss record 140 of 777
==26579==    at 0x4848899: malloc (in /usr/libexec/valgrind/vgpreload_memcheck-amd64-linux.so)
==26579==    by 0x1EB5FF: Perl_safesysmalloc (in /usr/bin/perl)
==26579==    by 0x167777: Perl_newXS_len_flags (in /usr/bin/perl)
==26579==    by 0x167A40: Perl_newCONSTSUB_flags (in /usr/bin/perl)
==26579==    by 0x580EDEB: boot_POSIX (in /usr/lib/x86_64-linux-gnu/perl-base/auto/POSIX/POSIX.so)
==26579== 
==26579== 48 bytes in 1 blocks are possibly lost in loss record 141 of 777
==26579==    at 0x484DA83: calloc (in /usr/libexec/valgrind/vgpreload_memcheck-amd64-linux.so)
==26579==    by 0x220C8D: Perl_sv_magicext (in /usr/bin/perl)
==26579==    by 0x2234A9: Perl_sv_magic (in /usr/bin/perl)
==26579==    by 0x2515B1: Perl_leave_scope (in /usr/bin/perl)
==26579==    by 0x15A18A: Perl_block_end (in /usr/bin/perl)
==26579== 
==26579== 48 bytes in 1 blocks are possibly lost in loss record 142 of 777
==26579==    at 0x484DA83: calloc (in /usr/libexec/valgrind/vgpreload_memcheck-amd64-linux.so)
==26579==    by 0x220C8D: Perl_sv_magicext (in /usr/bin/perl)
==26579==    by 0x220EFF: Perl_sv_add_backref (in /usr/bin/perl)
==26579==    by 0x220BF1: Perl_sv_rvweaken (in /usr/bin/perl)
==26579==    by 0x1B2EBC: Perl_pad_add_weakref (in /usr/bin/perl)
==26579== 
==26579== 48 bytes in 1 blocks are possibly lost in loss record 143 of 777
==26579==    at 0x4848899: malloc (in /usr/libexec/valgrind/vgpreload_memcheck-amd64-linux.so)
==26579==    by 0x1EB5FF: Perl_safesysmalloc (in /usr/bin/perl)
==26579==    by 0x167777: Perl_newXS_len_flags (in /usr/bin/perl)
==26579==    by 0x167A40: Perl_newCONSTSUB_flags (in /usr/bin/perl)
==26579==    by 0x601BDC2: boot_IO (in /usr/lib/x86_64-linux-gnu/perl-base/auto/IO/IO.so)
==26579== 
==26579== 48 bytes in 1 blocks are possibly lost in loss record 144 of 777
==26579==    at 0x4848899: malloc (in /usr/libexec/valgrind/vgpreload_memcheck-amd64-linux.so)
==26579==    by 0x1EB5FF: Perl_safesysmalloc (in /usr/bin/perl)
==26579==    by 0x167777: Perl_newXS_len_flags (in /usr/bin/perl)
==26579==    by 0x167A40: Perl_newCONSTSUB_flags (in /usr/bin/perl)
==26579==    by 0x601BDE4: boot_IO (in /usr/lib/x86_64-linux-gnu/perl-base/auto/IO/IO.so)
==26579== 
==26579== 48 bytes in 1 blocks are possibly lost in loss record 145 of 777
==26579==    at 0x4848899: malloc (in /usr/libexec/valgrind/vgpreload_memcheck-amd64-linux.so)
==26579==    by 0x1EB5FF: Perl_safesysmalloc (in /usr/bin/perl)
==26579==    by 0x167777: Perl_newXS_len_flags (in /usr/bin/perl)
==26579==    by 0x167A40: Perl_newCONSTSUB_flags (in /usr/bin/perl)
==26579==    by 0x601BE06: boot_IO (in /usr/lib/x86_64-linux-gnu/perl-base/auto/IO/IO.so)
==26579== 
==26579== 48 bytes in 1 blocks are possibly lost in loss record 146 of 777
==26579==    at 0x4848899: malloc (in /usr/libexec/valgrind/vgpreload_memcheck-amd64-linux.so)
==26579==    by 0x1EB5FF: Perl_safesysmalloc (in /usr/bin/perl)
==26579==    by 0x167777: Perl_newXS_len_flags (in /usr/bin/perl)
==26579==    by 0x167A40: Perl_newCONSTSUB_flags (in /usr/bin/perl)
==26579==    by 0x601BE28: boot_IO (in /usr/lib/x86_64-linux-gnu/perl-base/auto/IO/IO.so)
==26579== 
==26579== 48 bytes in 1 blocks are possibly lost in loss record 147 of 777
==26579==    at 0x4848899: malloc (in /usr/libexec/valgrind/vgpreload_memcheck-amd64-linux.so)
==26579==    by 0x1EB5FF: Perl_safesysmalloc (in /usr/bin/perl)
==26579==    by 0x167777: Perl_newXS_len_flags (in /usr/bin/perl)
==26579==    by 0x167A40: Perl_newCONSTSUB_flags (in /usr/bin/perl)
==26579==    by 0x601BE4A: boot_IO (in /usr/lib/x86_64-linux-gnu/perl-base/auto/IO/IO.so)
==26579== 
==26579== 48 bytes in 1 blocks are possibly lost in loss record 148 of 777
==26579==    at 0x4848899: malloc (in /usr/libexec/valgrind/vgpreload_memcheck-amd64-linux.so)
==26579==    by 0x1EB5FF: Perl_safesysmalloc (in /usr/bin/perl)
==26579==    by 0x167777: Perl_newXS_len_flags (in /usr/bin/perl)
==26579==    by 0x167A40: Perl_newCONSTSUB_flags (in /usr/bin/perl)
==26579==    by 0x601BE6C: boot_IO (in /usr/lib/x86_64-linux-gnu/perl-base/auto/IO/IO.so)
==26579== 
==26579== 48 bytes in 1 blocks are possibly lost in loss record 149 of 777
==26579==    at 0x4848899: malloc (in /usr/libexec/valgrind/vgpreload_memcheck-amd64-linux.so)
==26579==    by 0x1EB5FF: Perl_safesysmalloc (in /usr/bin/perl)
==26579==    by 0x167777: Perl_newXS_len_flags (in /usr/bin/perl)
==26579==    by 0x167A40: Perl_newCONSTSUB_flags (in /usr/bin/perl)
==26579==    by 0x601BE8E: boot_IO (in /usr/lib/x86_64-linux-gnu/perl-base/auto/IO/IO.so)
==26579== 
==26579== 48 bytes in 1 blocks are possibly lost in loss record 150 of 777
==26579==    at 0x4848899: malloc (in /usr/libexec/valgrind/vgpreload_memcheck-amd64-linux.so)
==26579==    by 0x1EB5FF: Perl_safesysmalloc (in /usr/bin/perl)
==26579==    by 0x167777: Perl_newXS_len_flags (in /usr/bin/perl)
==26579==    by 0x167A40: Perl_newCONSTSUB_flags (in /usr/bin/perl)
==26579==    by 0x601BEB0: boot_IO (in /usr/lib/x86_64-linux-gnu/perl-base/auto/IO/IO.so)
==26579== 
==26579== 48 bytes in 1 blocks are possibly lost in loss record 151 of 777
==26579==    at 0x4848899: malloc (in /usr/libexec/valgrind/vgpreload_memcheck-amd64-linux.so)
==26579==    by 0x1EB5FF: Perl_safesysmalloc (in /usr/bin/perl)
==26579==    by 0x167777: Perl_newXS_len_flags (in /usr/bin/perl)
==26579==    by 0x167A40: Perl_newCONSTSUB_flags (in /usr/bin/perl)
==26579==    by 0x601BED2: boot_IO (in /usr/lib/x86_64-linux-gnu/perl-base/auto/IO/IO.so)
==26579== 
==26579== 48 bytes in 1 blocks are possibly lost in loss record 152 of 777
==26579==    at 0x4848899: malloc (in /usr/libexec/valgrind/vgpreload_memcheck-amd64-linux.so)
==26579==    by 0x1EB5FF: Perl_safesysmalloc (in /usr/bin/perl)
==26579==    by 0x167777: Perl_newXS_len_flags (in /usr/bin/perl)
==26579==    by 0x167A40: Perl_newCONSTSUB_flags (in /usr/bin/perl)
==26579==    by 0x601BEF4: boot_IO (in /usr/lib/x86_64-linux-gnu/perl-base/auto/IO/IO.so)
==26579== 
==26579== 48 bytes in 1 blocks are possibly lost in loss record 153 of 777
==26579==    at 0x4848899: malloc (in /usr/libexec/valgrind/vgpreload_memcheck-amd64-linux.so)
==26579==    by 0x1EB5FF: Perl_safesysmalloc (in /usr/bin/perl)
==26579==    by 0x167777: Perl_newXS_len_flags (in /usr/bin/perl)
==26579==    by 0x167A40: Perl_newCONSTSUB_flags (in /usr/bin/perl)
==26579==    by 0x601BF2F: boot_IO (in /usr/lib/x86_64-linux-gnu/perl-base/auto/IO/IO.so)
==26579== 
==26579== 48 bytes in 1 blocks are possibly lost in loss record 154 of 777
==26579==    at 0x4848899: malloc (in /usr/libexec/valgrind/vgpreload_memcheck-amd64-linux.so)
==26579==    by 0x1EB5FF: Perl_safesysmalloc (in /usr/bin/perl)
==26579==    by 0x167777: Perl_newXS_len_flags (in /usr/bin/perl)
==26579==    by 0x167A40: Perl_newCONSTSUB_flags (in /usr/bin/perl)
==26579==    by 0x601BF51: boot_IO (in /usr/lib/x86_64-linux-gnu/perl-base/auto/IO/IO.so)
==26579== 
==26579== 48 bytes in 1 blocks are possibly lost in loss record 155 of 777
==26579==    at 0x4848899: malloc (in /usr/libexec/valgrind/vgpreload_memcheck-amd64-linux.so)
==26579==    by 0x1EB5FF: Perl_safesysmalloc (in /usr/bin/perl)
==26579==    by 0x167777: Perl_newXS_len_flags (in /usr/bin/perl)
==26579==    by 0x167A40: Perl_newCONSTSUB_flags (in /usr/bin/perl)
==26579==    by 0x601BF73: boot_IO (in /usr/lib/x86_64-linux-gnu/perl-base/auto/IO/IO.so)
==26579== 
==26579== 48 bytes in 1 blocks are possibly lost in loss record 156 of 777
==26579==    at 0x4848899: malloc (in /usr/libexec/valgrind/vgpreload_memcheck-amd64-linux.so)
==26579==    by 0x1EB5FF: Perl_safesysmalloc (in /usr/bin/perl)
==26579==    by 0x167777: Perl_newXS_len_flags (in /usr/bin/perl)
==26579==    by 0x167A40: Perl_newCONSTSUB_flags (in /usr/bin/perl)
==26579==    by 0x601BF92: boot_IO (in /usr/lib/x86_64-linux-gnu/perl-base/auto/IO/IO.so)
==26579== 
==26579== 48 bytes in 1 blocks are possibly lost in loss record 157 of 777
==26579==    at 0x4848899: malloc (in /usr/libexec/valgrind/vgpreload_memcheck-amd64-linux.so)
==26579==    by 0x1EB5FF: Perl_safesysmalloc (in /usr/bin/perl)
==26579==    by 0x167777: Perl_newXS_len_flags (in /usr/bin/perl)
==26579==    by 0x167A40: Perl_newCONSTSUB_flags (in /usr/bin/perl)
==26579==    by 0x601BFB4: boot_IO (in /usr/lib/x86_64-linux-gnu/perl-base/auto/IO/IO.so)
==26579== 
==26579== 48 bytes in 1 blocks are possibly lost in loss record 158 of 777
==26579==    at 0x4848899: malloc (in /usr/libexec/valgrind/vgpreload_memcheck-amd64-linux.so)
==26579==    by 0x1EB5FF: Perl_safesysmalloc (in /usr/bin/perl)
==26579==    by 0x167777: Perl_newXS_len_flags (in /usr/bin/perl)
==26579==    by 0x167A40: Perl_newCONSTSUB_flags (in /usr/bin/perl)
==26579==    by 0x601BFD6: boot_IO (in /usr/lib/x86_64-linux-gnu/perl-base/auto/IO/IO.so)
==26579== 
==26579== 48 bytes in 1 blocks are possibly lost in loss record 159 of 777
==26579==    at 0x484DA83: calloc (in /usr/libexec/valgrind/vgpreload_memcheck-amd64-linux.so)
==26579==    by 0x2DD9D0: ??? (in /usr/bin/perl)
==26579==    by 0x2E6098: ??? (in /usr/bin/perl)
==26579==    by 0x2E2B3A: ??? (in /usr/bin/perl)
==26579==    by 0x1B730C: Perl_re_op_compile (in /usr/bin/perl)
==26579== 
==26579== 48 bytes in 1 blocks are possibly lost in loss record 160 of 777
==26579==    at 0x484DCD3: realloc (in /usr/libexec/valgrind/vgpreload_memcheck-amd64-linux.so)
==26579==    by 0x1EB7BD: Perl_safesysrealloc (in /usr/bin/perl)
==26579==    by 0x1B34C4: ??? (in /usr/bin/perl)
==26579==    by 0x2DD8B0: ??? (in /usr/bin/perl)
==26579==    by 0x2E6098: ??? (in /usr/bin/perl)
==26579== 
==26579== 48 bytes in 1 blocks are possibly lost in loss record 161 of 777
==26579==    at 0x484DA83: calloc (in /usr/libexec/valgrind/vgpreload_memcheck-amd64-linux.so)
==26579==    by 0x220C8D: Perl_sv_magicext (in /usr/bin/perl)
==26579==    by 0x2234A9: Perl_sv_magic (in /usr/bin/perl)
==26579==    by 0x1A7417: Perl_scan_vstring (in /usr/bin/perl)
==26579==    by 0x1A76A8: Perl_scan_num (in /usr/bin/perl)
==26579== 
==26579== 48 bytes in 1 blocks are possibly lost in loss record 162 of 777
==26579==    at 0x484DA83: calloc (in /usr/libexec/valgrind/vgpreload_memcheck-amd64-linux.so)
==26579==    by 0x220C8D: Perl_sv_magicext (in /usr/bin/perl)
==26579==    by 0x2234A9: Perl_sv_magic (in /usr/bin/perl)
==26579==    by 0x189E84: Perl_Gv_AMupdate (in /usr/bin/perl)
==26579==    by 0x18A2FE: Perl_amagic_call (in /usr/bin/perl)
==26579== 
==26579== 48 bytes in 1 blocks are possibly lost in loss record 163 of 777
==26579==    at 0x484DA83: calloc (in /usr/libexec/valgrind/vgpreload_memcheck-amd64-linux.so)
==26579==    by 0x2DD9D0: ??? (in /usr/bin/perl)
==26579==    by 0x2E6098: ??? (in /usr/bin/perl)
==26579==    by 0x2E36B9: ??? (in /usr/bin/perl)
==26579==    by 0x1B730C: Perl_re_op_compile (in /usr/bin/perl)
==26579== 
==26579== 48 bytes in 1 blocks are possibly lost in loss record 164 of 777
==26579==    at 0x484DA83: calloc (in /usr/libexec/valgrind/vgpreload_memcheck-amd64-linux.so)
==26579==    by 0x2DD9D0: ??? (in /usr/bin/perl)
==26579==    by 0x2E6098: ??? (in /usr/bin/perl)
==26579==    by 0x1B730C: Perl_re_op_compile (in /usr/bin/perl)
==26579==    by 0x253E5D: Perl_pp_regcomp (in /usr/bin/perl)
==26579== 
==26579== 48 bytes in 2 blocks are possibly lost in loss record 165 of 777
==26579==    at 0x484DCD3: realloc (in /usr/libexec/valgrind/vgpreload_memcheck-amd64-linux.so)
==26579==    by 0x1EB7BD: Perl_safesysrealloc (in /usr/bin/perl)
==26579==    by 0x21842B: Perl_sv_grow (in /usr/bin/perl)
==26579==    by 0x2797C6: Perl_do_vop (in /usr/bin/perl)
==26579==    by 0x24101F: Perl_pp_bit_or (in /usr/bin/perl)
==26579== 
==26579== 48 bytes in 2 blocks are possibly lost in loss record 166 of 777
==26579==    at 0x4848899: malloc (in /usr/libexec/valgrind/vgpreload_memcheck-amd64-linux.so)
==26579==    by 0x1EB5FF: Perl_safesysmalloc (in /usr/bin/perl)
==26579==    by 0x1B353E: ??? (in /usr/bin/perl)
==26579==    by 0x1D15DF: ??? (in /usr/bin/perl)
==26579==    by 0x1D4686: ??? (in /usr/bin/perl)
==26579== 
==26579== 48 bytes in 2 blocks are possibly lost in loss record 167 of 777
==26579==    at 0x484DA83: calloc (in /usr/libexec/valgrind/vgpreload_memcheck-amd64-linux.so)
==26579==    by 0x1EC93C: Perl_safesyscalloc (in /usr/bin/perl)
==26579==    by 0x28ADEE: Perl_regexec_flags (in /usr/bin/perl)
==26579==    by 0x21E2B8: Perl_pp_subst (in /usr/bin/perl)
==26579==    by 0x203F55: Perl_runops_standard (in /usr/bin/perl)
==26579== 
==26579== 48 bytes in 2 blocks are possibly lost in loss record 168 of 777
==26579==    at 0x484DCD3: realloc (in /usr/libexec/valgrind/vgpreload_memcheck-amd64-linux.so)
==26579==    by 0x1EB7BD: Perl_safesysrealloc (in /usr/bin/perl)
==26579==    by 0x21842B: Perl_sv_grow (in /usr/bin/perl)
==26579==    by 0x22DDF9: Perl_sv_catpvn_flags (in /usr/bin/perl)
==26579==    by 0x187818: Perl_gv_autoload_pvn (in /usr/bin/perl)
==26579== 
==26579== 48 bytes in 3 blocks are possibly lost in loss record 169 of 777
==26579==    at 0x484DA83: calloc (in /usr/libexec/valgrind/vgpreload_memcheck-amd64-linux.so)
==26579==    by 0x2E973E: ??? (in /usr/bin/perl)
==26579==    by 0x152D92: Perl_Slab_Free (in /usr/bin/perl)
==26579==    by 0x173EEB: ??? (in /usr/bin/perl)
==26579==    by 0x1AE35C: Perl_cv_undef_flags (in /usr/bin/perl)
==26579== 
==26579== 49 bytes in 4 blocks are possibly lost in loss record 170 of 777
==26579==    at 0x4848899: malloc (in /usr/libexec/valgrind/vgpreload_memcheck-amd64-linux.so)
==26579==    by 0x1EB5FF: Perl_safesysmalloc (in /usr/bin/perl)
==26579==    by 0x218487: Perl_sv_grow (in /usr/bin/perl)
==26579==    by 0x22A994: Perl_sv_setsv_flags (in /usr/bin/perl)
==26579==    by 0x22FC31: Perl_newSVsv_flags (in /usr/bin/perl)
==26579== 
==26579== 51 bytes in 1 blocks are possibly lost in loss record 171 of 777
==26579==    at 0x4848899: malloc (in /usr/libexec/valgrind/vgpreload_memcheck-amd64-linux.so)
==26579==    by 0x1EB5FF: Perl_safesysmalloc (in /usr/bin/perl)
==26579==    by 0x20549A: ??? (in /usr/bin/perl)
==26579==    by 0x207845: Perl_hv_common (in /usr/bin/perl)
==26579==    by 0x25F77F: Perl_pp_require (in /usr/bin/perl)
==26579== 
==26579== 53 bytes in 1 blocks are possibly lost in loss record 172 of 777
==26579==    at 0x4848899: malloc (in /usr/libexec/valgrind/vgpreload_memcheck-amd64-linux.so)
==26579==    by 0x161D75: Perl_newSTATEOP (in /usr/bin/perl)
==26579==    by 0x15A0ED: Perl_block_end (in /usr/bin/perl)
==26579==    by 0x1ACA3C: Perl_yyparse (in /usr/bin/perl)
==26579==    by 0x25DF6A: ??? (in /usr/bin/perl)
==26579== 
==26579== 54 bytes in 2 blocks are possibly lost in loss record 173 of 777
==26579==    at 0x4848899: malloc (in /usr/libexec/valgrind/vgpreload_memcheck-amd64-linux.so)
==26579==    by 0x161C9E: Perl_newSTATEOP (in /usr/bin/perl)
==26579==    by 0x1AB926: Perl_yyparse (in /usr/bin/perl)
==26579==    by 0x25DF6A: ??? (in /usr/bin/perl)
==26579==    by 0x260118: Perl_pp_require (in /usr/bin/perl)
==26579== 
==26579== 56 bytes in 1 blocks are possibly lost in loss record 174 of 777
==26579==    at 0x484DA83: calloc (in /usr/libexec/valgrind/vgpreload_memcheck-amd64-linux.so)
==26579==    by 0x157DFB: Perl_newLISTOP (in /usr/bin/perl)
==26579==    by 0x175550: Perl_rpeep (in /usr/bin/perl)
==26579==    by 0x17448D: Perl_rpeep (in /usr/bin/perl)
==26579==    by 0x175A72: Perl_rpeep (in /usr/bin/perl)
==26579== 
==26579== 56 bytes in 1 blocks are possibly lost in loss record 175 of 777
==26579==    at 0x484DA83: calloc (in /usr/libexec/valgrind/vgpreload_memcheck-amd64-linux.so)
==26579==    by 0x157DFB: Perl_newLISTOP (in /usr/bin/perl)
==26579==    by 0x175550: Perl_rpeep (in /usr/bin/perl)
==26579==    by 0x17448D: Perl_rpeep (in /usr/bin/perl)
==26579==    by 0x17448D: Perl_rpeep (in /usr/bin/perl)
==26579== 
==26579== 56 bytes in 1 blocks are possibly lost in loss record 176 of 777
==26579==    at 0x484DCD3: realloc (in /usr/libexec/valgrind/vgpreload_memcheck-amd64-linux.so)
==26579==    by 0x1EB7BD: Perl_safesysrealloc (in /usr/bin/perl)
==26579==    by 0x21842B: Perl_sv_grow (in /usr/bin/perl)
==26579==    by 0x22DDF9: Perl_sv_catpvn_flags (in /usr/bin/perl)
==26579==    by 0x2783E8: Perl_do_join (in /usr/bin/perl)
==26579== 
==26579== 56 bytes in 1 blocks are indirectly lost in loss record 177 of 777
==26579==    at 0x4848899: malloc (in /usr/libexec/valgrind/vgpreload_memcheck-amd64-linux.so)
==26579==    by 0x24D25E: Perl_new_stackinfo (in /usr/bin/perl)
==26579==    by 0x1672C9: ??? (in /usr/bin/perl)
==26579==    by 0x168C4A: Perl_newATTRSUB_x (in /usr/bin/perl)
==26579==    by 0x1ADB98: Perl_yyparse (in /usr/bin/perl)
==26579== 
==26579== 60 bytes in 6 blocks are possibly lost in loss record 178 of 777
==26579==    at 0x4848899: malloc (in /usr/libexec/valgrind/vgpreload_memcheck-amd64-linux.so)
==26579==    by 0x1EB5FF: Perl_safesysmalloc (in /usr/bin/perl)
==26579==    by 0x218487: Perl_sv_grow (in /usr/bin/perl)
==26579==    by 0x22B8D8: Perl_sv_setpv_bufsize (in /usr/bin/perl)
==26579==    by 0x16CD00: Perl_ck_fun (in /usr/bin/perl)
==26579== 
==26579== 60 bytes in 7 blocks are possibly lost in loss record 179 of 777
==26579==    at 0x4848899: malloc (in /usr/libexec/valgrind/vgpreload_memcheck-amd64-linux.so)
==26579==    by 0x164C9B: Perl_newLOOPEX (in /usr/bin/perl)
==26579==    by 0x1ACFFE: Perl_yyparse (in /usr/bin/perl)
==26579==    by 0x25DF6A: ??? (in /usr/bin/perl)
==26579==    by 0x260118: Perl_pp_require (in /usr/bin/perl)
==26579== 
==26579== 64 bytes in 1 blocks are possibly lost in loss record 180 of 777
==26579==    at 0x484DA83: calloc (in /usr/libexec/valgrind/vgpreload_memcheck-amd64-linux.so)
==26579==    by 0x1EC93C: Perl_safesyscalloc (in /usr/bin/perl)
==26579==    by 0x207880: Perl_hv_common (in /usr/bin/perl)
==26579==    by 0x1FD018: Perl_mro_isa_changed_in (in /usr/bin/perl)
==26579==    by 0x1F6B72: Perl_magic_clearisa (in /usr/bin/perl)
==26579== 
==26579== 64 bytes in 1 blocks are possibly lost in loss record 181 of 777
==26579==    at 0x484DA83: calloc (in /usr/libexec/valgrind/vgpreload_memcheck-amd64-linux.so)
==26579==    by 0x1EC93C: Perl_safesyscalloc (in /usr/bin/perl)
==26579==    by 0x207880: Perl_hv_common (in /usr/bin/perl)
==26579==    by 0x24A070: Perl_pp_hslice (in /usr/bin/perl)
==26579==    by 0x203F55: Perl_runops_standard (in /usr/bin/perl)
==26579== 
==26579== 64 bytes in 1 blocks are possibly lost in loss record 182 of 777
==26579==    at 0x484DCD3: realloc (in /usr/libexec/valgrind/vgpreload_memcheck-amd64-linux.so)
==26579==    by 0x1EB7BD: Perl_safesysrealloc (in /usr/bin/perl)
==26579==    by 0x21842B: Perl_sv_grow (in /usr/bin/perl)
==26579==    by 0x22BA87: Perl_sv_setpvn (in /usr/bin/perl)
==26579==    by 0x27F76D: Perl_my_stat_flags (in /usr/bin/perl)
==26579== 
==26579== 64 bytes in 1 blocks are possibly lost in loss record 183 of 777
==26579==    at 0x484DA83: calloc (in /usr/libexec/valgrind/vgpreload_memcheck-amd64-linux.so)
==26579==    by 0x1EC93C: Perl_safesyscalloc (in /usr/bin/perl)
==26579==    by 0x207880: Perl_hv_common (in /usr/bin/perl)
==26579==    by 0x208F1A: Perl_hv_common_key_len (in /usr/bin/perl)
==26579==    by 0x485D5FF: ??? (in /usr/lib/x86_64-linux-gnu/perl-base/auto/Fcntl/Fcntl.so)
==26579== 
==26579== 64 bytes in 1 blocks are possibly lost in loss record 184 of 777
==26579==    at 0x484DCD3: realloc (in /usr/libexec/valgrind/vgpreload_memcheck-amd64-linux.so)
==26579==    by 0x1EB7BD: Perl_safesysrealloc (in /usr/bin/perl)
==26579==    by 0x205CC2: Perl_av_extend_guts (in /usr/bin/perl)
==26579==    by 0x1B1B19: Perl_padnamelist_store (in /usr/bin/perl)
==26579==    by 0x1B2D9E: Perl_pad_add_anon (in /usr/bin/perl)
==26579== 
==26579== 64 bytes in 1 blocks are possibly lost in loss record 185 of 777
==26579==    at 0x484DA83: calloc (in /usr/libexec/valgrind/vgpreload_memcheck-amd64-linux.so)
==26579==    by 0x1EC93C: Perl_safesyscalloc (in /usr/bin/perl)
==26579==    by 0x207880: Perl_hv_common (in /usr/bin/perl)
==26579==    by 0x186B4B: ??? (in /usr/bin/perl)
==26579==    by 0x187EC6: Perl_gv_fetchmethod_pvn_flags (in /usr/bin/perl)
==26579== 
==26579== 64 bytes in 2 blocks are possibly lost in loss record 186 of 777
==26579==    at 0x4848899: malloc (in /usr/libexec/valgrind/vgpreload_memcheck-amd64-linux.so)
==26579==    by 0x1EB5FF: Perl_safesysmalloc (in /usr/bin/perl)
==26579==    by 0x205C6B: Perl_av_extend_guts (in /usr/bin/perl)
==26579==    by 0x220F8A: Perl_sv_add_backref (in /usr/bin/perl)
==26579==    by 0x16940D: Perl_newATTRSUB_x (in /usr/bin/perl)
==26579== 
==26579== 64 bytes in 2 blocks are possibly lost in loss record 187 of 777
==26579==    at 0x4848899: malloc (in /usr/libexec/valgrind/vgpreload_memcheck-amd64-linux.so)
==26579==    by 0x171DBF: ??? (in /usr/bin/perl)
==26579==    by 0x174A5C: Perl_rpeep (in /usr/bin/perl)
==26579==    by 0x17568E: Perl_rpeep (in /usr/bin/perl)
==26579==    by 0x17568E: Perl_rpeep (in /usr/bin/perl)
==26579== 
==26579== 64 bytes in 4 blocks are possibly lost in loss record 188 of 777
==26579==    at 0x484DA83: calloc (in /usr/libexec/valgrind/vgpreload_memcheck-amd64-linux.so)
==26579==    by 0x2E973E: ??? (in /usr/bin/perl)
==26579==    by 0x152D92: Perl_Slab_Free (in /usr/bin/perl)
==26579==    by 0x173EEB: ??? (in /usr/bin/perl)
==26579==    by 0x19D6EC: ??? (in /usr/bin/perl)
==26579== 
==26579== 64 bytes in 4 blocks are possibly lost in loss record 189 of 777
==26579==    at 0x484DCD3: realloc (in /usr/libexec/valgrind/vgpreload_memcheck-amd64-linux.so)
==26579==    by 0x1EB7BD: Perl_safesysrealloc (in /usr/bin/perl)
==26579==    by 0x21842B: Perl_sv_grow (in /usr/bin/perl)
==26579==    by 0x22DDF9: Perl_sv_catpvn_flags (in /usr/bin/perl)
==26579==    by 0x16C646: Perl_ck_fun (in /usr/bin/perl)
==26579== 
==26579== 70 bytes in 7 blocks are possibly lost in loss record 190 of 777
==26579==    at 0x4848899: malloc (in /usr/libexec/valgrind/vgpreload_memcheck-amd64-linux.so)
==26579==    by 0x1EB5FF: Perl_safesysmalloc (in /usr/bin/perl)
==26579==    by 0x218487: Perl_sv_grow (in /usr/bin/perl)
==26579==    by 0x22BA87: Perl_sv_setpvn (in /usr/bin/perl)
==26579==    by 0x213669: Perl_pp_match (in /usr/bin/perl)
==26579== 
==26579== 72 bytes in 1 blocks are possibly lost in loss record 191 of 777
==26579==    at 0x484DA83: calloc (in /usr/libexec/valgrind/vgpreload_memcheck-amd64-linux.so)
==26579==    by 0x2E9616: ??? (in /usr/bin/perl)
==26579==    by 0x1FC8F7: Perl_mro_method_changed_in (in /usr/bin/perl)
==26579==    by 0x167827: Perl_newXS_len_flags (in /usr/bin/perl)
==26579==    by 0x2AF0ED: Perl_boot_core_PerlIO (in /usr/bin/perl)
==26579== 
==26579== 72 bytes in 1 blocks are possibly lost in loss record 192 of 777
==26579==    at 0x484DA83: calloc (in /usr/libexec/valgrind/vgpreload_memcheck-amd64-linux.so)
==26579==    by 0x2E9616: ??? (in /usr/bin/perl)
==26579==    by 0x1FC8F7: Perl_mro_method_changed_in (in /usr/bin/perl)
==26579==    by 0x167827: Perl_newXS_len_flags (in /usr/bin/perl)
==26579==    by 0x167A40: Perl_newCONSTSUB_flags (in /usr/bin/perl)
==26579== 
==26579== 72 bytes in 1 blocks are possibly lost in loss record 193 of 777
==26579==    at 0x484DA83: calloc (in /usr/libexec/valgrind/vgpreload_memcheck-amd64-linux.so)
==26579==    by 0x2E9616: ??? (in /usr/bin/perl)
==26579==    by 0x1FC8F7: Perl_mro_method_changed_in (in /usr/bin/perl)
==26579==    by 0x167827: Perl_newXS_len_flags (in /usr/bin/perl)
==26579==    by 0x184FCC: perl_parse (in /usr/bin/perl)
==26579== 
==26579== 72 bytes in 1 blocks are possibly lost in loss record 194 of 777
==26579==    at 0x484DA83: calloc (in /usr/libexec/valgrind/vgpreload_memcheck-amd64-linux.so)
==26579==    by 0x2E9616: ??? (in /usr/bin/perl)
==26579==    by 0x1FC8F7: Perl_mro_method_changed_in (in /usr/bin/perl)
==26579==    by 0x167827: Perl_newXS_len_flags (in /usr/bin/perl)
==26579==    by 0x15346D: ??? (in /usr/bin/perl)
==26579== 
==26579== 72 bytes in 1 blocks are possibly lost in loss record 195 of 777
==26579==    at 0x484DA83: calloc (in /usr/libexec/valgrind/vgpreload_memcheck-amd64-linux.so)
==26579==    by 0x2E9616: ??? (in /usr/bin/perl)
==26579==    by 0x1FD402: Perl_mro_isa_changed_in (in /usr/bin/perl)
==26579==    by 0x1F6B72: Perl_magic_clearisa (in /usr/bin/perl)
==26579==    by 0x1F2891: Perl_mg_set (in /usr/bin/perl)
==26579== 
==26579== 72 bytes in 1 blocks are possibly lost in loss record 196 of 777
==26579==    at 0x484DA83: calloc (in /usr/libexec/valgrind/vgpreload_memcheck-amd64-linux.so)
==26579==    by 0x1EC93C: Perl_safesyscalloc (in /usr/bin/perl)
==26579==    by 0x28ADEE: Perl_regexec_flags (in /usr/bin/perl)
==26579==    by 0x2132A2: Perl_pp_match (in /usr/bin/perl)
==26579==    by 0x203F55: Perl_runops_standard (in /usr/bin/perl)
==26579== 
==26579== 72 bytes in 1 blocks are possibly lost in loss record 197 of 777
==26579==    at 0x484DA83: calloc (in /usr/libexec/valgrind/vgpreload_memcheck-amd64-linux.so)
==26579==    by 0x2E9616: ??? (in /usr/bin/perl)
==26579==    by 0x1FC8F7: Perl_mro_method_changed_in (in /usr/bin/perl)
==26579==    by 0x167827: Perl_newXS_len_flags (in /usr/bin/perl)
==26579==    by 0x16A4ED: Perl_newXS_flags (in /usr/bin/perl)
==26579== 
==26579== 72 bytes in 1 blocks are possibly lost in loss record 198 of 777
==26579==    at 0x484DCD3: realloc (in /usr/libexec/valgrind/vgpreload_memcheck-amd64-linux.so)
==26579==    by 0x1EB7BD: Perl_safesysrealloc (in /usr/bin/perl)
==26579==    by 0x205CC2: Perl_av_extend_guts (in /usr/bin/perl)
==26579==    by 0x2125BE: Perl_pp_aassign (in /usr/bin/perl)
==26579==    by 0x203F55: Perl_runops_standard (in /usr/bin/perl)
==26579== 
==26579== 72 bytes in 2 blocks are possibly lost in loss record 199 of 777
==26579==    at 0x484DA83: calloc (in /usr/libexec/valgrind/vgpreload_memcheck-amd64-linux.so)
==26579==    by 0x1EC93C: Perl_safesyscalloc (in /usr/bin/perl)
==26579==    by 0x28ADEE: Perl_regexec_flags (in /usr/bin/perl)
==26579==    by 0x21DEF4: Perl_pp_subst (in /usr/bin/perl)
==26579==    by 0x203F55: Perl_runops_standard (in /usr/bin/perl)
==26579== 
==26579== 72 bytes in 3 blocks are possibly lost in loss record 200 of 777
==26579==    at 0x484DA83: calloc (in /usr/libexec/valgrind/vgpreload_memcheck-amd64-linux.so)
==26579==    by 0x1EC93C: Perl_safesyscalloc (in /usr/bin/perl)
==26579==    by 0x1B6947: Perl_re_op_compile (in /usr/bin/perl)
==26579==    by 0x15E2A9: Perl_pmruntime (in /usr/bin/perl)
==26579==    by 0x16FA9C: Perl_ck_split (in /usr/bin/perl)
==26579== 
==26579== 72 bytes in 3 blocks are possibly lost in loss record 201 of 777
==26579==    at 0x484DCD3: realloc (in /usr/libexec/valgrind/vgpreload_memcheck-amd64-linux.so)
==26579==    by 0x1EB7BD: Perl_safesysrealloc (in /usr/bin/perl)
==26579==    by 0x21842B: Perl_sv_grow (in /usr/bin/perl)
==26579==    by 0x22DDF9: Perl_sv_catpvn_flags (in /usr/bin/perl)
==26579==    by 0x1EB8B0: Perl_fbm_compile (in /usr/bin/perl)
==26579== 
==26579== 80 bytes in 1 blocks are possibly lost in loss record 202 of 777
==26579==    at 0x484DA83: calloc (in /usr/libexec/valgrind/vgpreload_memcheck-amd64-linux.so)
==26579==    by 0x17D9C0: Perl_newGP (in /usr/bin/perl)
==26579==    by 0x17DD97: Perl_gv_init_pvn (in /usr/bin/perl)
==26579==    by 0x17EE1F: Perl_gv_fetchpvn_flags (in /usr/bin/perl)
==26579==    by 0x1842BD: perl_parse (in /usr/bin/perl)
==26579== 
==26579== 80 bytes in 1 blocks are possibly lost in loss record 203 of 777
==26579==    at 0x484DA83: calloc (in /usr/libexec/valgrind/vgpreload_memcheck-amd64-linux.so)
==26579==    by 0x17D9C0: Perl_newGP (in /usr/bin/perl)
==26579==    by 0x17DD97: Perl_gv_init_pvn (in /usr/bin/perl)
==26579==    by 0x17EE1F: Perl_gv_fetchpvn_flags (in /usr/bin/perl)
==26579==    by 0x184343: perl_parse (in /usr/bin/perl)
==26579== 
==26579== 80 bytes in 1 blocks are possibly lost in loss record 204 of 777
==26579==    at 0x484DA83: calloc (in /usr/libexec/valgrind/vgpreload_memcheck-amd64-linux.so)
==26579==    by 0x17D9C0: Perl_newGP (in /usr/bin/perl)
==26579==    by 0x17DD97: Perl_gv_init_pvn (in /usr/bin/perl)
==26579==    by 0x17EE1F: Perl_gv_fetchpvn_flags (in /usr/bin/perl)
==26579==    by 0x1843BC: perl_parse (in /usr/bin/perl)
==26579== 
==26579== 80 bytes in 1 blocks are possibly lost in loss record 205 of 777
==26579==    at 0x484DA83: calloc (in /usr/libexec/valgrind/vgpreload_memcheck-amd64-linux.so)
==26579==    by 0x17D9C0: Perl_newGP (in /usr/bin/perl)
==26579==    by 0x17DD97: Perl_gv_init_pvn (in /usr/bin/perl)
==26579==    by 0x17EE1F: Perl_gv_fetchpvn_flags (in /usr/bin/perl)
==26579==    by 0x1843FE: perl_parse (in /usr/bin/perl)
==26579== 
==26579== 80 bytes in 1 blocks are possibly lost in loss record 206 of 777
==26579==    at 0x484DA83: calloc (in /usr/libexec/valgrind/vgpreload_memcheck-amd64-linux.so)
==26579==    by 0x17D9C0: Perl_newGP (in /usr/bin/perl)
==26579==    by 0x17DD97: Perl_gv_init_pvn (in /usr/bin/perl)
==26579==    by 0x17EE1F: Perl_gv_fetchpvn_flags (in /usr/bin/perl)
==26579==    by 0x184431: perl_parse (in /usr/bin/perl)
==26579== 
==26579== 80 bytes in 1 blocks are possibly lost in loss record 207 of 777
==26579==    at 0x484DA83: calloc (in /usr/libexec/valgrind/vgpreload_memcheck-amd64-linux.so)
==26579==    by 0x17D9C0: Perl_newGP (in /usr/bin/perl)
==26579==    by 0x17DD97: Perl_gv_init_pvn (in /usr/bin/perl)
==26579==    by 0x17EE1F: Perl_gv_fetchpvn_flags (in /usr/bin/perl)
==26579==    by 0x184473: perl_parse (in /usr/bin/perl)
==26579== 
==26579== 80 bytes in 1 blocks are possibly lost in loss record 208 of 777
==26579==    at 0x484DA83: calloc (in /usr/libexec/valgrind/vgpreload_memcheck-amd64-linux.so)
==26579==    by 0x17D9C0: Perl_newGP (in /usr/bin/perl)
==26579==    by 0x17DD97: Perl_gv_init_pvn (in /usr/bin/perl)
==26579==    by 0x17F0DC: Perl_gv_fetchpvn_flags (in /usr/bin/perl)
==26579==    by 0x18457E: perl_parse (in /usr/bin/perl)
==26579== 
==26579== 80 bytes in 1 blocks are possibly lost in loss record 209 of 777
==26579==    at 0x484DA83: calloc (in /usr/libexec/valgrind/vgpreload_memcheck-amd64-linux.so)
==26579==    by 0x17D9C0: Perl_newGP (in /usr/bin/perl)
==26579==    by 0x17DD97: Perl_gv_init_pvn (in /usr/bin/perl)
==26579==    by 0x17EE1F: Perl_gv_fetchpvn_flags (in /usr/bin/perl)
==26579==    by 0x1845DA: perl_parse (in /usr/bin/perl)
==26579== 
==26579== 80 bytes in 1 blocks are possibly lost in loss record 210 of 777
==26579==    at 0x484DA83: calloc (in /usr/libexec/valgrind/vgpreload_memcheck-amd64-linux.so)
==26579==    by 0x17D9C0: Perl_newGP (in /usr/bin/perl)
==26579==    by 0x17DD97: Perl_gv_init_pvn (in /usr/bin/perl)
==26579==    by 0x17EE1F: Perl_gv_fetchpvn_flags (in /usr/bin/perl)
==26579==    by 0x2C72FF: Perl_set_caret_X (in /usr/bin/perl)
==26579== 
==26579== 80 bytes in 1 blocks are possibly lost in loss record 211 of 777
==26579==    at 0x484DCD3: realloc (in /usr/libexec/valgrind/vgpreload_memcheck-amd64-linux.so)
==26579==    by 0x1EB7BD: Perl_safesysrealloc (in /usr/bin/perl)
==26579==    by 0x205CC2: Perl_av_extend_guts (in /usr/bin/perl)
==26579==    by 0x20C1AD: Perl_av_store (in /usr/bin/perl)
==26579==    by 0x184C1B: perl_parse (in /usr/bin/perl)
==26579== 
==26579== 80 bytes in 1 blocks are possibly lost in loss record 212 of 777
==26579==    at 0x484DA83: calloc (in /usr/libexec/valgrind/vgpreload_memcheck-amd64-linux.so)
==26579==    by 0x17D9C0: Perl_newGP (in /usr/bin/perl)
==26579==    by 0x17DD97: Perl_gv_init_pvn (in /usr/bin/perl)
==26579==    by 0x17F0DC: Perl_gv_fetchpvn_flags (in /usr/bin/perl)
==26579==    by 0x2AA2AC: Perl_boot_core_UNIVERSAL (in /usr/bin/perl)
==26579== 
==26579== 80 bytes in 1 blocks are possibly lost in loss record 213 of 777
==26579==    at 0x484DA83: calloc (in /usr/libexec/valgrind/vgpreload_memcheck-amd64-linux.so)
==26579==    by 0x17D9C0: Perl_newGP (in /usr/bin/perl)
==26579==    by 0x17DD97: Perl_gv_init_pvn (in /usr/bin/perl)
==26579==    by 0x17EE1F: Perl_gv_fetchpvn_flags (in /usr/bin/perl)
==26579==    by 0x18502C: perl_parse (in /usr/bin/perl)
==26579== 
==26579== 80 bytes in 1 blocks are possibly lost in loss record 214 of 777
==26579==    at 0x484DA83: calloc (in /usr/libexec/valgrind/vgpreload_memcheck-amd64-linux.so)
==26579==    by 0x17D9C0: Perl_newGP (in /usr/bin/perl)
==26579==    by 0x17DD97: Perl_gv_init_pvn (in /usr/bin/perl)
==26579==    by 0x17EE1F: Perl_gv_fetchpvn_flags (in /usr/bin/perl)
==26579==    by 0x185072: perl_parse (in /usr/bin/perl)
==26579== 
==26579== 80 bytes in 1 blocks are possibly lost in loss record 215 of 777
==26579==    at 0x484DA83: calloc (in /usr/libexec/valgrind/vgpreload_memcheck-amd64-linux.so)
==26579==    by 0x17D9C0: Perl_newGP (in /usr/bin/perl)
==26579==    by 0x17DD97: Perl_gv_init_pvn (in /usr/bin/perl)
==26579==    by 0x17EE1F: Perl_gv_fetchpvn_flags (in /usr/bin/perl)
==26579==    by 0x1816F5: Perl_populate_isa (in /usr/bin/perl)
==26579== 
==26579== 80 bytes in 1 blocks are possibly lost in loss record 216 of 777
==26579==    at 0x484DA83: calloc (in /usr/libexec/valgrind/vgpreload_memcheck-amd64-linux.so)
==26579==    by 0x17D9C0: Perl_newGP (in /usr/bin/perl)
==26579==    by 0x17DD97: Perl_gv_init_pvn (in /usr/bin/perl)
==26579==    by 0x17EE1F: Perl_gv_fetchpvn_flags (in /usr/bin/perl)
==26579==    by 0x1850E1: perl_parse (in /usr/bin/perl)
==26579== 
==26579== 80 bytes in 1 blocks are possibly lost in loss record 217 of 777
==26579==    at 0x484DA83: calloc (in /usr/libexec/valgrind/vgpreload_memcheck-amd64-linux.so)
==26579==    by 0x17D9C0: Perl_newGP (in /usr/bin/perl)
==26579==    by 0x17DD97: Perl_gv_init_pvn (in /usr/bin/perl)
==26579==    by 0x17EE1F: Perl_gv_fetchpvn_flags (in /usr/bin/perl)
==26579==    by 0x185144: perl_parse (in /usr/bin/perl)
==26579== 
==26579== 80 bytes in 1 blocks are possibly lost in loss record 218 of 777
==26579==    at 0x484DA83: calloc (in /usr/libexec/valgrind/vgpreload_memcheck-amd64-linux.so)
==26579==    by 0x17D9C0: Perl_newGP (in /usr/bin/perl)
==26579==    by 0x17DD97: Perl_gv_init_pvn (in /usr/bin/perl)
==26579==    by 0x17EE1F: Perl_gv_fetchpvn_flags (in /usr/bin/perl)
==26579==    by 0x18517C: perl_parse (in /usr/bin/perl)
==26579== 
==26579== 80 bytes in 1 blocks are possibly lost in loss record 219 of 777
==26579==    at 0x484DA83: calloc (in /usr/libexec/valgrind/vgpreload_memcheck-amd64-linux.so)
==26579==    by 0x17D9C0: Perl_newGP (in /usr/bin/perl)
==26579==    by 0x17DD97: Perl_gv_init_pvn (in /usr/bin/perl)
==26579==    by 0x17EE1F: Perl_gv_fetchpvn_flags (in /usr/bin/perl)
==26579==    by 0x18520D: perl_parse (in /usr/bin/perl)
==26579== 
==26579== 80 bytes in 1 blocks are possibly lost in loss record 220 of 777
==26579==    at 0x484DA83: calloc (in /usr/libexec/valgrind/vgpreload_memcheck-amd64-linux.so)
==26579==    by 0x17D9C0: Perl_newGP (in /usr/bin/perl)
==26579==    by 0x17DD97: Perl_gv_init_pvn (in /usr/bin/perl)
==26579==    by 0x17EE1F: Perl_gv_fetchpvn_flags (in /usr/bin/perl)
==26579==    by 0x185240: perl_parse (in /usr/bin/perl)
==26579== 
==26579== 80 bytes in 1 blocks are possibly lost in loss record 221 of 777
==26579==    at 0x484DA83: calloc (in /usr/libexec/valgrind/vgpreload_memcheck-amd64-linux.so)
==26579==    by 0x17D9C0: Perl_newGP (in /usr/bin/perl)
==26579==    by 0x17DD97: Perl_gv_init_pvn (in /usr/bin/perl)
==26579==    by 0x17EE1F: Perl_gv_fetchpvn_flags (in /usr/bin/perl)
==26579==    by 0x18529A: perl_parse (in /usr/bin/perl)
==26579== 
==26579== 80 bytes in 1 blocks are possibly lost in loss record 222 of 777
==26579==    at 0x484DA83: calloc (in /usr/libexec/valgrind/vgpreload_memcheck-amd64-linux.so)
==26579==    by 0x17D9C0: Perl_newGP (in /usr/bin/perl)
==26579==    by 0x17DD97: Perl_gv_init_pvn (in /usr/bin/perl)
==26579==    by 0x17EE1F: Perl_gv_fetchpvn_flags (in /usr/bin/perl)
==26579==    by 0x1818DE: Perl_init_argv_symbols (in /usr/bin/perl)
==26579== 
==26579== 80 bytes in 1 blocks are possibly lost in loss record 223 of 777
==26579==    at 0x484DA83: calloc (in /usr/libexec/valgrind/vgpreload_memcheck-amd64-linux.so)
==26579==    by 0x17D9C0: Perl_newGP (in /usr/bin/perl)
==26579==    by 0x17DD97: Perl_gv_init_pvn (in /usr/bin/perl)
==26579==    by 0x17EE1F: Perl_gv_fetchpvn_flags (in /usr/bin/perl)
==26579==    by 0x181C87: ??? (in /usr/bin/perl)
==26579== 
==26579== 80 bytes in 1 blocks are possibly lost in loss record 224 of 777
==26579==    at 0x484DA83: calloc (in /usr/libexec/valgrind/vgpreload_memcheck-amd64-linux.so)
==26579==    by 0x17D9C0: Perl_newGP (in /usr/bin/perl)
==26579==    by 0x17DD97: Perl_gv_init_pvn (in /usr/bin/perl)
==26579==    by 0x17EE1F: Perl_gv_fetchpvn_flags (in /usr/bin/perl)
==26579==    by 0x181CC1: ??? (in /usr/bin/perl)
==26579== 
==26579== 80 bytes in 1 blocks are possibly lost in loss record 225 of 777
==26579==    at 0x484DA83: calloc (in /usr/libexec/valgrind/vgpreload_memcheck-amd64-linux.so)
==26579==    by 0x17D9C0: Perl_newGP (in /usr/bin/perl)
==26579==    by 0x17DD97: Perl_gv_init_pvn (in /usr/bin/perl)
==26579==    by 0x17E459: Perl_cvgv_from_hek (in /usr/bin/perl)
==26579==    by 0x16724A: ??? (in /usr/bin/perl)
==26579== 
==26579== 80 bytes in 1 blocks are possibly lost in loss record 226 of 777
==26579==    at 0x484DA83: calloc (in /usr/libexec/valgrind/vgpreload_memcheck-amd64-linux.so)
==26579==    by 0x17D9C0: Perl_newGP (in /usr/bin/perl)
==26579==    by 0x17DD97: Perl_gv_init_pvn (in /usr/bin/perl)
==26579==    by 0x17EE1F: Perl_gv_fetchpvn_flags (in /usr/bin/perl)
==26579==    by 0x1BB3DA: ??? (in /usr/bin/perl)
==26579== 
==26579== 80 bytes in 1 blocks are possibly lost in loss record 227 of 777
==26579==    at 0x484DA83: calloc (in /usr/libexec/valgrind/vgpreload_memcheck-amd64-linux.so)
==26579==    by 0x17D9C0: Perl_newGP (in /usr/bin/perl)
==26579==    by 0x17DD97: Perl_gv_init_pvn (in /usr/bin/perl)
==26579==    by 0x17EE1F: Perl_gv_fetchpvn_flags (in /usr/bin/perl)
==26579==    by 0x180F23: Perl_get_hv (in /usr/bin/perl)
==26579== 
==26579== 80 bytes in 1 blocks are possibly lost in loss record 228 of 777
==26579==    at 0x484DA83: calloc (in /usr/libexec/valgrind/vgpreload_memcheck-amd64-linux.so)
==26579==    by 0x17D9C0: Perl_newGP (in /usr/bin/perl)
==26579==    by 0x17DD97: Perl_gv_init_pvn (in /usr/bin/perl)
==26579==    by 0x17EE1F: Perl_gv_fetchpvn_flags (in /usr/bin/perl)
==26579==    by 0x2E5225: ??? (in /usr/bin/perl)
==26579== 
==26579== 80 bytes in 1 blocks are possibly lost in loss record 229 of 777
==26579==    at 0x484DA83: calloc (in /usr/libexec/valgrind/vgpreload_memcheck-amd64-linux.so)
==26579==    by 0x17D9C0: Perl_newGP (in /usr/bin/perl)
==26579==    by 0x17DD97: Perl_gv_init_pvn (in /usr/bin/perl)
==26579==    by 0x17F0DC: Perl_gv_fetchpvn_flags (in /usr/bin/perl)
==26579==    by 0x19E743: ??? (in /usr/bin/perl)
==26579== 
==26579== 80 bytes in 1 blocks are possibly lost in loss record 230 of 777
==26579==    at 0x484DCD3: realloc (in /usr/libexec/valgrind/vgpreload_memcheck-amd64-linux.so)
==26579==    by 0x2DFAEC: ??? (in /usr/bin/perl)
==26579==    by 0x2E6098: ??? (in /usr/bin/perl)
==26579==    by 0x2E2B3A: ??? (in /usr/bin/perl)
==26579==    by 0x1B730C: Perl_re_op_compile (in /usr/bin/perl)
==26579== 
==26579== 80 bytes in 1 blocks are possibly lost in loss record 231 of 777
==26579==    at 0x484DA83: calloc (in /usr/libexec/valgrind/vgpreload_memcheck-amd64-linux.so)
==26579==    by 0x17D9C0: Perl_newGP (in /usr/bin/perl)
==26579==    by 0x17DD97: Perl_gv_init_pvn (in /usr/bin/perl)
==26579==    by 0x602AC33: boot_List__Util (in /usr/lib/x86_64-linux-gnu/perl5/5.34/auto/List/Util/Util.so)
==26579==    by 0x21BF66: Perl_pp_entersub (in /usr/bin/perl)
==26579== 
==26579== 80 bytes in 1 blocks are possibly lost in loss record 232 of 777
==26579==    at 0x484DCD3: realloc (in /usr/libexec/valgrind/vgpreload_memcheck-amd64-linux.so)
==26579==    by 0x2DF7FE: ??? (in /usr/bin/perl)
==26579==    by 0x2E6098: ??? (in /usr/bin/perl)
==26579==    by 0x1B6A49: Perl_re_op_compile (in /usr/bin/perl)
==26579==    by 0x15E2A9: Perl_pmruntime (in /usr/bin/perl)
==26579== 
==26579== 80 bytes in 1 blocks are possibly lost in loss record 233 of 777
==26579==    at 0x4848899: malloc (in /usr/libexec/valgrind/vgpreload_memcheck-amd64-linux.so)
==26579==    by 0x1B798F: Perl_re_op_compile (in /usr/bin/perl)
==26579==    by 0x15E2A9: Perl_pmruntime (in /usr/bin/perl)
==26579==    by 0x1ACACA: Perl_yyparse (in /usr/bin/perl)
==26579==    by 0x25DF6A: ??? (in /usr/bin/perl)
==26579== 
==26579== 80 bytes in 1 blocks are possibly lost in loss record 234 of 777
==26579==    at 0x484DCD3: realloc (in /usr/libexec/valgrind/vgpreload_memcheck-amd64-linux.so)
==26579==    by 0x2DF7FE: ??? (in /usr/bin/perl)
==26579==    by 0x2E6098: ??? (in /usr/bin/perl)
==26579==    by 0x2E36B9: ??? (in /usr/bin/perl)
==26579==    by 0x1B730C: Perl_re_op_compile (in /usr/bin/perl)
==26579== 
==26579== 80 bytes in 1 blocks are possibly lost in loss record 235 of 777
==26579==    at 0x484DCD3: realloc (in /usr/libexec/valgrind/vgpreload_memcheck-amd64-linux.so)
==26579==    by 0x2DF7FE: ??? (in /usr/bin/perl)
==26579==    by 0x2E6098: ??? (in /usr/bin/perl)
==26579==    by 0x1B730C: Perl_re_op_compile (in /usr/bin/perl)
==26579==    by 0x253E5D: Perl_pp_regcomp (in /usr/bin/perl)
==26579== 
==26579== 80 bytes in 2 blocks are possibly lost in loss record 236 of 777
==26579==    at 0x4848899: malloc (in /usr/libexec/valgrind/vgpreload_memcheck-amd64-linux.so)
==26579==    by 0x1EB5FF: Perl_safesysmalloc (in /usr/bin/perl)
==26579==    by 0x205C6B: Perl_av_extend_guts (in /usr/bin/perl)
==26579==    by 0x20C1AD: Perl_av_store (in /usr/bin/perl)
==26579==    by 0x20C328: Perl_av_fetch (in /usr/bin/perl)
==26579== 
==26579== 80 bytes in 2 blocks are possibly lost in loss record 237 of 777
==26579==    at 0x484DA83: calloc (in /usr/libexec/valgrind/vgpreload_memcheck-amd64-linux.so)
==26579==    by 0x1579C4: Perl_newOP (in /usr/bin/perl)
==26579==    by 0x157F13: Perl_newLISTOP (in /usr/bin/perl)
==26579==    by 0x175550: Perl_rpeep (in /usr/bin/perl)
==26579==    by 0x17448D: Perl_rpeep (in /usr/bin/perl)
==26579== 
==26579== 80 bytes in 2 blocks are possibly lost in loss record 238 of 777
==26579==    at 0x484DCD3: realloc (in /usr/libexec/valgrind/vgpreload_memcheck-amd64-linux.so)
==26579==    by 0x1EB7BD: Perl_safesysrealloc (in /usr/bin/perl)
==26579==    by 0x1B34C4: ??? (in /usr/bin/perl)
==26579==    by 0x1B78B5: Perl_re_op_compile (in /usr/bin/perl)
==26579==    by 0x15E2A9: Perl_pmruntime (in /usr/bin/perl)
==26579== 
==26579== 80 bytes in 4 blocks are possibly lost in loss record 239 of 777
==26579==    at 0x484DCD3: realloc (in /usr/libexec/valgrind/vgpreload_memcheck-amd64-linux.so)
==26579==    by 0x1EB7BD: Perl_safesysrealloc (in /usr/bin/perl)
==26579==    by 0x21842B: Perl_sv_grow (in /usr/bin/perl)
==26579==    by 0x22DDF9: Perl_sv_catpvn_flags (in /usr/bin/perl)
==26579==    by 0x22E076: Perl_sv_catsv_flags (in /usr/bin/perl)
==26579== 
==26579== 81 bytes in 3 blocks are possibly lost in loss record 240 of 777
==26579==    at 0x4848899: malloc (in /usr/libexec/valgrind/vgpreload_memcheck-amd64-linux.so)
==26579==    by 0x161C9E: Perl_newSTATEOP (in /usr/bin/perl)
==26579==    by 0x1AA880: Perl_yyparse (in /usr/bin/perl)
==26579==    by 0x25DF6A: ??? (in /usr/bin/perl)
==26579==    by 0x261B61: Perl_pp_entereval (in /usr/bin/perl)
==26579== 
==26579== 81 bytes in 3 blocks are possibly lost in loss record 241 of 777
==26579==    at 0x4848899: malloc (in /usr/libexec/valgrind/vgpreload_memcheck-amd64-linux.so)
==26579==    by 0x161C9E: Perl_newSTATEOP (in /usr/bin/perl)
==26579==    by 0x168D83: Perl_newATTRSUB_x (in /usr/bin/perl)
==26579==    by 0x16A37E: Perl_newANONATTRSUB (in /usr/bin/perl)
==26579==    by 0x1AC4BE: Perl_yyparse (in /usr/bin/perl)
==26579== 
==26579== 88 bytes in 2 blocks are possibly lost in loss record 242 of 777
==26579==    at 0x4848899: malloc (in /usr/libexec/valgrind/vgpreload_memcheck-amd64-linux.so)
==26579==    by 0x1EB5FF: Perl_safesysmalloc (in /usr/bin/perl)
==26579==    by 0x20549A: ??? (in /usr/bin/perl)
==26579==    by 0x207845: Perl_hv_common (in /usr/bin/perl)
==26579==    by 0x1FC0CB: ??? (in /usr/bin/perl)
==26579== 
==26579== 88 bytes in 11 blocks are possibly lost in loss record 243 of 777
==26579==    at 0x484DA83: calloc (in /usr/libexec/valgrind/vgpreload_memcheck-amd64-linux.so)
==26579==    by 0x1EC93C: Perl_safesyscalloc (in /usr/bin/perl)
==26579==    by 0x1A976A: Perl_pad_new (in /usr/bin/perl)
==26579==    by 0x1A9A0E: Perl_start_subparse (in /usr/bin/perl)
==26579==    by 0x1AB518: Perl_yyparse (in /usr/bin/perl)
==26579== 
==26579== 90 bytes in 9 blocks are possibly lost in loss record 244 of 777
==26579==    at 0x4848899: malloc (in /usr/libexec/valgrind/vgpreload_memcheck-amd64-linux.so)
==26579==    by 0x1EB5FF: Perl_safesysmalloc (in /usr/bin/perl)
==26579==    by 0x218487: Perl_sv_grow (in /usr/bin/perl)
==26579==    by 0x22C29D: Perl_sv_setpv (in /usr/bin/perl)
==26579==    by 0x22C7FA: Perl_sv_ref (in /usr/bin/perl)
==26579== 
==26579== 92 bytes in 2 blocks are possibly lost in loss record 245 of 777
==26579==    at 0x4848899: malloc (in /usr/libexec/valgrind/vgpreload_memcheck-amd64-linux.so)
==26579==    by 0x1EB5FF: Perl_safesysmalloc (in /usr/bin/perl)
==26579==    by 0x167777: Perl_newXS_len_flags (in /usr/bin/perl)
==26579==    by 0x167A40: Perl_newCONSTSUB_flags (in /usr/bin/perl)
==26579==    by 0x1B0741: ??? (in /usr/bin/perl)
==26579== 
==26579== 96 bytes in 1 blocks are possibly lost in loss record 246 of 777
==26579==    at 0x484DA83: calloc (in /usr/libexec/valgrind/vgpreload_memcheck-amd64-linux.so)
==26579==    by 0x2DD947: ??? (in /usr/bin/perl)
==26579==    by 0x2E6098: ??? (in /usr/bin/perl)
==26579==    by 0x2E2B3A: ??? (in /usr/bin/perl)
==26579==    by 0x1B730C: Perl_re_op_compile (in /usr/bin/perl)
==26579== 
==26579== 96 bytes in 1 blocks are possibly lost in loss record 247 of 777
==26579==    at 0x484DA83: calloc (in /usr/libexec/valgrind/vgpreload_memcheck-amd64-linux.so)
==26579==    by 0x2DD947: ??? (in /usr/bin/perl)
==26579==    by 0x2E6098: ??? (in /usr/bin/perl)
==26579==    by 0x1B6A49: Perl_re_op_compile (in /usr/bin/perl)
==26579==    by 0x15E2A9: Perl_pmruntime (in /usr/bin/perl)
==26579== 
==26579== 96 bytes in 1 blocks are possibly lost in loss record 248 of 777
==26579==    at 0x484DA83: calloc (in /usr/libexec/valgrind/vgpreload_memcheck-amd64-linux.so)
==26579==    by 0x2DD947: ??? (in /usr/bin/perl)
==26579==    by 0x2E6098: ??? (in /usr/bin/perl)
==26579==    by 0x2E36B9: ??? (in /usr/bin/perl)
==26579==    by 0x1B730C: Perl_re_op_compile (in /usr/bin/perl)
==26579== 
==26579== 96 bytes in 1 blocks are possibly lost in loss record 249 of 777
==26579==    at 0x484DA83: calloc (in /usr/libexec/valgrind/vgpreload_memcheck-amd64-linux.so)
==26579==    by 0x2DD947: ??? (in /usr/bin/perl)
==26579==    by 0x2E6098: ??? (in /usr/bin/perl)
==26579==    by 0x1B730C: Perl_re_op_compile (in /usr/bin/perl)
==26579==    by 0x253E5D: Perl_pp_regcomp (in /usr/bin/perl)
==26579== 
==26579== 96 bytes in 2 blocks are possibly lost in loss record 250 of 777
==26579==    at 0x484DA83: calloc (in /usr/libexec/valgrind/vgpreload_memcheck-amd64-linux.so)
==26579==    by 0x220C8D: Perl_sv_magicext (in /usr/bin/perl)
==26579==    by 0x2234A9: Perl_sv_magic (in /usr/bin/perl)
==26579==    by 0x18010F: Perl_gv_fetchpvn_flags (in /usr/bin/perl)
==26579==    by 0x19E743: ??? (in /usr/bin/perl)
==26579== 
==26579== 96 bytes in 2 blocks are possibly lost in loss record 251 of 777
==26579==    at 0x484DA83: calloc (in /usr/libexec/valgrind/vgpreload_memcheck-amd64-linux.so)
==26579==    by 0x220C8D: Perl_sv_magicext (in /usr/bin/perl)
==26579==    by 0x2234A9: Perl_sv_magic (in /usr/bin/perl)
==26579==    by 0x18015F: Perl_gv_fetchpvn_flags (in /usr/bin/perl)
==26579==    by 0x19E743: ??? (in /usr/bin/perl)
==26579== 
==26579== 96 bytes in 2 blocks are possibly lost in loss record 252 of 777
==26579==    at 0x484DA83: calloc (in /usr/libexec/valgrind/vgpreload_memcheck-amd64-linux.so)
==26579==    by 0x220C8D: Perl_sv_magicext (in /usr/bin/perl)
==26579==    by 0x2234A9: Perl_sv_magic (in /usr/bin/perl)
==26579==    by 0x20C05C: Perl_av_store (in /usr/bin/perl)
==26579==    by 0x24B1B9: Perl_pp_push (in /usr/bin/perl)
==26579== 
==26579== 96 bytes in 3 blocks are possibly lost in loss record 253 of 777
==26579==    at 0x4848899: malloc (in /usr/libexec/valgrind/vgpreload_memcheck-amd64-linux.so)
==26579==    by 0x1EB5FF: Perl_safesysmalloc (in /usr/bin/perl)
==26579==    by 0x205C6B: Perl_av_extend_guts (in /usr/bin/perl)
==26579==    by 0x220F8A: Perl_sv_add_backref (in /usr/bin/perl)
==26579==    by 0x168EEC: Perl_newATTRSUB_x (in /usr/bin/perl)
==26579== 
==26579== 96 bytes in 3 blocks are possibly lost in loss record 254 of 777
==26579==    at 0x484DA83: calloc (in /usr/libexec/valgrind/vgpreload_memcheck-amd64-linux.so)
==26579==    by 0x2DD9BB: ??? (in /usr/bin/perl)
==26579==    by 0x2E6098: ??? (in /usr/bin/perl)
==26579==    by 0x1B730C: Perl_re_op_compile (in /usr/bin/perl)
==26579==    by 0x15E2A9: Perl_pmruntime (in /usr/bin/perl)
==26579== 
==26579== 96 bytes in 3 blocks are possibly lost in loss record 255 of 777
==26579==    at 0x4848899: malloc (in /usr/libexec/valgrind/vgpreload_memcheck-amd64-linux.so)
==26579==    by 0x171DBF: ??? (in /usr/bin/perl)
==26579==    by 0x174A5C: Perl_rpeep (in /usr/bin/perl)
==26579==    by 0x17448D: Perl_rpeep (in /usr/bin/perl)
==26579==    by 0x175A72: Perl_rpeep (in /usr/bin/perl)
==26579== 
==26579== 96 bytes in 3 blocks are possibly lost in loss record 256 of 777
==26579==    at 0x4848899: malloc (in /usr/libexec/valgrind/vgpreload_memcheck-amd64-linux.so)
==26579==    by 0x171DBF: ??? (in /usr/bin/perl)
==26579==    by 0x174A5C: Perl_rpeep (in /usr/bin/perl)
==26579==    by 0x175A72: Perl_rpeep (in /usr/bin/perl)
==26579==    by 0x158D9B: ??? (in /usr/bin/perl)
==26579== 
==26579== 96 bytes in 3 blocks are possibly lost in loss record 257 of 777
==26579==    at 0x4848899: malloc (in /usr/libexec/valgrind/vgpreload_memcheck-amd64-linux.so)
==26579==    by 0x171DBF: ??? (in /usr/bin/perl)
==26579==    by 0x174A5C: Perl_rpeep (in /usr/bin/perl)
==26579==    by 0x175AE1: Perl_rpeep (in /usr/bin/perl)
==26579==    by 0x17568E: Perl_rpeep (in /usr/bin/perl)
==26579== 
==26579== 96 bytes in 3 blocks are possibly lost in loss record 258 of 777
==26579==    at 0x4848899: malloc (in /usr/libexec/valgrind/vgpreload_memcheck-amd64-linux.so)
==26579==    by 0x171DBF: ??? (in /usr/bin/perl)
==26579==    by 0x174A5C: Perl_rpeep (in /usr/bin/perl)
==26579==    by 0x17448D: Perl_rpeep (in /usr/bin/perl)
==26579==    by 0x175B4D: Perl_rpeep (in /usr/bin/perl)
==26579== 
==26579== 96 bytes in 4 blocks are possibly lost in loss record 259 of 777
==26579==    at 0x484DCD3: realloc (in /usr/libexec/valgrind/vgpreload_memcheck-amd64-linux.so)
==26579==    by 0x2E96E6: ??? (in /usr/bin/perl)
==26579==    by 0x152D92: Perl_Slab_Free (in /usr/bin/perl)
==26579==    by 0x16475C: Perl_newFOROP (in /usr/bin/perl)
==26579==    by 0x1AB76D: Perl_yyparse (in /usr/bin/perl)
==26579== 
==26579== 102 bytes in 9 blocks are possibly lost in loss record 260 of 777
==26579==    at 0x4848899: malloc (in /usr/libexec/valgrind/vgpreload_memcheck-amd64-linux.so)
==26579==    by 0x1EB5FF: Perl_safesysmalloc (in /usr/bin/perl)
==26579==    by 0x218487: Perl_sv_grow (in /usr/bin/perl)
==26579==    by 0x22A994: Perl_sv_setsv_flags (in /usr/bin/perl)
==26579==    by 0x216EA2: Perl_leave_adjust_stacks (in /usr/bin/perl)
==26579== 
==26579== 104 bytes in 2 blocks are possibly lost in loss record 261 of 777
==26579==    at 0x484DCD3: realloc (in /usr/libexec/valgrind/vgpreload_memcheck-amd64-linux.so)
==26579==    by 0x1EB7BD: Perl_safesysrealloc (in /usr/bin/perl)
==26579==    by 0x21C653: Perl_pp_entersub (in /usr/bin/perl)
==26579==    by 0x203F55: Perl_runops_standard (in /usr/bin/perl)
==26579==    by 0x17B978: Perl_call_sv (in /usr/bin/perl)
==26579== 
==26579== 112 bytes in 3 blocks are possibly lost in loss record 262 of 777
==26579==    at 0x4848899: malloc (in /usr/libexec/valgrind/vgpreload_memcheck-amd64-linux.so)
==26579==    by 0x1EB5FF: Perl_safesysmalloc (in /usr/bin/perl)
==26579==    by 0x20AD7E: Perl_av_make (in /usr/bin/perl)
==26579==    by 0x24A3E0: Perl_pp_anonlist (in /usr/bin/perl)
==26579==    by 0x15A668: ??? (in /usr/bin/perl)
==26579== 
==26579== 113 bytes in 46 blocks are possibly lost in loss record 263 of 777
==26579==    at 0x484DCD3: realloc (in /usr/libexec/valgrind/vgpreload_memcheck-amd64-linux.so)
==26579==    by 0x1EB7BD: Perl_safesysrealloc (in /usr/bin/perl)
==26579==    by 0x193B95: ??? (in /usr/bin/perl)
==26579==    by 0x1A1EBE: Perl_yylex (in /usr/bin/perl)
==26579==    by 0x1AA23C: Perl_yyparse (in /usr/bin/perl)
==26579== 
==26579== 119 bytes in 3 blocks are possibly lost in loss record 264 of 777
==26579==    at 0x4848899: malloc (in /usr/libexec/valgrind/vgpreload_memcheck-amd64-linux.so)
==26579==    by 0x204F52: Perl_refcounted_he_new_pvn (in /usr/bin/perl)
==26579==    by 0x20537D: Perl_cop_store_label (in /usr/bin/perl)
==26579==    by 0x161CF3: Perl_newSTATEOP (in /usr/bin/perl)
==26579==    by 0x1AB4C7: Perl_yyparse (in /usr/bin/perl)
==26579== 
==26579== 120 bytes in 1 blocks are possibly lost in loss record 265 of 777
==26579==    at 0x484DA83: calloc (in /usr/libexec/valgrind/vgpreload_memcheck-amd64-linux.so)
==26579==    by 0x1EC93C: Perl_safesyscalloc (in /usr/bin/perl)
==26579==    by 0x204A44: ??? (in /usr/bin/perl)
==26579==    by 0x206A97: Perl_hv_name_set (in /usr/bin/perl)
==26579==    by 0x17F684: Perl_gv_fetchpvn_flags (in /usr/bin/perl)
==26579== 
==26579== 120 bytes in 1 blocks are possibly lost in loss record 266 of 777
==26579==    at 0x484DCD3: realloc (in /usr/libexec/valgrind/vgpreload_memcheck-amd64-linux.so)
==26579==    by 0x1EB7BD: Perl_safesysrealloc (in /usr/bin/perl)
==26579==    by 0x21842B: Perl_sv_grow (in /usr/bin/perl)
==26579==    by 0x22BA87: Perl_sv_setpvn (in /usr/bin/perl)
==26579==    by 0x21EE7B: Perl_sv_copypv_flags (in /usr/bin/perl)
==26579== 
==26579== 120 bytes in 12 blocks are possibly lost in loss record 267 of 777
==26579==    at 0x4848899: malloc (in /usr/libexec/valgrind/vgpreload_memcheck-amd64-linux.so)
==26579==    by 0x1EB5FF: Perl_safesysmalloc (in /usr/bin/perl)
==26579==    by 0x218487: Perl_sv_grow (in /usr/bin/perl)
==26579==    by 0x22BA87: Perl_sv_setpvn (in /usr/bin/perl)
==26579==    by 0x580E9F8: boot_POSIX (in /usr/lib/x86_64-linux-gnu/perl-base/auto/POSIX/POSIX.so)
==26579== 
==26579== 120 bytes in 12 blocks are possibly lost in loss record 268 of 777
==26579==    at 0x4848899: malloc (in /usr/libexec/valgrind/vgpreload_memcheck-amd64-linux.so)
==26579==    by 0x1EB5FF: Perl_safesysmalloc (in /usr/bin/perl)
==26579==    by 0x218487: Perl_sv_grow (in /usr/bin/perl)
==26579==    by 0x22BA87: Perl_sv_setpvn (in /usr/bin/perl)
==26579==    by 0x16917F: Perl_newATTRSUB_x (in /usr/bin/perl)
==26579== 
==26579== 120 bytes in 15 blocks are possibly lost in loss record 269 of 777
==26579==    at 0x484DA83: calloc (in /usr/libexec/valgrind/vgpreload_memcheck-amd64-linux.so)
==26579==    by 0x2E973E: ??? (in /usr/bin/perl)
==26579==    by 0x152D92: Perl_Slab_Free (in /usr/bin/perl)
==26579==    by 0x173EEB: ??? (in /usr/bin/perl)
==26579==    by 0x168D75: Perl_newATTRSUB_x (in /usr/bin/perl)
==26579== 
==26579== 120 bytes in 10 blocks are definitely lost in loss record 270 of 777
==26579==    at 0x4848899: malloc (in /usr/libexec/valgrind/vgpreload_memcheck-amd64-linux.so)
==26579==    by 0x1EB5FF: Perl_safesysmalloc (in /usr/bin/perl)
==26579==    by 0x2B72C8: ??? (in /usr/bin/perl)
==26579==    by 0x2B74BD: ??? (in /usr/bin/perl)
==26579==    by 0x2BAEDF: Perl_init_i18nl10n (in /usr/bin/perl)
==26579== 
==26579== 128 bytes in 1 blocks are possibly lost in loss record 271 of 777
==26579==    at 0x4848899: malloc (in /usr/libexec/valgrind/vgpreload_memcheck-amd64-linux.so)
==26579==    by 0x1B64AC: Perl_re_op_compile (in /usr/bin/perl)
==26579==    by 0x253E5D: Perl_pp_regcomp (in /usr/bin/perl)
==26579==    by 0x203F55: Perl_runops_standard (in /usr/bin/perl)
==26579==    by 0x17B978: Perl_call_sv (in /usr/bin/perl)
==26579== 
==26579== 128 bytes in 1 blocks are possibly lost in loss record 272 of 777
==26579==    at 0x4848899: malloc (in /usr/libexec/valgrind/vgpreload_memcheck-amd64-linux.so)
==26579==    by 0x1D9F3B: Perl_reg_temp_copy (in /usr/bin/perl)
==26579==    by 0x253EC0: Perl_pp_regcomp (in /usr/bin/perl)
==26579==    by 0x203F55: Perl_runops_standard (in /usr/bin/perl)
==26579==    by 0x17B978: Perl_call_sv (in /usr/bin/perl)
==26579== 
==26579== 128 bytes in 1 blocks are possibly lost in loss record 273 of 777
==26579==    at 0x484DA83: calloc (in /usr/libexec/valgrind/vgpreload_memcheck-amd64-linux.so)
==26579==    by 0x1B79DA: Perl_re_op_compile (in /usr/bin/perl)
==26579==    by 0x15E2A9: Perl_pmruntime (in /usr/bin/perl)
==26579==    by 0x1ACACA: Perl_yyparse (in /usr/bin/perl)
==26579==    by 0x18548B: perl_parse (in /usr/bin/perl)
==26579== 
==26579== 128 bytes in 2 blocks are possibly lost in loss record 274 of 777
==26579==    at 0x484DA83: calloc (in /usr/libexec/valgrind/vgpreload_memcheck-amd64-linux.so)
==26579==    by 0x1EC93C: Perl_safesyscalloc (in /usr/bin/perl)
==26579==    by 0x207880: Perl_hv_common (in /usr/bin/perl)
==26579==    by 0x1FCFE7: Perl_mro_isa_changed_in (in /usr/bin/perl)
==26579==    by 0x1F6B72: Perl_magic_clearisa (in /usr/bin/perl)
==26579== 
==26579== 128 bytes in 2 blocks are possibly lost in loss record 275 of 777
==26579==    at 0x4848899: malloc (in /usr/libexec/valgrind/vgpreload_memcheck-amd64-linux.so)
==26579==    by 0x1EB5FF: Perl_safesysmalloc (in /usr/bin/perl)
==26579==    by 0x20A382: Perl_newHVhv (in /usr/bin/perl)
==26579==    by 0x1FBFC9: ??? (in /usr/bin/perl)
==26579==    by 0x1FBF7F: ??? (in /usr/bin/perl)
==26579== 
==26579== 128 bytes in 4 blocks are possibly lost in loss record 276 of 777
==26579==    at 0x4848899: malloc (in /usr/libexec/valgrind/vgpreload_memcheck-amd64-linux.so)
==26579==    by 0x1EB5FF: Perl_safesysmalloc (in /usr/bin/perl)
==26579==    by 0x205C6B: Perl_av_extend_guts (in /usr/bin/perl)
==26579==    by 0x20C1AD: Perl_av_store (in /usr/bin/perl)
==26579==    by 0x24B1B9: Perl_pp_push (in /usr/bin/perl)
==26579== 
==26579== 128 bytes in 5 blocks are possibly lost in loss record 277 of 777
==26579==    at 0x484DCD3: realloc (in /usr/libexec/valgrind/vgpreload_memcheck-amd64-linux.so)
==26579==    by 0x1EB7BD: Perl_safesysrealloc (in /usr/bin/perl)
==26579==    by 0x21842B: Perl_sv_grow (in /usr/bin/perl)
==26579==    by 0x22DDF9: Perl_sv_catpvn_flags (in /usr/bin/perl)
==26579==    by 0x2E1D79: ??? (in /usr/bin/perl)
==26579== 
==26579== 128 bytes in 1 blocks are definitely lost in loss record 278 of 777
==26579==    at 0x4848899: malloc (in /usr/libexec/valgrind/vgpreload_memcheck-amd64-linux.so)
==26579==    by 0x17C7BE: Perl_init_stacks (in /usr/bin/perl)
==26579==    by 0x1783BC: perl_construct (in /usr/bin/perl)
==26579==    by 0x152887: main (in /usr/bin/perl)
==26579== 
==26579== 128 bytes in 1 blocks are definitely lost in loss record 279 of 777
==26579==    at 0x4848899: malloc (in /usr/libexec/valgrind/vgpreload_memcheck-amd64-linux.so)
==26579==    by 0x17C7EC: Perl_init_stacks (in /usr/bin/perl)
==26579==    by 0x1783BC: perl_construct (in /usr/bin/perl)
==26579==    by 0x152887: main (in /usr/bin/perl)
==26579== 
==26579== 128 bytes in 1 blocks are definitely lost in loss record 280 of 777
==26579==    at 0x4848899: malloc (in /usr/libexec/valgrind/vgpreload_memcheck-amd64-linux.so)
==26579==    by 0x1F2298: Perl_my_cxt_init (in /usr/bin/perl)
==26579==    by 0x2C981E: boot_DynaLoader (in /usr/bin/perl)
==26579==    by 0x21BF66: Perl_pp_entersub (in /usr/bin/perl)
==26579==    by 0x203F55: Perl_runops_standard (in /usr/bin/perl)
==26579== 
==26579== 129 bytes in 3 blocks are possibly lost in loss record 281 of 777
==26579==    at 0x4848899: malloc (in /usr/libexec/valgrind/vgpreload_memcheck-amd64-linux.so)
==26579==    by 0x204F52: Perl_refcounted_he_new_pvn (in /usr/bin/perl)
==26579==    by 0x2052B0: Perl_refcounted_he_new_sv (in /usr/bin/perl)
==26579==    by 0x1FB2DC: Perl_magic_clearhint (in /usr/bin/perl)
==26579==    by 0x1F49A4: Perl_mg_clear (in /usr/bin/perl)
==26579== 
==26579== 136 bytes in 4 blocks are possibly lost in loss record 282 of 777
==26579==    at 0x484DCD3: realloc (in /usr/libexec/valgrind/vgpreload_memcheck-amd64-linux.so)
==26579==    by 0x1EB7BD: Perl_safesysrealloc (in /usr/bin/perl)
==26579==    by 0x1B34C4: ??? (in /usr/bin/perl)
==26579==    by 0x1D15DF: ??? (in /usr/bin/perl)
==26579==    by 0x1B3769: ??? (in /usr/bin/perl)
==26579== 
==26579== 138 bytes in 3 blocks are possibly lost in loss record 283 of 777
==26579==    at 0x4848899: malloc (in /usr/libexec/valgrind/vgpreload_memcheck-amd64-linux.so)
==26579==    by 0x1EB5FF: Perl_safesysmalloc (in /usr/bin/perl)
==26579==    by 0x218487: Perl_sv_grow (in /usr/bin/perl)
==26579==    by 0x22A994: Perl_sv_setsv_flags (in /usr/bin/perl)
==26579==    by 0x22FB07: Perl_sv_mortalcopy_flags (in /usr/bin/perl)
==26579== 
==26579== 140 bytes in 14 blocks are possibly lost in loss record 284 of 777
==26579==    at 0x4848899: malloc (in /usr/libexec/valgrind/vgpreload_memcheck-amd64-linux.so)
==26579==    by 0x1EB5FF: Perl_safesysmalloc (in /usr/bin/perl)
==26579==    by 0x218487: Perl_sv_grow (in /usr/bin/perl)
==26579==    by 0x22BA87: Perl_sv_setpvn (in /usr/bin/perl)
==26579==    by 0x168993: Perl_newATTRSUB_x (in /usr/bin/perl)
==26579== 
==26579== 144 bytes in 2 blocks are possibly lost in loss record 285 of 777
==26579==    at 0x484DA83: calloc (in /usr/libexec/valgrind/vgpreload_memcheck-amd64-linux.so)
==26579==    by 0x2E9616: ??? (in /usr/bin/perl)
==26579==    by 0x1FBEC7: ??? (in /usr/bin/perl)
==26579==    by 0x1FBF7F: ??? (in /usr/bin/perl)
==26579==    by 0x1FC2A2: Perl_mro_get_linear_isa (in /usr/bin/perl)
==26579== 
==26579== 144 bytes in 3 blocks are possibly lost in loss record 286 of 777
==26579==    at 0x484DA83: calloc (in /usr/libexec/valgrind/vgpreload_memcheck-amd64-linux.so)
==26579==    by 0x220C8D: Perl_sv_magicext (in /usr/bin/perl)
==26579==    by 0x2234A9: Perl_sv_magic (in /usr/bin/perl)
==26579==    by 0x20C05C: Perl_av_store (in /usr/bin/perl)
==26579==    by 0x1817F0: Perl_populate_isa (in /usr/bin/perl)
==26579== 
==26579== 144 bytes in 3 blocks are possibly lost in loss record 287 of 777
==26579==    at 0x484DCD3: realloc (in /usr/libexec/valgrind/vgpreload_memcheck-amd64-linux.so)
==26579==    by 0x1EB7BD: Perl_safesysrealloc (in /usr/bin/perl)
==26579==    by 0x21842B: Perl_sv_grow (in /usr/bin/perl)
==26579==    by 0x22DDF9: Perl_sv_catpvn_flags (in /usr/bin/perl)
==26579==    by 0x21E387: Perl_pp_subst (in /usr/bin/perl)
==26579== 
==26579== 144 bytes in 3 blocks are possibly lost in loss record 288 of 777
==26579==    at 0x484DA83: calloc (in /usr/libexec/valgrind/vgpreload_memcheck-amd64-linux.so)
==26579==    by 0x220C8D: Perl_sv_magicext (in /usr/bin/perl)
==26579==    by 0x2234A9: Perl_sv_magic (in /usr/bin/perl)
==26579==    by 0x26807E: Perl_pp_tie (in /usr/bin/perl)
==26579==    by 0x203F55: Perl_runops_standard (in /usr/bin/perl)
==26579== 
==26579== 144 bytes in 3 blocks are possibly lost in loss record 289 of 777
==26579==    at 0x484DA83: calloc (in /usr/libexec/valgrind/vgpreload_memcheck-amd64-linux.so)
==26579==    by 0x220C8D: Perl_sv_magicext (in /usr/bin/perl)
==26579==    by 0x2234A9: Perl_sv_magic (in /usr/bin/perl)
==26579==    by 0x189DF3: Perl_Gv_AMupdate (in /usr/bin/perl)
==26579==    by 0x18A2FE: Perl_amagic_call (in /usr/bin/perl)
==26579== 
==26579== 144 bytes in 6 blocks are possibly lost in loss record 290 of 777
==26579==    at 0x484DCD3: realloc (in /usr/libexec/valgrind/vgpreload_memcheck-amd64-linux.so)
==26579==    by 0x2E96E6: ??? (in /usr/bin/perl)
==26579==    by 0x152D92: Perl_Slab_Free (in /usr/bin/perl)
==26579==    by 0x173EEB: ??? (in /usr/bin/perl)
==26579==    by 0x15B430: ??? (in /usr/bin/perl)
==26579== 
==26579== 144 bytes in 6 blocks are possibly lost in loss record 291 of 777
==26579==    at 0x4848899: malloc (in /usr/libexec/valgrind/vgpreload_memcheck-amd64-linux.so)
==26579==    by 0x1EB5FF: Perl_safesysmalloc (in /usr/bin/perl)
==26579==    by 0x1B353E: ??? (in /usr/bin/perl)
==26579==    by 0x1B8132: Perl_re_op_compile (in /usr/bin/perl)
==26579==    by 0x15E2A9: Perl_pmruntime (in /usr/bin/perl)
==26579== 
==26579== 145 bytes in 3 blocks are possibly lost in loss record 292 of 777
==26579==    at 0x4848899: malloc (in /usr/libexec/valgrind/vgpreload_memcheck-amd64-linux.so)
==26579==    by 0x161D75: Perl_newSTATEOP (in /usr/bin/perl)
==26579==    by 0x1AB4C7: Perl_yyparse (in /usr/bin/perl)
==26579==    by 0x25DF6A: ??? (in /usr/bin/perl)
==26579==    by 0x260118: Perl_pp_require (in /usr/bin/perl)
==26579== 
==26579== 160 bytes in 2 blocks are possibly lost in loss record 293 of 777
==26579==    at 0x484DA83: calloc (in /usr/libexec/valgrind/vgpreload_memcheck-amd64-linux.so)
==26579==    by 0x17D9C0: Perl_newGP (in /usr/bin/perl)
==26579==    by 0x17DD97: Perl_gv_init_pvn (in /usr/bin/perl)
==26579==    by 0x17F0DC: Perl_gv_fetchpvn_flags (in /usr/bin/perl)
==26579==    by 0x1845AC: perl_parse (in /usr/bin/perl)
==26579== 
==26579== 160 bytes in 2 blocks are possibly lost in loss record 294 of 777
==26579==    at 0x484DA83: calloc (in /usr/libexec/valgrind/vgpreload_memcheck-amd64-linux.so)
==26579==    by 0x17D9C0: Perl_newGP (in /usr/bin/perl)
==26579==    by 0x17DD97: Perl_gv_init_pvn (in /usr/bin/perl)
==26579==    by 0x17F0DC: Perl_gv_fetchpvn_flags (in /usr/bin/perl)
==26579==    by 0x1816F5: Perl_populate_isa (in /usr/bin/perl)
==26579== 
==26579== 160 bytes in 5 blocks are possibly lost in loss record 295 of 777
==26579==    at 0x4848899: malloc (in /usr/libexec/valgrind/vgpreload_memcheck-amd64-linux.so)
==26579==    by 0x1EB5FF: Perl_safesysmalloc (in /usr/bin/perl)
==26579==    by 0x1B353E: ??? (in /usr/bin/perl)
==26579==    by 0x2DD8B0: ??? (in /usr/bin/perl)
==26579==    by 0x2E6098: ??? (in /usr/bin/perl)
==26579== 
==26579== 176 bytes in 1 blocks are possibly lost in loss record 296 of 777
==26579==    at 0x484DCD3: realloc (in /usr/libexec/valgrind/vgpreload_memcheck-amd64-linux.so)
==26579==    by 0x1EB7BD: Perl_safesysrealloc (in /usr/bin/perl)
==26579==    by 0x205CC2: Perl_av_extend_guts (in /usr/bin/perl)
==26579==    by 0x20C1AD: Perl_av_store (in /usr/bin/perl)
==26579==    by 0x18196B: Perl_init_argv_symbols (in /usr/bin/perl)
==26579== 
==26579== 176 bytes in 1 blocks are possibly lost in loss record 297 of 777
==26579==    at 0x484DCD3: realloc (in /usr/libexec/valgrind/vgpreload_memcheck-amd64-linux.so)
==26579==    by 0x2DF7FE: ??? (in /usr/bin/perl)
==26579==    by 0x2E6098: ??? (in /usr/bin/perl)
==26579==    by 0x2E2B3A: ??? (in /usr/bin/perl)
==26579==    by 0x1B730C: Perl_re_op_compile (in /usr/bin/perl)
==26579== 
==26579== 176 bytes in 3 blocks are possibly lost in loss record 298 of 777
==26579==    at 0x4848899: malloc (in /usr/libexec/valgrind/vgpreload_memcheck-amd64-linux.so)
==26579==    by 0x1EB5FF: Perl_safesysmalloc (in /usr/bin/perl)
==26579==    by 0x205C6B: Perl_av_extend_guts (in /usr/bin/perl)
==26579==    by 0x253386: Perl_pp_split (in /usr/bin/perl)
==26579==    by 0x203F55: Perl_runops_standard (in /usr/bin/perl)
==26579== 
==26579== 184 bytes in 3 blocks are possibly lost in loss record 299 of 777
==26579==    at 0x484DCD3: realloc (in /usr/libexec/valgrind/vgpreload_memcheck-amd64-linux.so)
==26579==    by 0x2E96E6: ??? (in /usr/bin/perl)
==26579==    by 0x152D92: Perl_Slab_Free (in /usr/bin/perl)
==26579==    by 0x173EEB: ??? (in /usr/bin/perl)
==26579==    by 0x162135: ??? (in /usr/bin/perl)
==26579== 
==26579== 189 bytes in 4 blocks are possibly lost in loss record 300 of 777
==26579==    at 0x4848899: malloc (in /usr/libexec/valgrind/vgpreload_memcheck-amd64-linux.so)
==26579==    by 0x161D75: Perl_newSTATEOP (in /usr/bin/perl)
==26579==    by 0x168D83: Perl_newATTRSUB_x (in /usr/bin/perl)
==26579==    by 0x1ADB98: Perl_yyparse (in /usr/bin/perl)
==26579==    by 0x25DF6A: ??? (in /usr/bin/perl)
==26579== 
==26579== 190 bytes in 19 blocks are possibly lost in loss record 301 of 777
==26579==    at 0x4848899: malloc (in /usr/libexec/valgrind/vgpreload_memcheck-amd64-linux.so)
==26579==    by 0x1EB5FF: Perl_safesysmalloc (in /usr/bin/perl)
==26579==    by 0x218487: Perl_sv_grow (in /usr/bin/perl)
==26579==    by 0x22BA87: Perl_sv_setpvn (in /usr/bin/perl)
==26579==    by 0x191239: ??? (in /usr/bin/perl)
==26579== 
==26579== 192 bytes in 3 blocks are possibly lost in loss record 302 of 777
==26579==    at 0x484DA83: calloc (in /usr/libexec/valgrind/vgpreload_memcheck-amd64-linux.so)
==26579==    by 0x1EC93C: Perl_safesyscalloc (in /usr/bin/perl)
==26579==    by 0x207880: Perl_hv_common (in /usr/bin/perl)
==26579==    by 0x1FBDF7: ??? (in /usr/bin/perl)
==26579==    by 0x1FBF7F: ??? (in /usr/bin/perl)
==26579== 
==26579== 192 bytes in 3 blocks are possibly lost in loss record 303 of 777
==26579==    at 0x484DA83: calloc (in /usr/libexec/valgrind/vgpreload_memcheck-amd64-linux.so)
==26579==    by 0x1EC93C: Perl_safesyscalloc (in /usr/bin/perl)
==26579==    by 0x207880: Perl_hv_common (in /usr/bin/perl)
==26579==    by 0x212188: Perl_pp_aassign (in /usr/bin/perl)
==26579==    by 0x203F55: Perl_runops_standard (in /usr/bin/perl)
==26579== 
==26579== 192 bytes in 8 blocks are possibly lost in loss record 304 of 777
==26579==    at 0x484DCD3: realloc (in /usr/libexec/valgrind/vgpreload_memcheck-amd64-linux.so)
==26579==    by 0x1EB7BD: Perl_safesysrealloc (in /usr/bin/perl)
==26579==    by 0x21842B: Perl_sv_grow (in /usr/bin/perl)
==26579==    by 0x2790F6: Perl_do_vecset (in /usr/bin/perl)
==26579==    by 0x1F85FC: Perl_magic_setvec (in /usr/bin/perl)
==26579== 
==26579== 192 bytes in 8 blocks are possibly lost in loss record 305 of 777
==26579==    at 0x484DCD3: realloc (in /usr/libexec/valgrind/vgpreload_memcheck-amd64-linux.so)
==26579==    by 0x2E96E6: ??? (in /usr/bin/perl)
==26579==    by 0x152D92: Perl_Slab_Free (in /usr/bin/perl)
==26579==    by 0x173EEB: ??? (in /usr/bin/perl)
==26579==    by 0x171608: ??? (in /usr/bin/perl)
==26579== 
==26579== 195 bytes in 14 blocks are possibly lost in loss record 306 of 777
==26579==    at 0x4848899: malloc (in /usr/libexec/valgrind/vgpreload_memcheck-amd64-linux.so)
==26579==    by 0x1EB5FF: Perl_safesysmalloc (in /usr/bin/perl)
==26579==    by 0x218487: Perl_sv_grow (in /usr/bin/perl)
==26579==    by 0x22002D: ??? (in /usr/bin/perl)
==26579==    by 0x22B038: Perl_sv_force_normal_flags (in /usr/bin/perl)
==26579== 
==26579== 200 bytes in 6 blocks are possibly lost in loss record 307 of 777
==26579==    at 0x4848899: malloc (in /usr/libexec/valgrind/vgpreload_memcheck-amd64-linux.so)
==26579==    by 0x171DBF: ??? (in /usr/bin/perl)
==26579==    by 0x174A5C: Perl_rpeep (in /usr/bin/perl)
==26579==    by 0x17568E: Perl_rpeep (in /usr/bin/perl)
==26579==    by 0x158D9B: ??? (in /usr/bin/perl)
==26579== 
==26579== 200 bytes in 6 blocks are possibly lost in loss record 308 of 777
==26579==    at 0x4848899: malloc (in /usr/libexec/valgrind/vgpreload_memcheck-amd64-linux.so)
==26579==    by 0x171DBF: ??? (in /usr/bin/perl)
==26579==    by 0x174A5C: Perl_rpeep (in /usr/bin/perl)
==26579==    by 0x175AE1: Perl_rpeep (in /usr/bin/perl)
==26579==    by 0x175AE1: Perl_rpeep (in /usr/bin/perl)
==26579== 
==26579== 204 bytes in 5 blocks are possibly lost in loss record 309 of 777
==26579==    at 0x484DA83: calloc (in /usr/libexec/valgrind/vgpreload_memcheck-amd64-linux.so)
==26579==    by 0x2DD9D0: ??? (in /usr/bin/perl)
==26579==    by 0x2E6098: ??? (in /usr/bin/perl)
==26579==    by 0x1B730C: Perl_re_op_compile (in /usr/bin/perl)
==26579==    by 0x15E2A9: Perl_pmruntime (in /usr/bin/perl)
==26579== 
==26579== 204 bytes in 9 blocks are possibly lost in loss record 310 of 777
==26579==    at 0x4848899: malloc (in /usr/libexec/valgrind/vgpreload_memcheck-amd64-linux.so)
==26579==    by 0x1EB5FF: Perl_safesysmalloc (in /usr/bin/perl)
==26579==    by 0x218487: Perl_sv_grow (in /usr/bin/perl)
==26579==    by 0x22BA87: Perl_sv_setpvn (in /usr/bin/perl)
==26579==    by 0x2438AA: Perl_pp_substr (in /usr/bin/perl)
==26579== 
==26579== 208 bytes in 6 blocks are possibly lost in loss record 311 of 777
==26579==    at 0x4848899: malloc (in /usr/libexec/valgrind/vgpreload_memcheck-amd64-linux.so)
==26579==    by 0x171DBF: ??? (in /usr/bin/perl)
==26579==    by 0x174A5C: Perl_rpeep (in /usr/bin/perl)
==26579==    by 0x17568E: Perl_rpeep (in /usr/bin/perl)
==26579==    by 0x175AE1: Perl_rpeep (in /usr/bin/perl)
==26579== 
==26579== 216 bytes in 1 blocks are possibly lost in loss record 312 of 777
==26579==    at 0x484DCD3: realloc (in /usr/libexec/valgrind/vgpreload_memcheck-amd64-linux.so)
==26579==    by 0x1EB7BD: Perl_safesysrealloc (in /usr/bin/perl)
==26579==    by 0x205CC2: Perl_av_extend_guts (in /usr/bin/perl)
==26579==    by 0x22101B: Perl_sv_add_backref (in /usr/bin/perl)
==26579==    by 0x21F481: ??? (in /usr/bin/perl)
==26579== 
==26579== 216 bytes in 9 blocks are possibly lost in loss record 313 of 777
==26579==    at 0x484DCD3: realloc (in /usr/libexec/valgrind/vgpreload_memcheck-amd64-linux.so)
==26579==    by 0x2E96E6: ??? (in /usr/bin/perl)
==26579==    by 0x152D92: Perl_Slab_Free (in /usr/bin/perl)
==26579==    by 0x173EEB: ??? (in /usr/bin/perl)
==26579==    by 0x15B046: ??? (in /usr/bin/perl)
==26579== 
==26579== 224 bytes in 4 blocks are possibly lost in loss record 314 of 777
==26579==    at 0x484DA83: calloc (in /usr/libexec/valgrind/vgpreload_memcheck-amd64-linux.so)
==26579==    by 0x1585C3: Perl_newUNOP_AUX (in /usr/bin/perl)
==26579==    by 0x1714D4: ??? (in /usr/bin/perl)
==26579==    by 0x174A5C: Perl_rpeep (in /usr/bin/perl)
==26579==    by 0x175A72: Perl_rpeep (in /usr/bin/perl)
==26579== 
==26579== 224 bytes in 4 blocks are indirectly lost in loss record 315 of 777
==26579==    at 0x4848899: malloc (in /usr/libexec/valgrind/vgpreload_memcheck-amd64-linux.so)
==26579==    by 0x24D25E: Perl_new_stackinfo (in /usr/bin/perl)
==26579==    by 0x1672C9: ??? (in /usr/bin/perl)
==26579==    by 0x168C4A: Perl_newATTRSUB_x (in /usr/bin/perl)
==26579==    by 0x169A06: Perl_utilize (in /usr/bin/perl)
==26579== 
==26579== 240 bytes in 2 blocks are possibly lost in loss record 316 of 777
==26579==    at 0x484DCD3: realloc (in /usr/libexec/valgrind/vgpreload_memcheck-amd64-linux.so)
==26579==    by 0x1EB7BD: Perl_safesysrealloc (in /usr/bin/perl)
==26579==    by 0x204999: ??? (in /usr/bin/perl)
==26579==    by 0x209B6C: Perl_hv_iterinit (in /usr/bin/perl)
==26579==    by 0x1FC852: Perl_mro_method_changed_in (in /usr/bin/perl)
==26579== 
==26579== 240 bytes in 3 blocks are possibly lost in loss record 317 of 777
==26579==    at 0x484DA83: calloc (in /usr/libexec/valgrind/vgpreload_memcheck-amd64-linux.so)
==26579==    by 0x17D9C0: Perl_newGP (in /usr/bin/perl)
==26579==    by 0x17DD97: Perl_gv_init_pvn (in /usr/bin/perl)
==26579==    by 0x17F0DC: Perl_gv_fetchpvn_flags (in /usr/bin/perl)
==26579==    by 0x181809: Perl_populate_isa (in /usr/bin/perl)
==26579== 
==26579== 240 bytes in 3 blocks are possibly lost in loss record 318 of 777
==26579==    at 0x484DA83: calloc (in /usr/libexec/valgrind/vgpreload_memcheck-amd64-linux.so)
==26579==    by 0x17D9C0: Perl_newGP (in /usr/bin/perl)
==26579==    by 0x17DD97: Perl_gv_init_pvn (in /usr/bin/perl)
==26579==    by 0x17F0DC: Perl_gv_fetchpvn_flags (in /usr/bin/perl)
==26579==    by 0x180F23: Perl_get_hv (in /usr/bin/perl)
==26579== 
==26579== 240 bytes in 3 blocks are possibly lost in loss record 319 of 777
==26579==    at 0x484DA83: calloc (in /usr/libexec/valgrind/vgpreload_memcheck-amd64-linux.so)
==26579==    by 0x17D9C0: Perl_newGP (in /usr/bin/perl)
==26579==    by 0x17DD97: Perl_gv_init_pvn (in /usr/bin/perl)
==26579==    by 0x17EE1F: Perl_gv_fetchpvn_flags (in /usr/bin/perl)
==26579==    by 0x167729: Perl_newXS_len_flags (in /usr/bin/perl)
==26579== 
==26579== 240 bytes in 3 blocks are possibly lost in loss record 320 of 777
==26579==    at 0x484DA83: calloc (in /usr/libexec/valgrind/vgpreload_memcheck-amd64-linux.so)
==26579==    by 0x17D9C0: Perl_newGP (in /usr/bin/perl)
==26579==    by 0x17DD97: Perl_gv_init_pvn (in /usr/bin/perl)
==26579==    by 0x17EE1F: Perl_gv_fetchpvn_flags (in /usr/bin/perl)
==26579==    by 0x180FF9: Perl_get_cvn_flags (in /usr/bin/perl)
==26579== 
==26579== 240 bytes in 3 blocks are possibly lost in loss record 321 of 777
==26579==    at 0x484DA83: calloc (in /usr/libexec/valgrind/vgpreload_memcheck-amd64-linux.so)
==26579==    by 0x17D9C0: Perl_newGP (in /usr/bin/perl)
==26579==    by 0x17DD97: Perl_gv_init_pvn (in /usr/bin/perl)
==26579==    by 0x17E560: Perl_gv_init_sv (in /usr/bin/perl)
==26579==    by 0x239D15: ??? (in /usr/bin/perl)
==26579== 
==26579== 240 bytes in 4 blocks are possibly lost in loss record 322 of 777
==26579==    at 0x484DCD3: realloc (in /usr/libexec/valgrind/vgpreload_memcheck-amd64-linux.so)
==26579==    by 0x2E96E6: ??? (in /usr/bin/perl)
==26579==    by 0x152D92: Perl_Slab_Free (in /usr/bin/perl)
==26579==    by 0x173EEB: ??? (in /usr/bin/perl)
==26579==    by 0x162B98: Perl_newCONDOP (in /usr/bin/perl)
==26579== 
==26579== 240 bytes in 5 blocks are possibly lost in loss record 323 of 777
==26579==    at 0x484DA83: calloc (in /usr/libexec/valgrind/vgpreload_memcheck-amd64-linux.so)
==26579==    by 0x220C8D: Perl_sv_magicext (in /usr/bin/perl)
==26579==    by 0x220EFF: Perl_sv_add_backref (in /usr/bin/perl)
==26579==    by 0x16762D: Perl_newXS_len_flags (in /usr/bin/perl)
==26579==    by 0x2C9511: XS_DynaLoader_dl_install_xsub (in /usr/bin/perl)
==26579== 
==26579== 240 bytes in 5 blocks are possibly lost in loss record 324 of 777
==26579==    at 0x484DA83: calloc (in /usr/libexec/valgrind/vgpreload_memcheck-amd64-linux.so)
==26579==    by 0x220C8D: Perl_sv_magicext (in /usr/bin/perl)
==26579==    by 0x1EB928: Perl_fbm_compile (in /usr/bin/perl)
==26579==    by 0x16E430: Perl_ck_index (in /usr/bin/perl)
==26579==    by 0x15B6A9: Perl_op_convert_list (in /usr/bin/perl)
==26579== 
==26579== 240 bytes in 5 blocks are possibly lost in loss record 325 of 777
==26579==    at 0x484DA83: calloc (in /usr/libexec/valgrind/vgpreload_memcheck-amd64-linux.so)
==26579==    by 0x220C8D: Perl_sv_magicext (in /usr/bin/perl)
==26579==    by 0x1EB928: Perl_fbm_compile (in /usr/bin/perl)
==26579==    by 0x1B70D9: Perl_re_op_compile (in /usr/bin/perl)
==26579==    by 0x253E5D: Perl_pp_regcomp (in /usr/bin/perl)
==26579== 
==26579== 240 bytes in 5 blocks are possibly lost in loss record 326 of 777
==26579==    at 0x484DA83: calloc (in /usr/libexec/valgrind/vgpreload_memcheck-amd64-linux.so)
==26579==    by 0x1B251A: ??? (in /usr/bin/perl)
==26579==    by 0x1B24E0: ??? (in /usr/bin/perl)
==26579==    by 0x1B2BAE: Perl_pad_findmy_pvn (in /usr/bin/perl)
==26579==    by 0x19E778: ??? (in /usr/bin/perl)
==26579== 
==26579== 240 bytes in 6 blocks are possibly lost in loss record 327 of 777
==26579==    at 0x4848899: malloc (in /usr/libexec/valgrind/vgpreload_memcheck-amd64-linux.so)
==26579==    by 0x161D75: Perl_newSTATEOP (in /usr/bin/perl)
==26579==    by 0x1AB926: Perl_yyparse (in /usr/bin/perl)
==26579==    by 0x18548B: perl_parse (in /usr/bin/perl)
==26579==    by 0x1528B4: main (in /usr/bin/perl)
==26579== 
==26579== 244 bytes in 6 blocks are possibly lost in loss record 328 of 777
==26579==    at 0x4848899: malloc (in /usr/libexec/valgrind/vgpreload_memcheck-amd64-linux.so)
==26579==    by 0x1EB5FF: Perl_safesysmalloc (in /usr/bin/perl)
==26579==    by 0x167777: Perl_newXS_len_flags (in /usr/bin/perl)
==26579==    by 0x167A40: Perl_newCONSTSUB_flags (in /usr/bin/perl)
==26579==    by 0x168D49: Perl_newATTRSUB_x (in /usr/bin/perl)
==26579== 
==26579== 244 bytes in 1 blocks are definitely lost in loss record 329 of 777
==26579==    at 0x4848899: malloc (in /usr/libexec/valgrind/vgpreload_memcheck-amd64-linux.so)
==26579==    by 0x498E11F: newlocale (newlocale.c:199)
==26579==    by 0x2B8008: ??? (in /usr/bin/perl)
==26579==    by 0x2BAFC6: Perl_init_i18nl10n (in /usr/bin/perl)
==26579==    by 0x152887: main (in /usr/bin/perl)
==26579== 
==26579== 256 bytes in 1 blocks are possibly lost in loss record 330 of 777
==26579==    at 0x484DCD3: realloc (in /usr/libexec/valgrind/vgpreload_memcheck-amd64-linux.so)
==26579==    by 0x1EB7BD: Perl_safesysrealloc (in /usr/bin/perl)
==26579==    by 0x20469E: ??? (in /usr/bin/perl)
==26579==    by 0x2082ED: Perl_hv_common (in /usr/bin/perl)
==26579==    by 0x580EA22: boot_POSIX (in /usr/lib/x86_64-linux-gnu/perl-base/auto/POSIX/POSIX.so)
==26579== 
==26579== 256 bytes in 4 blocks are possibly lost in loss record 331 of 777
==26579==    at 0x484DA83: calloc (in /usr/libexec/valgrind/vgpreload_memcheck-amd64-linux.so)
==26579==    by 0x1EC93C: Perl_safesyscalloc (in /usr/bin/perl)
==26579==    by 0x207880: Perl_hv_common (in /usr/bin/perl)
==26579==    by 0x248F62: Perl_pp_anonhash (in /usr/bin/perl)
==26579==    by 0x203F55: Perl_runops_standard (in /usr/bin/perl)
==26579== 
==26579== 256 bytes in 1 blocks are indirectly lost in loss record 332 of 777
==26579==    at 0x4848899: malloc (in /usr/libexec/valgrind/vgpreload_memcheck-amd64-linux.so)
==26579==    by 0x1EB5FF: Perl_safesysmalloc (in /usr/bin/perl)
==26579==    by 0x1FB51C: Perl_reentrant_init (in /usr/bin/perl)
==26579==    by 0x17862A: perl_construct (in /usr/bin/perl)
==26579==    by 0x152887: main (in /usr/bin/perl)
==26579== 
==26579== 256 bytes in 1 blocks are indirectly lost in loss record 333 of 777
==26579==    at 0x4848899: malloc (in /usr/libexec/valgrind/vgpreload_memcheck-amd64-linux.so)
==26579==    by 0x1EB5FF: Perl_safesysmalloc (in /usr/bin/perl)
==26579==    by 0x1FB5B8: Perl_reentrant_init (in /usr/bin/perl)
==26579==    by 0x17862A: perl_construct (in /usr/bin/perl)
==26579==    by 0x152887: main (in /usr/bin/perl)
==26579== 
==26579== 256 bytes in 1 blocks are indirectly lost in loss record 334 of 777
==26579==    at 0x4848899: malloc (in /usr/libexec/valgrind/vgpreload_memcheck-amd64-linux.so)
==26579==    by 0x1EB5FF: Perl_safesysmalloc (in /usr/bin/perl)
==26579==    by 0x1FB5D2: Perl_reentrant_init (in /usr/bin/perl)
==26579==    by 0x17862A: perl_construct (in /usr/bin/perl)
==26579==    by 0x152887: main (in /usr/bin/perl)
==26579== 
==26579== 264 bytes in 5 blocks are possibly lost in loss record 335 of 777
==26579==    at 0x484DA83: calloc (in /usr/libexec/valgrind/vgpreload_memcheck-amd64-linux.so)
==26579==    by 0x1EC93C: Perl_safesyscalloc (in /usr/bin/perl)
==26579==    by 0x1B6947: Perl_re_op_compile (in /usr/bin/perl)
==26579==    by 0x253E5D: Perl_pp_regcomp (in /usr/bin/perl)
==26579==    by 0x203F55: Perl_runops_standard (in /usr/bin/perl)
==26579== 
==26579== 264 bytes in 9 blocks are possibly lost in loss record 336 of 777
==26579==    at 0x4848899: malloc (in /usr/libexec/valgrind/vgpreload_memcheck-amd64-linux.so)
==26579==    by 0x1EB5FF: Perl_safesysmalloc (in /usr/bin/perl)
==26579==    by 0x218487: Perl_sv_grow (in /usr/bin/perl)
==26579==    by 0x22BA87: Perl_sv_setpvn (in /usr/bin/perl)
==26579==    by 0x1823C5: ??? (in /usr/bin/perl)
==26579== 
==26579== 266 bytes in 11 blocks are possibly lost in loss record 337 of 777
==26579==    at 0x4848899: malloc (in /usr/libexec/valgrind/vgpreload_memcheck-amd64-linux.so)
==26579==    by 0x1EB5FF: Perl_safesysmalloc (in /usr/bin/perl)
==26579==    by 0x218487: Perl_sv_grow (in /usr/bin/perl)
==26579==    by 0x2200BB: Perl_newSV (in /usr/bin/perl)
==26579==    by 0x19293E: ??? (in /usr/bin/perl)
==26579== 
==26579== 272 bytes in 1 blocks are definitely lost in loss record 338 of 777
==26579==    at 0x484DA83: calloc (in /usr/libexec/valgrind/vgpreload_memcheck-amd64-linux.so)
==26579==    by 0x1EC93C: Perl_safesyscalloc (in /usr/bin/perl)
==26579==    by 0x180D3E: Perl_gv_fetchpvn_flags (in /usr/bin/perl)
==26579==    by 0x19E743: ??? (in /usr/bin/perl)
==26579==    by 0x1AA23C: Perl_yyparse (in /usr/bin/perl)
==26579== 
==26579== 274 bytes in 5 blocks are still reachable in loss record 339 of 777
==26579==    at 0x4848899: malloc (in /usr/libexec/valgrind/vgpreload_memcheck-amd64-linux.so)
==26579==    by 0x40271DF: malloc (rtld-malloc.h:56)
==26579==    by 0x40271DF: strdup (strdup.c:42)
==26579==    by 0x400A588: _dl_map_object (dl-load.c:2259)
==26579==    by 0x400E9A8: dl_open_worker_begin (dl-open.c:534)
==26579==    by 0x4AC9A97: _dl_catch_exception (dl-error-skeleton.c:208)
==26579== 
==26579== 274 bytes in 5 blocks are still reachable in loss record 340 of 777
==26579==    at 0x4848899: malloc (in /usr/libexec/valgrind/vgpreload_memcheck-amd64-linux.so)
==26579==    by 0x400DD20: malloc (rtld-malloc.h:56)
==26579==    by 0x400DD20: _dl_new_object (dl-object.c:199)
==26579==    by 0x4008C82: _dl_map_object_from_fd (dl-load.c:1063)
==26579==    by 0x400A600: _dl_map_object (dl-load.c:2327)
==26579==    by 0x400E9A8: dl_open_worker_begin (dl-open.c:534)
==26579== 
==26579== 274 bytes in 5 blocks are possibly lost in loss record 341 of 777
==26579==    at 0x4848899: malloc (in /usr/libexec/valgrind/vgpreload_memcheck-amd64-linux.so)
==26579==    by 0x1EB5FF: Perl_safesysmalloc (in /usr/bin/perl)
==26579==    by 0x167777: Perl_newXS_len_flags (in /usr/bin/perl)
==26579==    by 0x2C9511: XS_DynaLoader_dl_install_xsub (in /usr/bin/perl)
==26579==    by 0x21BF66: Perl_pp_entersub (in /usr/bin/perl)
==26579== 
==26579== 280 bytes in 3 blocks are possibly lost in loss record 342 of 777
==26579==    at 0x484DCD3: realloc (in /usr/libexec/valgrind/vgpreload_memcheck-amd64-linux.so)
==26579==    by 0x1EB7BD: Perl_safesysrealloc (in /usr/bin/perl)
==26579==    by 0x21842B: Perl_sv_grow (in /usr/bin/perl)
==26579==    by 0x22DDF9: Perl_sv_catpvn_flags (in /usr/bin/perl)
==26579==    by 0x20E29A: ??? (in /usr/bin/perl)
==26579== 
==26579== 280 bytes in 7 blocks are possibly lost in loss record 343 of 777
==26579==    at 0x484DA83: calloc (in /usr/libexec/valgrind/vgpreload_memcheck-amd64-linux.so)
==26579==    by 0x1579C4: Perl_newOP (in /usr/bin/perl)
==26579==    by 0x157F13: Perl_newLISTOP (in /usr/bin/perl)
==26579==    by 0x175550: Perl_rpeep (in /usr/bin/perl)
==26579==    by 0x158D9B: ??? (in /usr/bin/perl)
==26579== 
==26579== 288 bytes in 4 blocks are possibly lost in loss record 344 of 777
==26579==    at 0x484DA83: calloc (in /usr/libexec/valgrind/vgpreload_memcheck-amd64-linux.so)
==26579==    by 0x2E9616: ??? (in /usr/bin/perl)
==26579==    by 0x1FC8F7: Perl_mro_method_changed_in (in /usr/bin/perl)
==26579==    by 0x167827: Perl_newXS_len_flags (in /usr/bin/perl)
==26579==    by 0x16A534: Perl_newXS_deffile (in /usr/bin/perl)
==26579== 
==26579== 288 bytes in 4 blocks are possibly lost in loss record 345 of 777
==26579==    at 0x484DA83: calloc (in /usr/libexec/valgrind/vgpreload_memcheck-amd64-linux.so)
==26579==    by 0x2E9616: ??? (in /usr/bin/perl)
==26579==    by 0x1FC8F7: Perl_mro_method_changed_in (in /usr/bin/perl)
==26579==    by 0x16801D: Perl_newATTRSUB_x (in /usr/bin/perl)
==26579==    by 0x169B09: Perl_utilize (in /usr/bin/perl)
==26579== 
==26579== 288 bytes in 9 blocks are possibly lost in loss record 346 of 777
==26579==    at 0x4848899: malloc (in /usr/libexec/valgrind/vgpreload_memcheck-amd64-linux.so)
==26579==    by 0x1EB5FF: Perl_safesysmalloc (in /usr/bin/perl)
==26579==    by 0x205C6B: Perl_av_extend_guts (in /usr/bin/perl)
==26579==    by 0x20C1AD: Perl_av_store (in /usr/bin/perl)
==26579==    by 0x1D1540: ??? (in /usr/bin/perl)
==26579== 
==26579== 312 bytes in 1 blocks are possibly lost in loss record 347 of 777
==26579==    at 0x484DCD3: realloc (in /usr/libexec/valgrind/vgpreload_memcheck-amd64-linux.so)
==26579==    by 0x1EB7BD: Perl_safesysrealloc (in /usr/bin/perl)
==26579==    by 0x20469E: ??? (in /usr/bin/perl)
==26579==    by 0x2082ED: Perl_hv_common (in /usr/bin/perl)
==26579==    by 0x1FCFE7: Perl_mro_isa_changed_in (in /usr/bin/perl)
==26579== 
==26579== 312 bytes in 1 blocks are possibly lost in loss record 348 of 777
==26579==    at 0x484DCD3: realloc (in /usr/libexec/valgrind/vgpreload_memcheck-amd64-linux.so)
==26579==    by 0x1EB7BD: Perl_safesysrealloc (in /usr/bin/perl)
==26579==    by 0x20469E: ??? (in /usr/bin/perl)
==26579==    by 0x2082ED: Perl_hv_common (in /usr/bin/perl)
==26579==    by 0x186B4B: ??? (in /usr/bin/perl)
==26579== 
==26579== 320 bytes in 5 blocks are possibly lost in loss record 349 of 777
==26579==    at 0x484DA83: calloc (in /usr/libexec/valgrind/vgpreload_memcheck-amd64-linux.so)
==26579==    by 0x1EC93C: Perl_safesyscalloc (in /usr/bin/perl)
==26579==    by 0x207880: Perl_hv_common (in /usr/bin/perl)
==26579==    by 0x2159E4: Perl_pp_multideref (in /usr/bin/perl)
==26579==    by 0x203F55: Perl_runops_standard (in /usr/bin/perl)
==26579== 
==26579== 336 bytes in 7 blocks are possibly lost in loss record 350 of 777
==26579==    at 0x484DA83: calloc (in /usr/libexec/valgrind/vgpreload_memcheck-amd64-linux.so)
==26579==    by 0x220C8D: Perl_sv_magicext (in /usr/bin/perl)
==26579==    by 0x220EFF: Perl_sv_add_backref (in /usr/bin/perl)
==26579==    by 0x16762D: Perl_newXS_len_flags (in /usr/bin/perl)
==26579==    by 0x16A493: Perl_newXS (in /usr/bin/perl)
==26579== 
==26579== 336 bytes in 7 blocks are possibly lost in loss record 351 of 777
==26579==    at 0x484DA83: calloc (in /usr/libexec/valgrind/vgpreload_memcheck-amd64-linux.so)
==26579==    by 0x220C8D: Perl_sv_magicext (in /usr/bin/perl)
==26579==    by 0x2234A9: Perl_sv_magic (in /usr/bin/perl)
==26579==    by 0x17FB44: Perl_gv_fetchpvn_flags (in /usr/bin/perl)
==26579==    by 0x19E743: ??? (in /usr/bin/perl)
==26579== 
==26579== 336 bytes in 7 blocks are possibly lost in loss record 352 of 777
==26579==    at 0x484DA83: calloc (in /usr/libexec/valgrind/vgpreload_memcheck-amd64-linux.so)
==26579==    by 0x220C8D: Perl_sv_magicext (in /usr/bin/perl)
==26579==    by 0x220EFF: Perl_sv_add_backref (in /usr/bin/perl)
==26579==    by 0x16940D: Perl_newATTRSUB_x (in /usr/bin/perl)
==26579==    by 0x169B09: Perl_utilize (in /usr/bin/perl)
==26579== 
==26579== 352 bytes in 22 blocks are possibly lost in loss record 353 of 777
==26579==    at 0x4848899: malloc (in /usr/libexec/valgrind/vgpreload_memcheck-amd64-linux.so)
==26579==    by 0x1A97B3: Perl_pad_new (in /usr/bin/perl)
==26579==    by 0x1A9A0E: Perl_start_subparse (in /usr/bin/perl)
==26579==    by 0x1AB518: Perl_yyparse (in /usr/bin/perl)
==26579==    by 0x18548B: perl_parse (in /usr/bin/perl)
==26579== 
==26579== 352 bytes in 1 blocks are definitely lost in loss record 354 of 777
==26579==    at 0x4848899: malloc (in /usr/libexec/valgrind/vgpreload_memcheck-amd64-linux.so)
==26579==    by 0x498E11F: newlocale (newlocale.c:199)
==26579==    by 0x2B7242: ??? (in /usr/bin/perl)
==26579==    by 0x2B8031: ??? (in /usr/bin/perl)
==26579==    by 0x2BAFC6: Perl_init_i18nl10n (in /usr/bin/perl)
==26579== 
==26579== 368 bytes in 21 blocks are possibly lost in loss record 355 of 777
==26579==    at 0x4848899: malloc (in /usr/libexec/valgrind/vgpreload_memcheck-amd64-linux.so)
==26579==    by 0x1EB5FF: Perl_safesysmalloc (in /usr/bin/perl)
==26579==    by 0x21C653: Perl_pp_entersub (in /usr/bin/perl)
==26579==    by 0x203F55: Perl_runops_standard (in /usr/bin/perl)
==26579==    by 0x17B978: Perl_call_sv (in /usr/bin/perl)
==26579== 
==26579== 374 bytes in 8 blocks are possibly lost in loss record 356 of 777
==26579==    at 0x4848899: malloc (in /usr/libexec/valgrind/vgpreload_memcheck-amd64-linux.so)
==26579==    by 0x1EB5FF: Perl_safesysmalloc (in /usr/bin/perl)
==26579==    by 0x167777: Perl_newXS_len_flags (in /usr/bin/perl)
==26579==    by 0x167A40: Perl_newCONSTSUB_flags (in /usr/bin/perl)
==26579==    by 0x17DE5A: Perl_gv_init_pvn (in /usr/bin/perl)
==26579== 
==26579== 384 bytes in 3 blocks are possibly lost in loss record 357 of 777
==26579==    at 0x4848899: malloc (in /usr/libexec/valgrind/vgpreload_memcheck-amd64-linux.so)
==26579==    by 0x1B64AC: Perl_re_op_compile (in /usr/bin/perl)
==26579==    by 0x15E2A9: Perl_pmruntime (in /usr/bin/perl)
==26579==    by 0x16FA9C: Perl_ck_split (in /usr/bin/perl)
==26579==    by 0x15B6A9: Perl_op_convert_list (in /usr/bin/perl)
==26579== 
==26579== 384 bytes in 12 blocks are possibly lost in loss record 358 of 777
==26579==    at 0x4848899: malloc (in /usr/libexec/valgrind/vgpreload_memcheck-amd64-linux.so)
==26579==    by 0x1EB5FF: Perl_safesysmalloc (in /usr/bin/perl)
==26579==    by 0x205C6B: Perl_av_extend_guts (in /usr/bin/perl)
==26579==    by 0x220F8A: Perl_sv_add_backref (in /usr/bin/perl)
==26579==    by 0x17DDC1: Perl_gv_init_pvn (in /usr/bin/perl)
==26579== 
==26579== 384 bytes in 24 blocks are possibly lost in loss record 359 of 777
==26579==    at 0x4848899: malloc (in /usr/libexec/valgrind/vgpreload_memcheck-amd64-linux.so)
==26579==    by 0x1A97B3: Perl_pad_new (in /usr/bin/perl)
==26579==    by 0x1A9A0E: Perl_start_subparse (in /usr/bin/perl)
==26579==    by 0x1AB518: Perl_yyparse (in /usr/bin/perl)
==26579==    by 0x25DF6A: ??? (in /usr/bin/perl)
==26579== 
==26579== 392 bytes in 7 blocks are possibly lost in loss record 360 of 777
==26579==    at 0x484DCD3: realloc (in /usr/libexec/valgrind/vgpreload_memcheck-amd64-linux.so)
==26579==    by 0x2E96E6: ??? (in /usr/bin/perl)
==26579==    by 0x152D92: Perl_Slab_Free (in /usr/bin/perl)
==26579==    by 0x173EEB: ??? (in /usr/bin/perl)
==26579==    by 0x17552A: Perl_rpeep (in /usr/bin/perl)
==26579== 
==26579== 392 bytes in 7 blocks are possibly lost in loss record 361 of 777
==26579==    at 0x484DA83: calloc (in /usr/libexec/valgrind/vgpreload_memcheck-amd64-linux.so)
==26579==    by 0x157DFB: Perl_newLISTOP (in /usr/bin/perl)
==26579==    by 0x175550: Perl_rpeep (in /usr/bin/perl)
==26579==    by 0x158D9B: ??? (in /usr/bin/perl)
==26579==    by 0x1689F3: Perl_newATTRSUB_x (in /usr/bin/perl)
==26579== 
==26579== 392 bytes in 7 blocks are possibly lost in loss record 362 of 777
==26579==    at 0x4848899: malloc (in /usr/libexec/valgrind/vgpreload_memcheck-amd64-linux.so)
==26579==    by 0x156BB3: ??? (in /usr/bin/perl)
==26579==    by 0x1578D0: ??? (in /usr/bin/perl)
==26579==    by 0x15784F: ??? (in /usr/bin/perl)
==26579==    by 0x158D6A: ??? (in /usr/bin/perl)
==26579== 
==26579== 400 bytes in 5 blocks are possibly lost in loss record 363 of 777
==26579==    at 0x484DA83: calloc (in /usr/libexec/valgrind/vgpreload_memcheck-amd64-linux.so)
==26579==    by 0x17D9C0: Perl_newGP (in /usr/bin/perl)
==26579==    by 0x17DD97: Perl_gv_init_pvn (in /usr/bin/perl)
==26579==    by 0x186B90: ??? (in /usr/bin/perl)
==26579==    by 0x1876FD: Perl_gv_autoload_pvn (in /usr/bin/perl)
==26579== 
==26579== 416 bytes in 13 blocks are possibly lost in loss record 364 of 777
==26579==    at 0x4848899: malloc (in /usr/libexec/valgrind/vgpreload_memcheck-amd64-linux.so)
==26579==    by 0x171DBF: ??? (in /usr/bin/perl)
==26579==    by 0x174A5C: Perl_rpeep (in /usr/bin/perl)
==26579==    by 0x17568E: Perl_rpeep (in /usr/bin/perl)
==26579==    by 0x17448D: Perl_rpeep (in /usr/bin/perl)
==26579== 
==26579== 432 bytes in 7 blocks are possibly lost in loss record 365 of 777
==26579==    at 0x484DCD3: realloc (in /usr/libexec/valgrind/vgpreload_memcheck-amd64-linux.so)
==26579==    by 0x1EB7BD: Perl_safesysrealloc (in /usr/bin/perl)
==26579==    by 0x205CC2: Perl_av_extend_guts (in /usr/bin/perl)
==26579==    by 0x20C1AD: Perl_av_store (in /usr/bin/perl)
==26579==    by 0x24B1B9: Perl_pp_push (in /usr/bin/perl)
==26579== 
==26579== 447 bytes in 38 blocks are possibly lost in loss record 366 of 777
==26579==    at 0x4848899: malloc (in /usr/libexec/valgrind/vgpreload_memcheck-amd64-linux.so)
==26579==    by 0x1EB5FF: Perl_safesysmalloc (in /usr/bin/perl)
==26579==    by 0x218487: Perl_sv_grow (in /usr/bin/perl)
==26579==    by 0x22A994: Perl_sv_setsv_flags (in /usr/bin/perl)
==26579==    by 0x20D854: Perl_pp_sassign (in /usr/bin/perl)
==26579== 
==26579== 448 bytes in 14 blocks are possibly lost in loss record 367 of 777
==26579==    at 0x4848899: malloc (in /usr/libexec/valgrind/vgpreload_memcheck-amd64-linux.so)
==26579==    by 0x1EB5FF: Perl_safesysmalloc (in /usr/bin/perl)
==26579==    by 0x205C6B: Perl_av_extend_guts (in /usr/bin/perl)
==26579==    by 0x2124D9: Perl_pp_aassign (in /usr/bin/perl)
==26579==    by 0x203F55: Perl_runops_standard (in /usr/bin/perl)
==26579== 
==26579== 448 bytes in 28 blocks are possibly lost in loss record 368 of 777
==26579==    at 0x484DA83: calloc (in /usr/libexec/valgrind/vgpreload_memcheck-amd64-linux.so)
==26579==    by 0x2E973E: ??? (in /usr/bin/perl)
==26579==    by 0x152D92: Perl_Slab_Free (in /usr/bin/perl)
==26579==    by 0x173EEB: ??? (in /usr/bin/perl)
==26579==    by 0x2EA1FF: ??? (in /usr/bin/perl)
==26579== 
==26579== 464 bytes in 29 blocks are possibly lost in loss record 369 of 777
==26579==    at 0x4848899: malloc (in /usr/libexec/valgrind/vgpreload_memcheck-amd64-linux.so)
==26579==    by 0x1A97B3: Perl_pad_new (in /usr/bin/perl)
==26579==    by 0x25DB79: ??? (in /usr/bin/perl)
==26579==    by 0x260118: Perl_pp_require (in /usr/bin/perl)
==26579==    by 0x203F55: Perl_runops_standard (in /usr/bin/perl)
==26579== 
==26579== 470 bytes in 47 blocks are possibly lost in loss record 370 of 777
==26579==    at 0x4848899: malloc (in /usr/libexec/valgrind/vgpreload_memcheck-amd64-linux.so)
==26579==    by 0x1EB5FF: Perl_safesysmalloc (in /usr/bin/perl)
==26579==    by 0x218487: Perl_sv_grow (in /usr/bin/perl)
==26579==    by 0x22BA87: Perl_sv_setpvn (in /usr/bin/perl)
==26579==    by 0x485DB08: boot_Fcntl (in /usr/lib/x86_64-linux-gnu/perl-base/auto/Fcntl/Fcntl.so)
==26579== 
==26579== 480 bytes in 5 blocks are possibly lost in loss record 371 of 777
==26579==    at 0x484DA83: calloc (in /usr/libexec/valgrind/vgpreload_memcheck-amd64-linux.so)
==26579==    by 0x2DD947: ??? (in /usr/bin/perl)
==26579==    by 0x2E6098: ??? (in /usr/bin/perl)
==26579==    by 0x1B730C: Perl_re_op_compile (in /usr/bin/perl)
==26579==    by 0x15E2A9: Perl_pmruntime (in /usr/bin/perl)
==26579== 
==26579== 488 bytes in 15 blocks are possibly lost in loss record 372 of 777
==26579==    at 0x4848899: malloc (in /usr/libexec/valgrind/vgpreload_memcheck-amd64-linux.so)
==26579==    by 0x171DBF: ??? (in /usr/bin/perl)
==26579==    by 0x174A5C: Perl_rpeep (in /usr/bin/perl)
==26579==    by 0x17448D: Perl_rpeep (in /usr/bin/perl)
==26579==    by 0x17568E: Perl_rpeep (in /usr/bin/perl)
==26579== 
==26579== 512 bytes in 1 blocks are possibly lost in loss record 373 of 777
==26579==    at 0x484DCD3: realloc (in /usr/libexec/valgrind/vgpreload_memcheck-amd64-linux.so)
==26579==    by 0x1EB7BD: Perl_safesysrealloc (in /usr/bin/perl)
==26579==    by 0x20469E: ??? (in /usr/bin/perl)
==26579==    by 0x2082ED: Perl_hv_common (in /usr/bin/perl)
==26579==    by 0x1868C0: Perl_gv_stashsvpvn_cached (in /usr/bin/perl)
==26579== 
==26579== 512 bytes in 1 blocks are possibly lost in loss record 374 of 777
==26579==    at 0x484DCD3: realloc (in /usr/libexec/valgrind/vgpreload_memcheck-amd64-linux.so)
==26579==    by 0x1EB7BD: Perl_safesysrealloc (in /usr/bin/perl)
==26579==    by 0x20469E: ??? (in /usr/bin/perl)
==26579==    by 0x2082ED: Perl_hv_common (in /usr/bin/perl)
==26579==    by 0x25F77F: Perl_pp_require (in /usr/bin/perl)
==26579== 
==26579== 512 bytes in 1 blocks are possibly lost in loss record 375 of 777
==26579==    at 0x484DA83: calloc (in /usr/libexec/valgrind/vgpreload_memcheck-amd64-linux.so)
==26579==    by 0x2DD98A: ??? (in /usr/bin/perl)
==26579==    by 0x2E6098: ??? (in /usr/bin/perl)
==26579==    by 0x2E2B3A: ??? (in /usr/bin/perl)
==26579==    by 0x1B730C: Perl_re_op_compile (in /usr/bin/perl)
==26579== 
==26579== 512 bytes in 1 blocks are possibly lost in loss record 376 of 777
==26579==    at 0x484DA83: calloc (in /usr/libexec/valgrind/vgpreload_memcheck-amd64-linux.so)
==26579==    by 0x2DD98A: ??? (in /usr/bin/perl)
==26579==    by 0x2E6098: ??? (in /usr/bin/perl)
==26579==    by 0x1B6A49: Perl_re_op_compile (in /usr/bin/perl)
==26579==    by 0x15E2A9: Perl_pmruntime (in /usr/bin/perl)
==26579== 
==26579== 512 bytes in 1 blocks are possibly lost in loss record 377 of 777
==26579==    at 0x4848899: malloc (in /usr/libexec/valgrind/vgpreload_memcheck-amd64-linux.so)
==26579==    by 0x1B798F: Perl_re_op_compile (in /usr/bin/perl)
==26579==    by 0x15E2A9: Perl_pmruntime (in /usr/bin/perl)
==26579==    by 0x1ACACA: Perl_yyparse (in /usr/bin/perl)
==26579==    by 0x18548B: perl_parse (in /usr/bin/perl)
==26579== 
==26579== 512 bytes in 1 blocks are possibly lost in loss record 378 of 777
==26579==    at 0x484DA83: calloc (in /usr/libexec/valgrind/vgpreload_memcheck-amd64-linux.so)
==26579==    by 0x2DD98A: ??? (in /usr/bin/perl)
==26579==    by 0x2E6098: ??? (in /usr/bin/perl)
==26579==    by 0x2E36B9: ??? (in /usr/bin/perl)
==26579==    by 0x1B730C: Perl_re_op_compile (in /usr/bin/perl)
==26579== 
==26579== 512 bytes in 1 blocks are possibly lost in loss record 379 of 777
==26579==    at 0x484DA83: calloc (in /usr/libexec/valgrind/vgpreload_memcheck-amd64-linux.so)
==26579==    by 0x2DD98A: ??? (in /usr/bin/perl)
==26579==    by 0x2E6098: ??? (in /usr/bin/perl)
==26579==    by 0x1B730C: Perl_re_op_compile (in /usr/bin/perl)
==26579==    by 0x253E5D: Perl_pp_regcomp (in /usr/bin/perl)
==26579== 
==26579== 512 bytes in 2 blocks are possibly lost in loss record 380 of 777
==26579==    at 0x4848899: malloc (in /usr/libexec/valgrind/vgpreload_memcheck-amd64-linux.so)
==26579==    by 0x1EB5FF: Perl_safesysmalloc (in /usr/bin/perl)
==26579==    by 0x205C6B: Perl_av_extend_guts (in /usr/bin/perl)
==26579==    by 0x24D2E2: Perl_new_stackinfo (in /usr/bin/perl)
==26579==    by 0x1672C9: ??? (in /usr/bin/perl)
==26579== 
==26579== 512 bytes in 2 blocks are possibly lost in loss record 381 of 777
==26579==    at 0x4848899: malloc (in /usr/libexec/valgrind/vgpreload_memcheck-amd64-linux.so)
==26579==    by 0x1EBA65: Perl_fbm_compile (in /usr/bin/perl)
==26579==    by 0x1B70D9: Perl_re_op_compile (in /usr/bin/perl)
==26579==    by 0x253E5D: Perl_pp_regcomp (in /usr/bin/perl)
==26579==    by 0x203F55: Perl_runops_standard (in /usr/bin/perl)
==26579== 
==26579== 512 bytes in 8 blocks are possibly lost in loss record 382 of 777
==26579==    at 0x484DA83: calloc (in /usr/libexec/valgrind/vgpreload_memcheck-amd64-linux.so)
==26579==    by 0x1EC93C: Perl_safesyscalloc (in /usr/bin/perl)
==26579==    by 0x207880: Perl_hv_common (in /usr/bin/perl)
==26579==    by 0x1FBDF7: ??? (in /usr/bin/perl)
==26579==    by 0x1FC2A2: Perl_mro_get_linear_isa (in /usr/bin/perl)
==26579== 
==26579== 512 bytes in 1 blocks are definitely lost in loss record 383 of 777
==26579==    at 0x484DA83: calloc (in /usr/libexec/valgrind/vgpreload_memcheck-amd64-linux.so)
==26579==    by 0x1EC93C: Perl_safesyscalloc (in /usr/bin/perl)
==26579==    by 0x17861B: perl_construct (in /usr/bin/perl)
==26579==    by 0x152887: main (in /usr/bin/perl)
==26579== 
==26579== 514 bytes in 11 blocks are possibly lost in loss record 384 of 777
==26579==    at 0x4848899: malloc (in /usr/libexec/valgrind/vgpreload_memcheck-amd64-linux.so)
==26579==    by 0x161D75: Perl_newSTATEOP (in /usr/bin/perl)
==26579==    by 0x168D83: Perl_newATTRSUB_x (in /usr/bin/perl)
==26579==    by 0x16A37E: Perl_newANONATTRSUB (in /usr/bin/perl)
==26579==    by 0x1AC4BE: Perl_yyparse (in /usr/bin/perl)
==26579== 
==26579== 520 bytes in 1 blocks are possibly lost in loss record 385 of 777
==26579==    at 0x484DCD3: realloc (in /usr/libexec/valgrind/vgpreload_memcheck-amd64-linux.so)
==26579==    by 0x1EB7BD: Perl_safesysrealloc (in /usr/bin/perl)
==26579==    by 0x21842B: Perl_sv_grow (in /usr/bin/perl)
==26579==    by 0x2C4859: ??? (in /usr/bin/perl)
==26579==    by 0x2C5907: Perl_packlist (in /usr/bin/perl)
==26579== 
==26579== 528 bytes in 22 blocks are possibly lost in loss record 386 of 777
==26579==    at 0x484DA83: calloc (in /usr/libexec/valgrind/vgpreload_memcheck-amd64-linux.so)
==26579==    by 0x1A949E: Perl_pad_new (in /usr/bin/perl)
==26579==    by 0x1A9A0E: Perl_start_subparse (in /usr/bin/perl)
==26579==    by 0x1AB518: Perl_yyparse (in /usr/bin/perl)
==26579==    by 0x18548B: perl_parse (in /usr/bin/perl)
==26579== 
==26579== 544 bytes in 3 blocks are possibly lost in loss record 387 of 777
==26579==    at 0x484DCD3: realloc (in /usr/libexec/valgrind/vgpreload_memcheck-amd64-linux.so)
==26579==    by 0x1EB7BD: Perl_safesysrealloc (in /usr/bin/perl)
==26579==    by 0x21842B: Perl_sv_grow (in /usr/bin/perl)
==26579==    by 0x23F97A: Perl_pp_repeat (in /usr/bin/perl)
==26579==    by 0x203F55: Perl_runops_standard (in /usr/bin/perl)
==26579== 
==26579== 552 bytes in 1 blocks are possibly lost in loss record 388 of 777
==26579==    at 0x484DA83: calloc (in /usr/libexec/valgrind/vgpreload_memcheck-amd64-linux.so)
==26579==    by 0x152CD1: Perl_Slab_Alloc (in /usr/bin/perl)
==26579==    by 0x160F7A: Perl_newSVOP (in /usr/bin/perl)
==26579==    by 0x190168: ??? (in /usr/bin/perl)
==26579==    by 0x2ED023: ??? (in /usr/bin/perl)
==26579== 
==26579== 552 bytes in 1 blocks are possibly lost in loss record 389 of 777
==26579==    at 0x484DA83: calloc (in /usr/libexec/valgrind/vgpreload_memcheck-amd64-linux.so)
==26579==    by 0x152CD1: Perl_Slab_Alloc (in /usr/bin/perl)
==26579==    by 0x160F7A: Perl_newSVOP (in /usr/bin/perl)
==26579==    by 0x19E2DB: ??? (in /usr/bin/perl)
==26579==    by 0x2DC1DF: ??? (in /usr/bin/perl)
==26579== 
==26579== 552 bytes in 1 blocks are possibly lost in loss record 390 of 777
==26579==    at 0x484DA83: calloc (in /usr/libexec/valgrind/vgpreload_memcheck-amd64-linux.so)
==26579==    by 0x152CD1: Perl_Slab_Alloc (in /usr/bin/perl)
==26579==    by 0x160F7A: Perl_newSVOP (in /usr/bin/perl)
==26579==    by 0x1A8FB3: ??? (in /usr/bin/perl)
==26579==    by 0x191DD8: ??? (in /usr/bin/perl)
==26579== 
==26579== 552 bytes in 1 blocks are possibly lost in loss record 391 of 777
==26579==    at 0x484DA83: calloc (in /usr/libexec/valgrind/vgpreload_memcheck-amd64-linux.so)
==26579==    by 0x152CD1: Perl_Slab_Alloc (in /usr/bin/perl)
==26579==    by 0x1579C4: Perl_newOP (in /usr/bin/perl)
==26579==    by 0x157F13: Perl_newLISTOP (in /usr/bin/perl)
==26579==    by 0x158423: ??? (in /usr/bin/perl)
==26579== 
==26579== 552 bytes in 1 blocks are possibly lost in loss record 392 of 777
==26579==    at 0x484DA83: calloc (in /usr/libexec/valgrind/vgpreload_memcheck-amd64-linux.so)
==26579==    by 0x152CD1: Perl_Slab_Alloc (in /usr/bin/perl)
==26579==    by 0x1579C4: Perl_newOP (in /usr/bin/perl)
==26579==    by 0x1AC0DF: Perl_yyparse (in /usr/bin/perl)
==26579==    by 0x25DF6A: ??? (in /usr/bin/perl)
==26579== 
==26579== 552 bytes in 1 blocks are possibly lost in loss record 393 of 777
==26579==    at 0x484DA83: calloc (in /usr/libexec/valgrind/vgpreload_memcheck-amd64-linux.so)
==26579==    by 0x152CD1: Perl_Slab_Alloc (in /usr/bin/perl)
==26579==    by 0x15D6F0: Perl_newPMOP (in /usr/bin/perl)
==26579==    by 0x1A1B52: ??? (in /usr/bin/perl)
==26579==    by 0x2EC200: ??? (in /usr/bin/perl)
==26579== 
==26579== 552 bytes in 1 blocks are possibly lost in loss record 394 of 777
==26579==    at 0x484DA83: calloc (in /usr/libexec/valgrind/vgpreload_memcheck-amd64-linux.so)
==26579==    by 0x152CD1: Perl_Slab_Alloc (in /usr/bin/perl)
==26579==    by 0x15D6F0: Perl_newPMOP (in /usr/bin/perl)
==26579==    by 0x1A1B52: ??? (in /usr/bin/perl)
==26579==    by 0x1A373E: Perl_yylex (in /usr/bin/perl)
==26579== 
==26579== 552 bytes in 1 blocks are possibly lost in loss record 395 of 777
==26579==    at 0x484DA83: calloc (in /usr/libexec/valgrind/vgpreload_memcheck-amd64-linux.so)
==26579==    by 0x152CD1: Perl_Slab_Alloc (in /usr/bin/perl)
==26579==    by 0x160F7A: Perl_newSVOP (in /usr/bin/perl)
==26579==    by 0x2EA0B1: ??? (in /usr/bin/perl)
==26579==    by 0x2DC574: ??? (in /usr/bin/perl)
==26579== 
==26579== 560 bytes in 7 blocks are possibly lost in loss record 396 of 777
==26579==    at 0x484DA83: calloc (in /usr/libexec/valgrind/vgpreload_memcheck-amd64-linux.so)
==26579==    by 0x17D9C0: Perl_newGP (in /usr/bin/perl)
==26579==    by 0x17DD97: Perl_gv_init_pvn (in /usr/bin/perl)
==26579==    by 0x17EE1F: Perl_gv_fetchpvn_flags (in /usr/bin/perl)
==26579==    by 0x168683: Perl_newATTRSUB_x (in /usr/bin/perl)
==26579== 
==26579== 560 bytes in 7 blocks are possibly lost in loss record 397 of 777
==26579==    at 0x484DA83: calloc (in /usr/libexec/valgrind/vgpreload_memcheck-amd64-linux.so)
==26579==    by 0x17D9C0: Perl_newGP (in /usr/bin/perl)
==26579==    by 0x17DD97: Perl_gv_init_pvn (in /usr/bin/perl)
==26579==    by 0x17F0DC: Perl_gv_fetchpvn_flags (in /usr/bin/perl)
==26579==    by 0x188A0F: Perl_gv_fetchsv (in /usr/bin/perl)
==26579== 
==26579== 560 bytes in 10 blocks are possibly lost in loss record 398 of 777
==26579==    at 0x4848899: malloc (in /usr/libexec/valgrind/vgpreload_memcheck-amd64-linux.so)
==26579==    by 0x1B8169: Perl_re_op_compile (in /usr/bin/perl)
==26579==    by 0x15E2A9: Perl_pmruntime (in /usr/bin/perl)
==26579==    by 0x1ACACA: Perl_yyparse (in /usr/bin/perl)
==26579==    by 0x25DF6A: ??? (in /usr/bin/perl)
==26579== 
==26579== 576 bytes in 5 blocks are possibly lost in loss record 399 of 777
==26579==    at 0x484DCD3: realloc (in /usr/libexec/valgrind/vgpreload_memcheck-amd64-linux.so)
==26579==    by 0x2DFAEC: ??? (in /usr/bin/perl)
==26579==    by 0x2E6098: ??? (in /usr/bin/perl)
==26579==    by 0x1B730C: Perl_re_op_compile (in /usr/bin/perl)
==26579==    by 0x15E2A9: Perl_pmruntime (in /usr/bin/perl)
==26579== 
==26579== 576 bytes in 8 blocks are possibly lost in loss record 400 of 777
==26579==    at 0x484DA83: calloc (in /usr/libexec/valgrind/vgpreload_memcheck-amd64-linux.so)
==26579==    by 0x2E9616: ??? (in /usr/bin/perl)
==26579==    by 0x1FC8F7: Perl_mro_method_changed_in (in /usr/bin/perl)
==26579==    by 0x167827: Perl_newXS_len_flags (in /usr/bin/perl)
==26579==    by 0x2AA21C: Perl_boot_core_UNIVERSAL (in /usr/bin/perl)
==26579== 
==26579== 576 bytes in 24 blocks are possibly lost in loss record 401 of 777
==26579==    at 0x484DA83: calloc (in /usr/libexec/valgrind/vgpreload_memcheck-amd64-linux.so)
==26579==    by 0x1A949E: Perl_pad_new (in /usr/bin/perl)
==26579==    by 0x1A9A0E: Perl_start_subparse (in /usr/bin/perl)
==26579==    by 0x1AB518: Perl_yyparse (in /usr/bin/perl)
==26579==    by 0x25DF6A: ??? (in /usr/bin/perl)
==26579== 
==26579== 584 bytes in 7 blocks are possibly lost in loss record 402 of 777
==26579==    at 0x4848899: malloc (in /usr/libexec/valgrind/vgpreload_memcheck-amd64-linux.so)
==26579==    by 0x1EB5FF: Perl_safesysmalloc (in /usr/bin/perl)
==26579==    by 0x218487: Perl_sv_grow (in /usr/bin/perl)
==26579==    by 0x22A994: Perl_sv_setsv_flags (in /usr/bin/perl)
==26579==    by 0x2119DE: Perl_pp_aassign (in /usr/bin/perl)
==26579== 
==26579== 592 bytes in 37 blocks are possibly lost in loss record 403 of 777
==26579==    at 0x4848899: malloc (in /usr/libexec/valgrind/vgpreload_memcheck-amd64-linux.so)
==26579==    by 0x1A97B3: Perl_pad_new (in /usr/bin/perl)
==26579==    by 0x1A9A0E: Perl_start_subparse (in /usr/bin/perl)
==26579==    by 0x1AB57E: Perl_yyparse (in /usr/bin/perl)
==26579==    by 0x18548B: perl_parse (in /usr/bin/perl)
==26579== 
==26579== 600 bytes in 5 blocks are possibly lost in loss record 404 of 777
==26579==    at 0x4848899: malloc (in /usr/libexec/valgrind/vgpreload_memcheck-amd64-linux.so)
==26579==    by 0x1EB5FF: Perl_safesysmalloc (in /usr/bin/perl)
==26579==    by 0x205C6B: Perl_av_extend_guts (in /usr/bin/perl)
==26579==    by 0x217EB5: Perl_clear_defarray (in /usr/bin/perl)
==26579==    by 0x25D6DC: Perl_pp_goto (in /usr/bin/perl)
==26579== 
==26579== 608 bytes in 19 blocks are possibly lost in loss record 405 of 777
==26579==    at 0x4848899: malloc (in /usr/libexec/valgrind/vgpreload_memcheck-amd64-linux.so)
==26579==    by 0x171DBF: ??? (in /usr/bin/perl)
==26579==    by 0x174A5C: Perl_rpeep (in /usr/bin/perl)
==26579==    by 0x175AE1: Perl_rpeep (in /usr/bin/perl)
==26579==    by 0x17448D: Perl_rpeep (in /usr/bin/perl)
==26579== 
==26579== 621 bytes in 13 blocks are possibly lost in loss record 406 of 777
==26579==    at 0x4848899: malloc (in /usr/libexec/valgrind/vgpreload_memcheck-amd64-linux.so)
==26579==    by 0x1EB5FF: Perl_safesysmalloc (in /usr/bin/perl)
==26579==    by 0x1688B7: Perl_newATTRSUB_x (in /usr/bin/perl)
==26579==    by 0x1ADB98: Perl_yyparse (in /usr/bin/perl)
==26579==    by 0x25DF6A: ??? (in /usr/bin/perl)
==26579== 
==26579== 624 bytes in 4 blocks are still reachable in loss record 407 of 777
==26579==    at 0x484DA83: calloc (in /usr/libexec/valgrind/vgpreload_memcheck-amd64-linux.so)
==26579==    by 0x40162DC: calloc (rtld-malloc.h:44)
==26579==    by 0x40162DC: _dl_check_map_versions (dl-version.c:273)
==26579==    by 0x400ED13: dl_open_worker_begin (dl-open.c:600)
==26579==    by 0x4AC9A97: _dl_catch_exception (dl-error-skeleton.c:208)
==26579==    by 0x400DF99: dl_open_worker (dl-open.c:782)
==26579== 
==26579== 624 bytes in 26 blocks are possibly lost in loss record 408 of 777
==26579==    at 0x484DCD3: realloc (in /usr/libexec/valgrind/vgpreload_memcheck-amd64-linux.so)
==26579==    by 0x2E96E6: ??? (in /usr/bin/perl)
==26579==    by 0x152D92: Perl_Slab_Free (in /usr/bin/perl)
==26579==    by 0x173EEB: ??? (in /usr/bin/perl)
==26579==    by 0x16E5EB: Perl_ck_method (in /usr/bin/perl)
==26579== 
==26579== 640 bytes in 5 blocks are possibly lost in loss record 409 of 777
==26579==    at 0x4848899: malloc (in /usr/libexec/valgrind/vgpreload_memcheck-amd64-linux.so)
==26579==    by 0x1B64AC: Perl_re_op_compile (in /usr/bin/perl)
==26579==    by 0x253E5D: Perl_pp_regcomp (in /usr/bin/perl)
==26579==    by 0x203F55: Perl_runops_standard (in /usr/bin/perl)
==26579==    by 0x17D5BB: perl_run (in /usr/bin/perl)
==26579== 
==26579== 660 bytes in 66 blocks are possibly lost in loss record 410 of 777
==26579==    at 0x4848899: malloc (in /usr/libexec/valgrind/vgpreload_memcheck-amd64-linux.so)
==26579==    by 0x1EB5FF: Perl_safesysmalloc (in /usr/bin/perl)
==26579==    by 0x218487: Perl_sv_grow (in /usr/bin/perl)
==26579==    by 0x22BA87: Perl_sv_setpvn (in /usr/bin/perl)
==26579==    by 0x1B6DF6: Perl_re_op_compile (in /usr/bin/perl)
==26579== 
==26579== 672 bytes in 14 blocks are possibly lost in loss record 411 of 777
==26579==    at 0x484DA83: calloc (in /usr/libexec/valgrind/vgpreload_memcheck-amd64-linux.so)
==26579==    by 0x220C8D: Perl_sv_magicext (in /usr/bin/perl)
==26579==    by 0x2234A9: Perl_sv_magic (in /usr/bin/perl)
==26579==    by 0x20C05C: Perl_av_store (in /usr/bin/perl)
==26579==    by 0x212525: Perl_pp_aassign (in /usr/bin/perl)
==26579== 
==26579== 696 bytes in 29 blocks are possibly lost in loss record 412 of 777
==26579==    at 0x484DA83: calloc (in /usr/libexec/valgrind/vgpreload_memcheck-amd64-linux.so)
==26579==    by 0x1A949E: Perl_pad_new (in /usr/bin/perl)
==26579==    by 0x25DB79: ??? (in /usr/bin/perl)
==26579==    by 0x260118: Perl_pp_require (in /usr/bin/perl)
==26579==    by 0x203F55: Perl_runops_standard (in /usr/bin/perl)
==26579== 
==26579== 704 bytes in 16 blocks are possibly lost in loss record 413 of 777
==26579==    at 0x484DA83: calloc (in /usr/libexec/valgrind/vgpreload_memcheck-amd64-linux.so)
==26579==    by 0x1EC93C: Perl_safesyscalloc (in /usr/bin/perl)
==26579==    by 0x1B1D8D: Perl_pad_add_name_pvn (in /usr/bin/perl)
==26579==    by 0x1636EF: Perl_newRANGE (in /usr/bin/perl)
==26579==    by 0x1ACDEB: Perl_yyparse (in /usr/bin/perl)
==26579== 
==26579== 704 bytes in 16 blocks are possibly lost in loss record 414 of 777
==26579==    at 0x484DA83: calloc (in /usr/libexec/valgrind/vgpreload_memcheck-amd64-linux.so)
==26579==    by 0x1EC93C: Perl_safesyscalloc (in /usr/bin/perl)
==26579==    by 0x1B1D8D: Perl_pad_add_name_pvn (in /usr/bin/perl)
==26579==    by 0x16372B: Perl_newRANGE (in /usr/bin/perl)
==26579==    by 0x1ACDEB: Perl_yyparse (in /usr/bin/perl)
==26579== 
==26579== 720 bytes in 15 blocks are possibly lost in loss record 415 of 777
==26579==    at 0x484DA83: calloc (in /usr/libexec/valgrind/vgpreload_memcheck-amd64-linux.so)
==26579==    by 0x220C8D: Perl_sv_magicext (in /usr/bin/perl)
==26579==    by 0x220EFF: Perl_sv_add_backref (in /usr/bin/perl)
==26579==    by 0x1669A7: Perl_newSTUB (in /usr/bin/perl)
==26579==    by 0x224264: Perl_sv_2cv (in /usr/bin/perl)
==26579== 
==26579== 736 bytes in 4 blocks are possibly lost in loss record 416 of 777
==26579==    at 0x484DCD3: realloc (in /usr/libexec/valgrind/vgpreload_memcheck-amd64-linux.so)
==26579==    by 0x1EB7BD: Perl_safesysrealloc (in /usr/bin/perl)
==26579==    by 0x204999: ??? (in /usr/bin/perl)
==26579==    by 0x209B6C: Perl_hv_iterinit (in /usr/bin/perl)
==26579==    by 0x20A042: Perl_hv_pushkv (in /usr/bin/perl)
==26579== 
==26579== 768 bytes in 16 blocks are possibly lost in loss record 417 of 777
==26579==    at 0x484DA83: calloc (in /usr/libexec/valgrind/vgpreload_memcheck-amd64-linux.so)
==26579==    by 0x220C8D: Perl_sv_magicext (in /usr/bin/perl)
==26579==    by 0x2234A9: Perl_sv_magic (in /usr/bin/perl)
==26579==    by 0x17B07A: Perl_gv_add_by_type (in /usr/bin/perl)
==26579==    by 0x17FA5C: Perl_gv_fetchpvn_flags (in /usr/bin/perl)
==26579== 
==26579== 768 bytes in 20 blocks are possibly lost in loss record 418 of 777
==26579==    at 0x484DCD3: realloc (in /usr/libexec/valgrind/vgpreload_memcheck-amd64-linux.so)
==26579==    by 0x2E96E6: ??? (in /usr/bin/perl)
==26579==    by 0x152D3B: Perl_Slab_Alloc (in /usr/bin/perl)
==26579==    by 0x161C0B: Perl_newSTATEOP (in /usr/bin/perl)
==26579==    by 0x1AA880: Perl_yyparse (in /usr/bin/perl)
==26579== 
==26579== 810 bytes in 15 blocks are possibly lost in loss record 419 of 777
==26579==    at 0x4848899: malloc (in /usr/libexec/valgrind/vgpreload_memcheck-amd64-linux.so)
==26579==    by 0x1EB5FF: Perl_safesysmalloc (in /usr/bin/perl)
==26579==    by 0x1669CF: Perl_newSTUB (in /usr/bin/perl)
==26579==    by 0x224264: Perl_sv_2cv (in /usr/bin/perl)
==26579==    by 0x23A544: Perl_pp_rv2cv (in /usr/bin/perl)
==26579== 
==26579== 823 bytes in 26 blocks are possibly lost in loss record 420 of 777
==26579==    at 0x4848899: malloc (in /usr/libexec/valgrind/vgpreload_memcheck-amd64-linux.so)
==26579==    by 0x1EB5FF: Perl_safesysmalloc (in /usr/bin/perl)
==26579==    by 0x218487: Perl_sv_grow (in /usr/bin/perl)
==26579==    by 0x20F1FE: Perl_pp_multiconcat (in /usr/bin/perl)
==26579==    by 0x203F55: Perl_runops_standard (in /usr/bin/perl)
==26579== 
==26579== 864 bytes in 12 blocks are possibly lost in loss record 421 of 777
==26579==    at 0x484DA83: calloc (in /usr/libexec/valgrind/vgpreload_memcheck-amd64-linux.so)
==26579==    by 0x2E9616: ??? (in /usr/bin/perl)
==26579==    by 0x1FC8F7: Perl_mro_method_changed_in (in /usr/bin/perl)
==26579==    by 0x16801D: Perl_newATTRSUB_x (in /usr/bin/perl)
==26579==    by 0x1ADB98: Perl_yyparse (in /usr/bin/perl)
==26579== 
==26579== 864 bytes in 27 blocks are possibly lost in loss record 422 of 777
==26579==    at 0x4848899: malloc (in /usr/libexec/valgrind/vgpreload_memcheck-amd64-linux.so)
==26579==    by 0x1EB5FF: Perl_safesysmalloc (in /usr/bin/perl)
==26579==    by 0x205C6B: Perl_av_extend_guts (in /usr/bin/perl)
==26579==    by 0x20C1AD: Perl_av_store (in /usr/bin/perl)
==26579==    by 0x1FBD1E: ??? (in /usr/bin/perl)
==26579== 
==26579== 870 bytes in 87 blocks are possibly lost in loss record 423 of 777
==26579==    at 0x4848899: malloc (in /usr/libexec/valgrind/vgpreload_memcheck-amd64-linux.so)
==26579==    by 0x1EB5FF: Perl_safesysmalloc (in /usr/bin/perl)
==26579==    by 0x218487: Perl_sv_grow (in /usr/bin/perl)
==26579==    by 0x22BA87: Perl_sv_setpvn (in /usr/bin/perl)
==26579==    by 0x1B6DAD: Perl_re_op_compile (in /usr/bin/perl)
==26579== 
==26579== 880 bytes in 22 blocks are possibly lost in loss record 424 of 777
==26579==    at 0x4848899: malloc (in /usr/libexec/valgrind/vgpreload_memcheck-amd64-linux.so)
==26579==    by 0x1A9744: Perl_pad_new (in /usr/bin/perl)
==26579==    by 0x1A9A0E: Perl_start_subparse (in /usr/bin/perl)
==26579==    by 0x1AB518: Perl_yyparse (in /usr/bin/perl)
==26579==    by 0x18548B: perl_parse (in /usr/bin/perl)
==26579== 
==26579== 880 bytes in 33 blocks are possibly lost in loss record 425 of 777
==26579==    at 0x484DA83: calloc (in /usr/libexec/valgrind/vgpreload_memcheck-amd64-linux.so)
==26579==    by 0x2E973E: ??? (in /usr/bin/perl)
==26579==    by 0x152D3B: Perl_Slab_Alloc (in /usr/bin/perl)
==26579==    by 0x161C0B: Perl_newSTATEOP (in /usr/bin/perl)
==26579==    by 0x1AA880: Perl_yyparse (in /usr/bin/perl)
==26579== 
==26579== 888 bytes in 37 blocks are possibly lost in loss record 426 of 777
==26579==    at 0x484DA83: calloc (in /usr/libexec/valgrind/vgpreload_memcheck-amd64-linux.so)
==26579==    by 0x1A949E: Perl_pad_new (in /usr/bin/perl)
==26579==    by 0x1A9A0E: Perl_start_subparse (in /usr/bin/perl)
==26579==    by 0x1AB57E: Perl_yyparse (in /usr/bin/perl)
==26579==    by 0x18548B: perl_parse (in /usr/bin/perl)
==26579== 
==26579== 896 bytes in 14 blocks are possibly lost in loss record 427 of 777
==26579==    at 0x4848899: malloc (in /usr/libexec/valgrind/vgpreload_memcheck-amd64-linux.so)
==26579==    by 0x1EB5FF: Perl_safesysmalloc (in /usr/bin/perl)
==26579==    by 0x20A382: Perl_newHVhv (in /usr/bin/perl)
==26579==    by 0x1FBFC9: ??? (in /usr/bin/perl)
==26579==    by 0x1FC2A2: Perl_mro_get_linear_isa (in /usr/bin/perl)
==26579== 
==26579== 912 bytes in 19 blocks are possibly lost in loss record 428 of 777
==26579==    at 0x484DA83: calloc (in /usr/libexec/valgrind/vgpreload_memcheck-amd64-linux.so)
==26579==    by 0x220C8D: Perl_sv_magicext (in /usr/bin/perl)
==26579==    by 0x2234A9: Perl_sv_magic (in /usr/bin/perl)
==26579==    by 0x17FB93: Perl_gv_fetchpvn_flags (in /usr/bin/perl)
==26579==    by 0x19E743: ??? (in /usr/bin/perl)
==26579== 
==26579== 928 bytes in 24 blocks are possibly lost in loss record 429 of 777
==26579==    at 0x484DCD3: realloc (in /usr/libexec/valgrind/vgpreload_memcheck-amd64-linux.so)
==26579==    by 0x1EB7BD: Perl_safesysrealloc (in /usr/bin/perl)
==26579==    by 0x21842B: Perl_sv_grow (in /usr/bin/perl)
==26579==    by 0x20F1FE: Perl_pp_multiconcat (in /usr/bin/perl)
==26579==    by 0x203F55: Perl_runops_standard (in /usr/bin/perl)
==26579== 
==26579== 960 bytes in 24 blocks are possibly lost in loss record 430 of 777
==26579==    at 0x4848899: malloc (in /usr/libexec/valgrind/vgpreload_memcheck-amd64-linux.so)
==26579==    by 0x1A9744: Perl_pad_new (in /usr/bin/perl)
==26579==    by 0x1A9A0E: Perl_start_subparse (in /usr/bin/perl)
==26579==    by 0x1AB518: Perl_yyparse (in /usr/bin/perl)
==26579==    by 0x25DF6A: ??? (in /usr/bin/perl)
==26579== 
==26579== 984 bytes in 30 blocks are possibly lost in loss record 431 of 777
==26579==    at 0x4848899: malloc (in /usr/libexec/valgrind/vgpreload_memcheck-amd64-linux.so)
==26579==    by 0x171DBF: ??? (in /usr/bin/perl)
==26579==    by 0x174A5C: Perl_rpeep (in /usr/bin/perl)
==26579==    by 0x17448D: Perl_rpeep (in /usr/bin/perl)
==26579==    by 0x175AE1: Perl_rpeep (in /usr/bin/perl)
==26579== 
==26579== 984 bytes in 34 blocks are possibly lost in loss record 432 of 777
==26579==    at 0x4848899: malloc (in /usr/libexec/valgrind/vgpreload_memcheck-amd64-linux.so)
==26579==    by 0x1EB5FF: Perl_safesysmalloc (in /usr/bin/perl)
==26579==    by 0x21C653: Perl_pp_entersub (in /usr/bin/perl)
==26579==    by 0x203F55: Perl_runops_standard (in /usr/bin/perl)
==26579==    by 0x17D5BB: perl_run (in /usr/bin/perl)
==26579== 
==26579== 1,016 bytes in 1 blocks are possibly lost in loss record 433 of 777
==26579==    at 0x484DCD3: realloc (in /usr/libexec/valgrind/vgpreload_memcheck-amd64-linux.so)
==26579==    by 0x1EB7BD: Perl_safesysrealloc (in /usr/bin/perl)
==26579==    by 0x205CC2: Perl_av_extend_guts (in /usr/bin/perl)
==26579==    by 0x20CF69: Perl_av_unshift (in /usr/bin/perl)
==26579==    by 0x24B5FC: Perl_pp_unshift (in /usr/bin/perl)
==26579== 
==26579== 1,024 bytes in 1 blocks are possibly lost in loss record 434 of 777
==26579==    at 0x4848899: malloc (in /usr/libexec/valgrind/vgpreload_memcheck-amd64-linux.so)
==26579==    by 0x1EB5FF: Perl_safesysmalloc (in /usr/bin/perl)
==26579==    by 0x205C6B: Perl_av_extend_guts (in /usr/bin/perl)
==26579==    by 0x24D2E2: Perl_new_stackinfo (in /usr/bin/perl)
==26579==    by 0x17C72F: Perl_init_stacks (in /usr/bin/perl)
==26579== 
==26579== 1,024 bytes in 1 blocks are possibly lost in loss record 435 of 777
==26579==    at 0x484DCD3: realloc (in /usr/libexec/valgrind/vgpreload_memcheck-amd64-linux.so)
==26579==    by 0x1EB7BD: Perl_safesysrealloc (in /usr/bin/perl)
==26579==    by 0x20469E: ??? (in /usr/bin/perl)
==26579==    by 0x2082ED: Perl_hv_common (in /usr/bin/perl)
==26579==    by 0x181EB9: ??? (in /usr/bin/perl)
==26579== 
==26579== 1,024 bytes in 1 blocks are possibly lost in loss record 436 of 777
==26579==    at 0x484DCD3: realloc (in /usr/libexec/valgrind/vgpreload_memcheck-amd64-linux.so)
==26579==    by 0x1EB7BD: Perl_safesysrealloc (in /usr/bin/perl)
==26579==    by 0x20469E: ??? (in /usr/bin/perl)
==26579==    by 0x2082ED: Perl_hv_common (in /usr/bin/perl)
==26579==    by 0x20856A: Perl_hv_common (in /usr/bin/perl)
==26579== 
==26579== 1,024 bytes in 1 blocks are possibly lost in loss record 437 of 777
==26579==    at 0x484DCD3: realloc (in /usr/libexec/valgrind/vgpreload_memcheck-amd64-linux.so)
==26579==    by 0x1EB7BD: Perl_safesysrealloc (in /usr/bin/perl)
==26579==    by 0x20469E: ??? (in /usr/bin/perl)
==26579==    by 0x2082ED: Perl_hv_common (in /usr/bin/perl)
==26579==    by 0x485DB32: boot_Fcntl (in /usr/lib/x86_64-linux-gnu/perl-base/auto/Fcntl/Fcntl.so)
==26579== 
==26579== 1,043 bytes in 24 blocks are possibly lost in loss record 438 of 777
==26579==    at 0x4848899: malloc (in /usr/libexec/valgrind/vgpreload_memcheck-amd64-linux.so)
==26579==    by 0x1EB5FF: Perl_safesysmalloc (in /usr/bin/perl)
==26579==    by 0x20549A: ??? (in /usr/bin/perl)
==26579==    by 0x207845: Perl_hv_common (in /usr/bin/perl)
==26579==    by 0x214C6F: Perl_pp_helem (in /usr/bin/perl)
==26579== 
==26579== 1,048 bytes in 14 blocks are possibly lost in loss record 439 of 777
==26579==    at 0x484DCD3: realloc (in /usr/libexec/valgrind/vgpreload_memcheck-amd64-linux.so)
==26579==    by 0x1EB7BD: Perl_safesysrealloc (in /usr/bin/perl)
==26579==    by 0x205CC2: Perl_av_extend_guts (in /usr/bin/perl)
==26579==    by 0x1B1B19: Perl_padnamelist_store (in /usr/bin/perl)
==26579==    by 0x1B1D15: ??? (in /usr/bin/perl)
==26579== 
==26579== 1,056 bytes in 22 blocks are possibly lost in loss record 440 of 777
==26579==    at 0x484DA83: calloc (in /usr/libexec/valgrind/vgpreload_memcheck-amd64-linux.so)
==26579==    by 0x220C8D: Perl_sv_magicext (in /usr/bin/perl)
==26579==    by 0x220EFF: Perl_sv_add_backref (in /usr/bin/perl)
==26579==    by 0x16940D: Perl_newATTRSUB_x (in /usr/bin/perl)
==26579==    by 0x169A06: Perl_utilize (in /usr/bin/perl)
==26579== 
==26579== 1,056 bytes in 22 blocks are possibly lost in loss record 441 of 777
==26579==    at 0x4848899: malloc (in /usr/libexec/valgrind/vgpreload_memcheck-amd64-linux.so)
==26579==    by 0x1EB5FF: Perl_safesysmalloc (in /usr/bin/perl)
==26579==    by 0x167777: Perl_newXS_len_flags (in /usr/bin/perl)
==26579==    by 0x167A40: Perl_newCONSTSUB_flags (in /usr/bin/perl)
==26579==    by 0x20D97E: Perl_pp_sassign (in /usr/bin/perl)
==26579== 
==26579== 1,064 bytes in 1 blocks are possibly lost in loss record 442 of 777
==26579==    at 0x484DA83: calloc (in /usr/libexec/valgrind/vgpreload_memcheck-amd64-linux.so)
==26579==    by 0x152C61: Perl_Slab_Alloc (in /usr/bin/perl)
==26579==    by 0x15BA09: Perl_newUNOP (in /usr/bin/perl)
==26579==    by 0x16369B: Perl_newRANGE (in /usr/bin/perl)
==26579==    by 0x1ACDEB: Perl_yyparse (in /usr/bin/perl)
==26579== 
==26579== 1,064 bytes in 1 blocks are possibly lost in loss record 443 of 777
==26579==    at 0x484DA83: calloc (in /usr/libexec/valgrind/vgpreload_memcheck-amd64-linux.so)
==26579==    by 0x152C61: Perl_Slab_Alloc (in /usr/bin/perl)
==26579==    by 0x15BA09: Perl_newUNOP (in /usr/bin/perl)
==26579==    by 0x1AC305: Perl_yyparse (in /usr/bin/perl)
==26579==    by 0x25DF6A: ??? (in /usr/bin/perl)
==26579== 
==26579== 1,064 bytes in 1 blocks are possibly lost in loss record 444 of 777
==26579==    at 0x484DA83: calloc (in /usr/libexec/valgrind/vgpreload_memcheck-amd64-linux.so)
==26579==    by 0x152C61: Perl_Slab_Alloc (in /usr/bin/perl)
==26579==    by 0x160F7A: Perl_newSVOP (in /usr/bin/perl)
==26579==    by 0x190168: ??? (in /usr/bin/perl)
==26579==    by 0x1961AD: ??? (in /usr/bin/perl)
==26579== 
==26579== 1,064 bytes in 1 blocks are possibly lost in loss record 445 of 777
==26579==    at 0x484DA83: calloc (in /usr/libexec/valgrind/vgpreload_memcheck-amd64-linux.so)
==26579==    by 0x152C61: Perl_Slab_Alloc (in /usr/bin/perl)
==26579==    by 0x1579C4: Perl_newOP (in /usr/bin/perl)
==26579==    by 0x157F13: Perl_newLISTOP (in /usr/bin/perl)
==26579==    by 0x1AC8C6: Perl_yyparse (in /usr/bin/perl)
==26579== 
==26579== 1,064 bytes in 1 blocks are possibly lost in loss record 446 of 777
==26579==    at 0x484DA83: calloc (in /usr/libexec/valgrind/vgpreload_memcheck-amd64-linux.so)
==26579==    by 0x152C61: Perl_Slab_Alloc (in /usr/bin/perl)
==26579==    by 0x1AD3F1: Perl_yyparse (in /usr/bin/perl)
==26579==    by 0x25DF6A: ??? (in /usr/bin/perl)
==26579==    by 0x260118: Perl_pp_require (in /usr/bin/perl)
==26579== 
==26579== 1,064 bytes in 1 blocks are possibly lost in loss record 447 of 777
==26579==    at 0x484DA83: calloc (in /usr/libexec/valgrind/vgpreload_memcheck-amd64-linux.so)
==26579==    by 0x152C61: Perl_Slab_Alloc (in /usr/bin/perl)
==26579==    by 0x15BA09: Perl_newUNOP (in /usr/bin/perl)
==26579==    by 0x1AC2DC: Perl_yyparse (in /usr/bin/perl)
==26579==    by 0x18548B: perl_parse (in /usr/bin/perl)
==26579== 
==26579== 1,064 bytes in 1 blocks are possibly lost in loss record 448 of 777
==26579==    at 0x484DA83: calloc (in /usr/libexec/valgrind/vgpreload_memcheck-amd64-linux.so)
==26579==    by 0x152C61: Perl_Slab_Alloc (in /usr/bin/perl)
==26579==    by 0x15BA09: Perl_newUNOP (in /usr/bin/perl)
==26579==    by 0x1ABCBD: Perl_yyparse (in /usr/bin/perl)
==26579==    by 0x18548B: perl_parse (in /usr/bin/perl)
==26579== 
==26579== 1,064 bytes in 1 blocks are possibly lost in loss record 449 of 777
==26579==    at 0x484DA83: calloc (in /usr/libexec/valgrind/vgpreload_memcheck-amd64-linux.so)
==26579==    by 0x152C61: Perl_Slab_Alloc (in /usr/bin/perl)
==26579==    by 0x15D019: Perl_newBINOP (in /usr/bin/perl)
==26579==    by 0x1AC859: Perl_yyparse (in /usr/bin/perl)
==26579==    by 0x18548B: perl_parse (in /usr/bin/perl)
==26579== 
==26579== 1,064 bytes in 1 blocks are possibly lost in loss record 450 of 777
==26579==    at 0x484DA83: calloc (in /usr/libexec/valgrind/vgpreload_memcheck-amd64-linux.so)
==26579==    by 0x152C61: Perl_Slab_Alloc (in /usr/bin/perl)
==26579==    by 0x15BA09: Perl_newUNOP (in /usr/bin/perl)
==26579==    by 0x1ABCEA: Perl_yyparse (in /usr/bin/perl)
==26579==    by 0x18548B: perl_parse (in /usr/bin/perl)
==26579== 
==26579== 1,088 bytes in 1 blocks are definitely lost in loss record 451 of 777
==26579==    at 0x484DA83: calloc (in /usr/libexec/valgrind/vgpreload_memcheck-amd64-linux.so)
==26579==    by 0x1EC93C: Perl_safesyscalloc (in /usr/bin/perl)
==26579==    by 0x180D28: Perl_gv_fetchpvn_flags (in /usr/bin/perl)
==26579==    by 0x19E743: ??? (in /usr/bin/perl)
==26579==    by 0x1AA23C: Perl_yyparse (in /usr/bin/perl)
==26579== 
==26579== 1,104 bytes in 2 blocks are possibly lost in loss record 452 of 777
==26579==    at 0x484DA83: calloc (in /usr/libexec/valgrind/vgpreload_memcheck-amd64-linux.so)
==26579==    by 0x152CD1: Perl_Slab_Alloc (in /usr/bin/perl)
==26579==    by 0x160F7A: Perl_newSVOP (in /usr/bin/perl)
==26579==    by 0x192F31: ??? (in /usr/bin/perl)
==26579==    by 0x1A1EBE: Perl_yylex (in /usr/bin/perl)
==26579== 
==26579== 1,104 bytes in 2 blocks are possibly lost in loss record 453 of 777
==26579==    at 0x484DA83: calloc (in /usr/libexec/valgrind/vgpreload_memcheck-amd64-linux.so)
==26579==    by 0x152CD1: Perl_Slab_Alloc (in /usr/bin/perl)
==26579==    by 0x160F7A: Perl_newSVOP (in /usr/bin/perl)
==26579==    by 0x1A76DE: Perl_scan_num (in /usr/bin/perl)
==26579==    by 0x1A29F5: Perl_yylex (in /usr/bin/perl)
==26579== 
==26579== 1,130 bytes in 113 blocks are possibly lost in loss record 454 of 777
==26579==    at 0x4848899: malloc (in /usr/libexec/valgrind/vgpreload_memcheck-amd64-linux.so)
==26579==    by 0x1EB5FF: Perl_safesysmalloc (in /usr/bin/perl)
==26579==    by 0x218487: Perl_sv_grow (in /usr/bin/perl)
==26579==    by 0x22C29D: Perl_sv_setpv (in /usr/bin/perl)
==26579==    by 0x167686: Perl_newXS_len_flags (in /usr/bin/perl)
==26579== 
==26579== 1,152 bytes in 9 blocks are possibly lost in loss record 455 of 777
==26579==    at 0x4848899: malloc (in /usr/libexec/valgrind/vgpreload_memcheck-amd64-linux.so)
==26579==    by 0x1B64AC: Perl_re_op_compile (in /usr/bin/perl)
==26579==    by 0x15E2A9: Perl_pmruntime (in /usr/bin/perl)
==26579==    by 0x1ACACA: Perl_yyparse (in /usr/bin/perl)
==26579==    by 0x18548B: perl_parse (in /usr/bin/perl)
==26579== 
==26579== 1,160 bytes in 29 blocks are possibly lost in loss record 456 of 777
==26579==    at 0x4848899: malloc (in /usr/libexec/valgrind/vgpreload_memcheck-amd64-linux.so)
==26579==    by 0x1A9744: Perl_pad_new (in /usr/bin/perl)
==26579==    by 0x25DB79: ??? (in /usr/bin/perl)
==26579==    by 0x260118: Perl_pp_require (in /usr/bin/perl)
==26579==    by 0x203F55: Perl_runops_standard (in /usr/bin/perl)
==26579== 
==26579== 1,232 bytes in 5 blocks are possibly lost in loss record 457 of 777
==26579==    at 0x484DCD3: realloc (in /usr/libexec/valgrind/vgpreload_memcheck-amd64-linux.so)
==26579==    by 0x2DF7FE: ??? (in /usr/bin/perl)
==26579==    by 0x2E6098: ??? (in /usr/bin/perl)
==26579==    by 0x1B730C: Perl_re_op_compile (in /usr/bin/perl)
==26579==    by 0x15E2A9: Perl_pmruntime (in /usr/bin/perl)
==26579== 
==26579== 1,280 bytes in 16 blocks are possibly lost in loss record 458 of 777
==26579==    at 0x484DA83: calloc (in /usr/libexec/valgrind/vgpreload_memcheck-amd64-linux.so)
==26579==    by 0x17D9C0: Perl_newGP (in /usr/bin/perl)
==26579==    by 0x17DD97: Perl_gv_init_pvn (in /usr/bin/perl)
==26579==    by 0x17F0DC: Perl_gv_fetchpvn_flags (in /usr/bin/perl)
==26579==    by 0x1674A1: Perl_newXS_len_flags (in /usr/bin/perl)
==26579== 
==26579== 1,400 bytes in 41 blocks are possibly lost in loss record 459 of 777
==26579==    at 0x4848899: malloc (in /usr/libexec/valgrind/vgpreload_memcheck-amd64-linux.so)
==26579==    by 0x171DBF: ??? (in /usr/bin/perl)
==26579==    by 0x174A5C: Perl_rpeep (in /usr/bin/perl)
==26579==    by 0x175AE1: Perl_rpeep (in /usr/bin/perl)
==26579==    by 0x158D9B: ??? (in /usr/bin/perl)
==26579== 
==26579== 1,480 bytes in 37 blocks are possibly lost in loss record 460 of 777
==26579==    at 0x4848899: malloc (in /usr/libexec/valgrind/vgpreload_memcheck-amd64-linux.so)
==26579==    by 0x1A9744: Perl_pad_new (in /usr/bin/perl)
==26579==    by 0x1A9A0E: Perl_start_subparse (in /usr/bin/perl)
==26579==    by 0x1AB57E: Perl_yyparse (in /usr/bin/perl)
==26579==    by 0x18548B: perl_parse (in /usr/bin/perl)
==26579== 
==26579== 1,480 bytes in 37 blocks are possibly lost in loss record 461 of 777
==26579==    at 0x4848899: malloc (in /usr/libexec/valgrind/vgpreload_memcheck-amd64-linux.so)
==26579==    by 0x1EB5FF: Perl_safesysmalloc (in /usr/bin/perl)
==26579==    by 0x168E84: Perl_newATTRSUB_x (in /usr/bin/perl)
==26579==    by 0x1ADB98: Perl_yyparse (in /usr/bin/perl)
==26579==    by 0x18548B: perl_parse (in /usr/bin/perl)
==26579== 
==26579== 1,512 bytes in 27 blocks are possibly lost in loss record 462 of 777
==26579==    at 0x484DA83: calloc (in /usr/libexec/valgrind/vgpreload_memcheck-amd64-linux.so)
==26579==    by 0x1585C3: Perl_newUNOP_AUX (in /usr/bin/perl)
==26579==    by 0x1714D4: ??? (in /usr/bin/perl)
==26579==    by 0x174A5C: Perl_rpeep (in /usr/bin/perl)
==26579==    by 0x17568E: Perl_rpeep (in /usr/bin/perl)
==26579== 
==26579== 1,548 bytes in 28 blocks are possibly lost in loss record 463 of 777
==26579==    at 0x4848899: malloc (in /usr/libexec/valgrind/vgpreload_memcheck-amd64-linux.so)
==26579==    by 0x1EB5FF: Perl_safesysmalloc (in /usr/bin/perl)
==26579==    by 0x20549A: ??? (in /usr/bin/perl)
==26579==    by 0x207845: Perl_hv_common (in /usr/bin/perl)
==26579==    by 0x2159E4: Perl_pp_multideref (in /usr/bin/perl)
==26579== 
==26579== 1,584 bytes in 22 blocks are possibly lost in loss record 464 of 777
==26579==    at 0x484DA83: calloc (in /usr/libexec/valgrind/vgpreload_memcheck-amd64-linux.so)
==26579==    by 0x2E9616: ??? (in /usr/bin/perl)
==26579==    by 0x1FC8F7: Perl_mro_method_changed_in (in /usr/bin/perl)
==26579==    by 0x16801D: Perl_newATTRSUB_x (in /usr/bin/perl)
==26579==    by 0x169A06: Perl_utilize (in /usr/bin/perl)
==26579== 
==26579== 1,704 bytes in 1 blocks are possibly lost in loss record 465 of 777
==26579==    at 0x484DCD3: realloc (in /usr/libexec/valgrind/vgpreload_memcheck-amd64-linux.so)
==26579==    by 0x1EB7BD: Perl_safesysrealloc (in /usr/bin/perl)
==26579==    by 0x205CC2: Perl_av_extend_guts (in /usr/bin/perl)
==26579==    by 0x20C1AD: Perl_av_store (in /usr/bin/perl)
==26579==    by 0x15D935: Perl_newPMOP (in /usr/bin/perl)
==26579== 
==26579== 1,704 bytes in 35 blocks are possibly lost in loss record 466 of 777
==26579==    at 0x484DCD3: realloc (in /usr/libexec/valgrind/vgpreload_memcheck-amd64-linux.so)
==26579==    by 0x1EB7BD: Perl_safesysrealloc (in /usr/bin/perl)
==26579==    by 0x21842B: Perl_sv_grow (in /usr/bin/perl)
==26579==    by 0x1B4E70: ??? (in /usr/bin/perl)
==26579==    by 0x1B6449: Perl_re_op_compile (in /usr/bin/perl)
==26579== 
==26579== 1,728 bytes in 72 blocks are possibly lost in loss record 467 of 777
==26579==    at 0x484DA83: calloc (in /usr/libexec/valgrind/vgpreload_memcheck-amd64-linux.so)
==26579==    by 0x2E973E: ??? (in /usr/bin/perl)
==26579==    by 0x152D92: Perl_Slab_Free (in /usr/bin/perl)
==26579==    by 0x1582FA: Perl_op_append_list (in /usr/bin/perl)
==26579==    by 0x1AAA98: Perl_yyparse (in /usr/bin/perl)
==26579== 
==26579== 1,760 bytes in 22 blocks are possibly lost in loss record 468 of 777
==26579==    at 0x484DA83: calloc (in /usr/libexec/valgrind/vgpreload_memcheck-amd64-linux.so)
==26579==    by 0x17D9C0: Perl_newGP (in /usr/bin/perl)
==26579==    by 0x17DD97: Perl_gv_init_pvn (in /usr/bin/perl)
==26579==    by 0x186B90: ??? (in /usr/bin/perl)
==26579==    by 0x187EC6: Perl_gv_fetchmethod_pvn_flags (in /usr/bin/perl)
==26579== 
==26579== 1,774 bytes in 39 blocks are possibly lost in loss record 469 of 777
==26579==    at 0x4848899: malloc (in /usr/libexec/valgrind/vgpreload_memcheck-amd64-linux.so)
==26579==    by 0x1EB5FF: Perl_safesysmalloc (in /usr/bin/perl)
==26579==    by 0x20549A: ??? (in /usr/bin/perl)
==26579==    by 0x205911: Perl_share_hek (in /usr/bin/perl)
==26579==    by 0x16F0B8: Perl_ck_require (in /usr/bin/perl)
==26579== 
==26579== 1,871 bytes in 159 blocks are possibly lost in loss record 470 of 777
==26579==    at 0x4848899: malloc (in /usr/libexec/valgrind/vgpreload_memcheck-amd64-linux.so)
==26579==    by 0x1EB5FF: Perl_safesysmalloc (in /usr/bin/perl)
==26579==    by 0x1EB6AA: Perl_savepvn (in /usr/bin/perl)
==26579==    by 0x220E0A: Perl_sv_magicext (in /usr/bin/perl)
==26579==    by 0x2234A9: Perl_sv_magic (in /usr/bin/perl)
==26579== 
==26579== 1,931 bytes in 46 blocks are possibly lost in loss record 471 of 777
==26579==    at 0x4848899: malloc (in /usr/libexec/valgrind/vgpreload_memcheck-amd64-linux.so)
==26579==    by 0x1EB5FF: Perl_safesysmalloc (in /usr/bin/perl)
==26579==    by 0x168E84: Perl_newATTRSUB_x (in /usr/bin/perl)
==26579==    by 0x16A37E: Perl_newANONATTRSUB (in /usr/bin/perl)
==26579==    by 0x1AC4BE: Perl_yyparse (in /usr/bin/perl)
==26579== 
==26579== 1,936 bytes in 44 blocks are possibly lost in loss record 472 of 777
==26579==    at 0x484DA83: calloc (in /usr/libexec/valgrind/vgpreload_memcheck-amd64-linux.so)
==26579==    by 0x1EC93C: Perl_safesyscalloc (in /usr/bin/perl)
==26579==    by 0x1B2D55: Perl_pad_add_anon (in /usr/bin/perl)
==26579==    by 0x16AC3B: Perl_ck_anoncode (in /usr/bin/perl)
==26579==    by 0x16A393: Perl_newANONATTRSUB (in /usr/bin/perl)
==26579== 
==26579== 2,080 bytes in 26 blocks are possibly lost in loss record 473 of 777
==26579==    at 0x484DA83: calloc (in /usr/libexec/valgrind/vgpreload_memcheck-amd64-linux.so)
==26579==    by 0x17D9C0: Perl_newGP (in /usr/bin/perl)
==26579==    by 0x17DD97: Perl_gv_init_pvn (in /usr/bin/perl)
==26579==    by 0x17EE1F: Perl_gv_fetchpvn_flags (in /usr/bin/perl)
==26579==    by 0x191DD8: ??? (in /usr/bin/perl)
==26579== 
==26579== 2,088 bytes in 1 blocks are possibly lost in loss record 474 of 777
==26579==    at 0x484DA83: calloc (in /usr/libexec/valgrind/vgpreload_memcheck-amd64-linux.so)
==26579==    by 0x152C61: Perl_Slab_Alloc (in /usr/bin/perl)
==26579==    by 0x15BA09: Perl_newUNOP (in /usr/bin/perl)
==26579==    by 0x1AC738: Perl_yyparse (in /usr/bin/perl)
==26579==    by 0x25DF6A: ??? (in /usr/bin/perl)
==26579== 
==26579== 2,088 bytes in 1 blocks are possibly lost in loss record 475 of 777
==26579==    at 0x484DA83: calloc (in /usr/libexec/valgrind/vgpreload_memcheck-amd64-linux.so)
==26579==    by 0x152C61: Perl_Slab_Alloc (in /usr/bin/perl)
==26579==    by 0x160F7A: Perl_newSVOP (in /usr/bin/perl)
==26579==    by 0x190168: ??? (in /usr/bin/perl)
==26579==    by 0x196F58: ??? (in /usr/bin/perl)
==26579== 
==26579== 2,088 bytes in 1 blocks are possibly lost in loss record 476 of 777
==26579==    at 0x484DA83: calloc (in /usr/libexec/valgrind/vgpreload_memcheck-amd64-linux.so)
==26579==    by 0x152C61: Perl_Slab_Alloc (in /usr/bin/perl)
==26579==    by 0x157DFB: Perl_newLISTOP (in /usr/bin/perl)
==26579==    by 0x2EF680: ??? (in /usr/bin/perl)
==26579==    by 0x2DC12F: ??? (in /usr/bin/perl)
==26579== 
==26579== 2,088 bytes in 1 blocks are possibly lost in loss record 477 of 777
==26579==    at 0x484DA83: calloc (in /usr/libexec/valgrind/vgpreload_memcheck-amd64-linux.so)
==26579==    by 0x152C61: Perl_Slab_Alloc (in /usr/bin/perl)
==26579==    by 0x15306A: Perl_alloc_LOGOP (in /usr/bin/perl)
==26579==    by 0x1624AF: ??? (in /usr/bin/perl)
==26579==    by 0x162C5F: Perl_newCONDOP (in /usr/bin/perl)
==26579== 
==26579== 2,088 bytes in 1 blocks are possibly lost in loss record 478 of 777
==26579==    at 0x484DA83: calloc (in /usr/libexec/valgrind/vgpreload_memcheck-amd64-linux.so)
==26579==    by 0x152C61: Perl_Slab_Alloc (in /usr/bin/perl)
==26579==    by 0x157DFB: Perl_newLISTOP (in /usr/bin/perl)
==26579==    by 0x1AC8C6: Perl_yyparse (in /usr/bin/perl)
==26579==    by 0x25DF6A: ??? (in /usr/bin/perl)
==26579== 
==26579== 2,088 bytes in 1 blocks are possibly lost in loss record 479 of 777
==26579==    at 0x484DA83: calloc (in /usr/libexec/valgrind/vgpreload_memcheck-amd64-linux.so)
==26579==    by 0x152C61: Perl_Slab_Alloc (in /usr/bin/perl)
==26579==    by 0x15BA09: Perl_newUNOP (in /usr/bin/perl)
==26579==    by 0x1AD66D: Perl_yyparse (in /usr/bin/perl)
==26579==    by 0x18548B: perl_parse (in /usr/bin/perl)
==26579== 
==26579== 2,088 bytes in 1 blocks are possibly lost in loss record 480 of 777
==26579==    at 0x484DA83: calloc (in /usr/libexec/valgrind/vgpreload_memcheck-amd64-linux.so)
==26579==    by 0x152C61: Perl_Slab_Alloc (in /usr/bin/perl)
==26579==    by 0x1ABB24: Perl_yyparse (in /usr/bin/perl)
==26579==    by 0x18548B: perl_parse (in /usr/bin/perl)
==26579==    by 0x1528B4: main (in /usr/bin/perl)
==26579== 
==26579== 2,088 bytes in 1 blocks are possibly lost in loss record 481 of 777
==26579==    at 0x484DA83: calloc (in /usr/libexec/valgrind/vgpreload_memcheck-amd64-linux.so)
==26579==    by 0x152C61: Perl_Slab_Alloc (in /usr/bin/perl)
==26579==    by 0x15BA09: Perl_newUNOP (in /usr/bin/perl)
==26579==    by 0x1AD5BA: Perl_yyparse (in /usr/bin/perl)
==26579==    by 0x18548B: perl_parse (in /usr/bin/perl)
==26579== 
==26579== 2,088 bytes in 1 blocks are possibly lost in loss record 482 of 777
==26579==    at 0x484DA83: calloc (in /usr/libexec/valgrind/vgpreload_memcheck-amd64-linux.so)
==26579==    by 0x152C61: Perl_Slab_Alloc (in /usr/bin/perl)
==26579==    by 0x15D019: Perl_newBINOP (in /usr/bin/perl)
==26579==    by 0x1AC895: Perl_yyparse (in /usr/bin/perl)
==26579==    by 0x18548B: perl_parse (in /usr/bin/perl)
==26579== 
==26579== 2,104 bytes in 1 blocks are possibly lost in loss record 483 of 777
==26579==    at 0x484DCD3: realloc (in /usr/libexec/valgrind/vgpreload_memcheck-amd64-linux.so)
==26579==    by 0x1EB7BD: Perl_safesysrealloc (in /usr/bin/perl)
==26579==    by 0x20469E: ??? (in /usr/bin/perl)
==26579==    by 0x2082ED: Perl_hv_common (in /usr/bin/perl)
==26579==    by 0x208F1A: Perl_hv_common_key_len (in /usr/bin/perl)
==26579== 
==26579== 2,112 bytes in 44 blocks are possibly lost in loss record 484 of 777
==26579==    at 0x484DA83: calloc (in /usr/libexec/valgrind/vgpreload_memcheck-amd64-linux.so)
==26579==    by 0x220C8D: Perl_sv_magicext (in /usr/bin/perl)
==26579==    by 0x220EFF: Perl_sv_add_backref (in /usr/bin/perl)
==26579==    by 0x16762D: Perl_newXS_len_flags (in /usr/bin/perl)
==26579==    by 0x16A4ED: Perl_newXS_flags (in /usr/bin/perl)
==26579== 
==26579== 2,128 bytes in 2 blocks are possibly lost in loss record 485 of 777
==26579==    at 0x484DA83: calloc (in /usr/libexec/valgrind/vgpreload_memcheck-amd64-linux.so)
==26579==    by 0x152C61: Perl_Slab_Alloc (in /usr/bin/perl)
==26579==    by 0x15BA09: Perl_newUNOP (in /usr/bin/perl)
==26579==    by 0x1AA716: Perl_yyparse (in /usr/bin/perl)
==26579==    by 0x25DF6A: ??? (in /usr/bin/perl)
==26579== 
==26579== 2,128 bytes in 2 blocks are possibly lost in loss record 486 of 777
==26579==    at 0x484DA83: calloc (in /usr/libexec/valgrind/vgpreload_memcheck-amd64-linux.so)
==26579==    by 0x152C61: Perl_Slab_Alloc (in /usr/bin/perl)
==26579==    by 0x15BA09: Perl_newUNOP (in /usr/bin/perl)
==26579==    by 0x162545: ??? (in /usr/bin/perl)
==26579==    by 0x1AC996: Perl_yyparse (in /usr/bin/perl)
==26579== 
==26579== 2,224 bytes in 3 blocks are possibly lost in loss record 487 of 777
==26579==    at 0x484DCD3: realloc (in /usr/libexec/valgrind/vgpreload_memcheck-amd64-linux.so)
==26579==    by 0x1EB7BD: Perl_safesysrealloc (in /usr/bin/perl)
==26579==    by 0x21842B: Perl_sv_grow (in /usr/bin/perl)
==26579==    by 0x22DDF9: Perl_sv_catpvn_flags (in /usr/bin/perl)
==26579==    by 0x2784FC: Perl_do_join (in /usr/bin/perl)
==26579== 
==26579== 2,400 bytes in 50 blocks are possibly lost in loss record 488 of 777
==26579==    at 0x484DA83: calloc (in /usr/libexec/valgrind/vgpreload_memcheck-amd64-linux.so)
==26579==    by 0x220C8D: Perl_sv_magicext (in /usr/bin/perl)
==26579==    by 0x220EFF: Perl_sv_add_backref (in /usr/bin/perl)
==26579==    by 0x16762D: Perl_newXS_len_flags (in /usr/bin/perl)
==26579==    by 0x167A40: Perl_newCONSTSUB_flags (in /usr/bin/perl)
==26579== 
==26579== 2,453 bytes in 139 blocks are possibly lost in loss record 489 of 777
==26579==    at 0x4848899: malloc (in /usr/libexec/valgrind/vgpreload_memcheck-amd64-linux.so)
==26579==    by 0x1EB5FF: Perl_safesysmalloc (in /usr/bin/perl)
==26579==    by 0x218487: Perl_sv_grow (in /usr/bin/perl)
==26579==    by 0x1B4E70: ??? (in /usr/bin/perl)
==26579==    by 0x1B588F: Perl_re_op_compile (in /usr/bin/perl)
==26579== 
==26579== 2,498 bytes in 65 blocks are possibly lost in loss record 490 of 777
==26579==    at 0x4848899: malloc (in /usr/libexec/valgrind/vgpreload_memcheck-amd64-linux.so)
==26579==    by 0x1EB5FF: Perl_safesysmalloc (in /usr/bin/perl)
==26579==    by 0x20549A: ??? (in /usr/bin/perl)
==26579==    by 0x207845: Perl_hv_common (in /usr/bin/perl)
==26579==    by 0x20856A: Perl_hv_common (in /usr/bin/perl)
==26579== 
==26579== 2,560 bytes in 5 blocks are possibly lost in loss record 491 of 777
==26579==    at 0x484DA83: calloc (in /usr/libexec/valgrind/vgpreload_memcheck-amd64-linux.so)
==26579==    by 0x2DD98A: ??? (in /usr/bin/perl)
==26579==    by 0x2E6098: ??? (in /usr/bin/perl)
==26579==    by 0x1B730C: Perl_re_op_compile (in /usr/bin/perl)
==26579==    by 0x15E2A9: Perl_pmruntime (in /usr/bin/perl)
==26579== 
==26579== 2,660 bytes in 71 blocks are possibly lost in loss record 492 of 777
==26579==    at 0x4848899: malloc (in /usr/libexec/valgrind/vgpreload_memcheck-amd64-linux.so)
==26579==    by 0x1EB5FF: Perl_safesysmalloc (in /usr/bin/perl)
==26579==    by 0x20549A: ??? (in /usr/bin/perl)
==26579==    by 0x207845: Perl_hv_common (in /usr/bin/perl)
==26579==    by 0x24A070: Perl_pp_hslice (in /usr/bin/perl)
==26579== 
==26579== 2,688 bytes in 84 blocks are possibly lost in loss record 493 of 777
==26579==    at 0x4848899: malloc (in /usr/libexec/valgrind/vgpreload_memcheck-amd64-linux.so)
==26579==    by 0x1EB5FF: Perl_safesysmalloc (in /usr/bin/perl)
==26579==    by 0x205C6B: Perl_av_extend_guts (in /usr/bin/perl)
==26579==    by 0x20C1AD: Perl_av_store (in /usr/bin/perl)
==26579==    by 0x1A9732: Perl_pad_new (in /usr/bin/perl)
==26579== 
==26579== 2,702 bytes in 62 blocks are possibly lost in loss record 494 of 777
==26579==    at 0x4848899: malloc (in /usr/libexec/valgrind/vgpreload_memcheck-amd64-linux.so)
==26579==    by 0x1EB5FF: Perl_safesysmalloc (in /usr/bin/perl)
==26579==    by 0x20549A: ??? (in /usr/bin/perl)
==26579==    by 0x205911: Perl_share_hek (in /usr/bin/perl)
==26579==    by 0x206AD3: Perl_hv_name_set (in /usr/bin/perl)
==26579== 
==26579== 2,713 bytes in 34 blocks are possibly lost in loss record 495 of 777
==26579==    at 0x4848899: malloc (in /usr/libexec/valgrind/vgpreload_memcheck-amd64-linux.so)
==26579==    by 0x1EB5FF: Perl_safesysmalloc (in /usr/bin/perl)
==26579==    by 0x20549A: ??? (in /usr/bin/perl)
==26579==    by 0x205911: Perl_share_hek (in /usr/bin/perl)
==26579==    by 0x17DA29: Perl_newGP (in /usr/bin/perl)
==26579== 
==26579== 2,760 bytes in 5 blocks are possibly lost in loss record 496 of 777
==26579==    at 0x484DA83: calloc (in /usr/libexec/valgrind/vgpreload_memcheck-amd64-linux.so)
==26579==    by 0x152CD1: Perl_Slab_Alloc (in /usr/bin/perl)
==26579==    by 0x160F7A: Perl_newSVOP (in /usr/bin/perl)
==26579==    by 0x19EA89: ??? (in /usr/bin/perl)
==26579==    by 0x1AA23C: Perl_yyparse (in /usr/bin/perl)
==26579== 
==26579== 2,808 bytes in 61 blocks are possibly lost in loss record 497 of 777
==26579==    at 0x4848899: malloc (in /usr/libexec/valgrind/vgpreload_memcheck-amd64-linux.so)
==26579==    by 0x1EB5FF: Perl_safesysmalloc (in /usr/bin/perl)
==26579==    by 0x20549A: ??? (in /usr/bin/perl)
==26579==    by 0x207845: Perl_hv_common (in /usr/bin/perl)
==26579==    by 0x181EB9: ??? (in /usr/bin/perl)
==26579== 
==26579== 2,952 bytes in 123 blocks are possibly lost in loss record 498 of 777
==26579==    at 0x484DCD3: realloc (in /usr/libexec/valgrind/vgpreload_memcheck-amd64-linux.so)
==26579==    by 0x2E96E6: ??? (in /usr/bin/perl)
==26579==    by 0x152D92: Perl_Slab_Free (in /usr/bin/perl)
==26579==    by 0x1582FA: Perl_op_append_list (in /usr/bin/perl)
==26579==    by 0x1AAA98: Perl_yyparse (in /usr/bin/perl)
==26579== 
==26579== 3,024 bytes in 63 blocks are possibly lost in loss record 499 of 777
==26579==    at 0x484DA83: calloc (in /usr/libexec/valgrind/vgpreload_memcheck-amd64-linux.so)
==26579==    by 0x220C8D: Perl_sv_magicext (in /usr/bin/perl)
==26579==    by 0x220EFF: Perl_sv_add_backref (in /usr/bin/perl)
==26579==    by 0x16762D: Perl_newXS_len_flags (in /usr/bin/perl)
==26579==    by 0x2AA21C: Perl_boot_core_UNIVERSAL (in /usr/bin/perl)
==26579== 
==26579== 3,120 bytes in 1 blocks are possibly lost in loss record 500 of 777
==26579==    at 0x4848899: malloc (in /usr/libexec/valgrind/vgpreload_memcheck-amd64-linux.so)
==26579==    by 0x1EB5FF: Perl_safesysmalloc (in /usr/bin/perl)
==26579==    by 0x217152: Perl_more_bodies (in /usr/bin/perl)
==26579==    by 0x217D0A: Perl_sv_upgrade (in /usr/bin/perl)
==26579==    by 0x1B921B: Perl__new_invlist_C_array (in /usr/bin/perl)
==26579== 
==26579== 3,120 bytes in 1 blocks are possibly lost in loss record 501 of 777
==26579==    at 0x4848899: malloc (in /usr/libexec/valgrind/vgpreload_memcheck-amd64-linux.so)
==26579==    by 0x1EB5FF: Perl_safesysmalloc (in /usr/bin/perl)
==26579==    by 0x217152: Perl_more_bodies (in /usr/bin/perl)
==26579==    by 0x217D0A: Perl_sv_upgrade (in /usr/bin/perl)
==26579==    by 0x1B9D73: Perl__new_invlist (in /usr/bin/perl)
==26579== 
==26579== 3,152 bytes in 2 blocks are possibly lost in loss record 502 of 777
==26579==    at 0x484DA83: calloc (in /usr/libexec/valgrind/vgpreload_memcheck-amd64-linux.so)
==26579==    by 0x152C61: Perl_Slab_Alloc (in /usr/bin/perl)
==26579==    by 0x157DFB: Perl_newLISTOP (in /usr/bin/perl)
==26579==    by 0x1ABBCA: Perl_yyparse (in /usr/bin/perl)
==26579==    by 0x25DF6A: ??? (in /usr/bin/perl)
==26579== 
==26579== 3,152 bytes in 2 blocks are possibly lost in loss record 503 of 777
==26579==    at 0x484DA83: calloc (in /usr/libexec/valgrind/vgpreload_memcheck-amd64-linux.so)
==26579==    by 0x152C61: Perl_Slab_Alloc (in /usr/bin/perl)
==26579==    by 0x157DFB: Perl_newLISTOP (in /usr/bin/perl)
==26579==    by 0x1ABCA8: Perl_yyparse (in /usr/bin/perl)
==26579==    by 0x25DF6A: ??? (in /usr/bin/perl)
==26579== 
==26579== 3,152 bytes in 2 blocks are possibly lost in loss record 504 of 777
==26579==    at 0x484DA83: calloc (in /usr/libexec/valgrind/vgpreload_memcheck-amd64-linux.so)
==26579==    by 0x152C61: Perl_Slab_Alloc (in /usr/bin/perl)
==26579==    by 0x157BEE: Perl_cmpchain_start (in /usr/bin/perl)
==26579==    by 0x1AC341: Perl_yyparse (in /usr/bin/perl)
==26579==    by 0x18548B: perl_parse (in /usr/bin/perl)
==26579== 
==26579== 3,152 bytes in 2 blocks are possibly lost in loss record 505 of 777
==26579==    at 0x484DA83: calloc (in /usr/libexec/valgrind/vgpreload_memcheck-amd64-linux.so)
==26579==    by 0x152C61: Perl_Slab_Alloc (in /usr/bin/perl)
==26579==    by 0x157DFB: Perl_newLISTOP (in /usr/bin/perl)
==26579==    by 0x1ABCA8: Perl_yyparse (in /usr/bin/perl)
==26579==    by 0x18548B: perl_parse (in /usr/bin/perl)
==26579== 
==26579== 3,192 bytes in 3 blocks are possibly lost in loss record 506 of 777
==26579==    at 0x484DA83: calloc (in /usr/libexec/valgrind/vgpreload_memcheck-amd64-linux.so)
==26579==    by 0x152C61: Perl_Slab_Alloc (in /usr/bin/perl)
==26579==    by 0x15306A: Perl_alloc_LOGOP (in /usr/bin/perl)
==26579==    by 0x1624AF: ??? (in /usr/bin/perl)
==26579==    by 0x1AC6D4: Perl_yyparse (in /usr/bin/perl)
==26579== 
==26579== 3,192 bytes in 3 blocks are possibly lost in loss record 507 of 777
==26579==    at 0x484DA83: calloc (in /usr/libexec/valgrind/vgpreload_memcheck-amd64-linux.so)
==26579==    by 0x152C61: Perl_Slab_Alloc (in /usr/bin/perl)
==26579==    by 0x15BA09: Perl_newUNOP (in /usr/bin/perl)
==26579==    by 0x167E95: Perl_newATTRSUB_x (in /usr/bin/perl)
==26579==    by 0x1ADB98: Perl_yyparse (in /usr/bin/perl)
==26579== 
==26579== 3,227 bytes in 77 blocks are possibly lost in loss record 508 of 777
==26579==    at 0x4848899: malloc (in /usr/libexec/valgrind/vgpreload_memcheck-amd64-linux.so)
==26579==    by 0x1EB5FF: Perl_safesysmalloc (in /usr/bin/perl)
==26579==    by 0x20549A: ??? (in /usr/bin/perl)
==26579==    by 0x207845: Perl_hv_common (in /usr/bin/perl)
==26579==    by 0x17F085: Perl_gv_fetchpvn_flags (in /usr/bin/perl)
==26579== 
==26579== 3,264 bytes in 1 blocks are indirectly lost in loss record 509 of 777
==26579==    at 0x4848899: malloc (in /usr/libexec/valgrind/vgpreload_memcheck-amd64-linux.so)
==26579==    by 0x1EB5FF: Perl_safesysmalloc (in /usr/bin/perl)
==26579==    by 0x217152: Perl_more_bodies (in /usr/bin/perl)
==26579==    by 0x217D0A: Perl_sv_upgrade (in /usr/bin/perl)
==26579==    by 0x17B027: Perl_gv_add_by_type (in /usr/bin/perl)
==26579== 
==26579== 3,296 bytes in 1 blocks are possibly lost in loss record 510 of 777
==26579==    at 0x4848899: malloc (in /usr/libexec/valgrind/vgpreload_memcheck-amd64-linux.so)
==26579==    by 0x1EB5FF: Perl_safesysmalloc (in /usr/bin/perl)
==26579==    by 0x217152: Perl_more_bodies (in /usr/bin/perl)
==26579==    by 0x2317CB: Perl_init_constants (in /usr/bin/perl)
==26579==    by 0x178326: perl_construct (in /usr/bin/perl)
==26579== 
==26579== 3,312 bytes in 6 blocks are possibly lost in loss record 511 of 777
==26579==    at 0x484DA83: calloc (in /usr/libexec/valgrind/vgpreload_memcheck-amd64-linux.so)
==26579==    by 0x152CD1: Perl_Slab_Alloc (in /usr/bin/perl)
==26579==    by 0x160F7A: Perl_newSVOP (in /usr/bin/perl)
==26579==    by 0x190168: ??? (in /usr/bin/perl)
==26579==    by 0x1961AD: ??? (in /usr/bin/perl)
==26579== 
==26579== 3,424 bytes in 1 blocks are possibly lost in loss record 512 of 777
==26579==    at 0x4848899: malloc (in /usr/libexec/valgrind/vgpreload_memcheck-amd64-linux.so)
==26579==    by 0x1EB5FF: Perl_safesysmalloc (in /usr/bin/perl)
==26579==    by 0x217152: Perl_more_bodies (in /usr/bin/perl)
==26579==    by 0x217D0A: Perl_sv_upgrade (in /usr/bin/perl)
==26579==    by 0x181BCF: ??? (in /usr/bin/perl)
==26579== 
==26579== 3,536 bytes in 1 blocks are possibly lost in loss record 513 of 777
==26579==    at 0x4848899: malloc (in /usr/libexec/valgrind/vgpreload_memcheck-amd64-linux.so)
==26579==    by 0x1EB5FF: Perl_safesysmalloc (in /usr/bin/perl)
==26579==    by 0x217152: Perl_more_bodies (in /usr/bin/perl)
==26579==    by 0x217D0A: Perl_sv_upgrade (in /usr/bin/perl)
==26579==    by 0x2184BF: Perl_sv_grow (in /usr/bin/perl)
==26579== 
==26579== 3,536 bytes in 1 blocks are possibly lost in loss record 514 of 777
==26579==    at 0x4848899: malloc (in /usr/libexec/valgrind/vgpreload_memcheck-amd64-linux.so)
==26579==    by 0x1EB5FF: Perl_safesysmalloc (in /usr/bin/perl)
==26579==    by 0x217152: Perl_more_bodies (in /usr/bin/perl)
==26579==    by 0x217D0A: Perl_sv_upgrade (in /usr/bin/perl)
==26579==    by 0x22B93F: Perl_sv_setpv_bufsize (in /usr/bin/perl)
==26579== 
==26579== 3,600 bytes in 45 blocks are possibly lost in loss record 515 of 777
==26579==    at 0x484DA83: calloc (in /usr/libexec/valgrind/vgpreload_memcheck-amd64-linux.so)
==26579==    by 0x17D9C0: Perl_newGP (in /usr/bin/perl)
==26579==    by 0x17DD97: Perl_gv_init_pvn (in /usr/bin/perl)
==26579==    by 0x17F0DC: Perl_gv_fetchpvn_flags (in /usr/bin/perl)
==26579==    by 0x1867D7: Perl_gv_stashsvpvn_cached (in /usr/bin/perl)
==26579== 
==26579== 3,792 bytes in 117 blocks are possibly lost in loss record 516 of 777
==26579==    at 0x4848899: malloc (in /usr/libexec/valgrind/vgpreload_memcheck-amd64-linux.so)
==26579==    by 0x171DBF: ??? (in /usr/bin/perl)
==26579==    by 0x174A5C: Perl_rpeep (in /usr/bin/perl)
==26579==    by 0x17448D: Perl_rpeep (in /usr/bin/perl)
==26579==    by 0x158D9B: ??? (in /usr/bin/perl)
==26579== 
==26579== 3,840 bytes in 48 blocks are possibly lost in loss record 517 of 777
==26579==    at 0x484DA83: calloc (in /usr/libexec/valgrind/vgpreload_memcheck-amd64-linux.so)
==26579==    by 0x17D9C0: Perl_newGP (in /usr/bin/perl)
==26579==    by 0x17DD97: Perl_gv_init_pvn (in /usr/bin/perl)
==26579==    by 0x17EE1F: Perl_gv_fetchpvn_flags (in /usr/bin/perl)
==26579==    by 0x19E743: ??? (in /usr/bin/perl)
==26579== 
==26579== 3,864 bytes in 69 blocks are possibly lost in loss record 518 of 777
==26579==    at 0x484DA83: calloc (in /usr/libexec/valgrind/vgpreload_memcheck-amd64-linux.so)
==26579==    by 0x1585C3: Perl_newUNOP_AUX (in /usr/bin/perl)
==26579==    by 0x1714D4: ??? (in /usr/bin/perl)
==26579==    by 0x174A5C: Perl_rpeep (in /usr/bin/perl)
==26579==    by 0x175AE1: Perl_rpeep (in /usr/bin/perl)
==26579== 
==26579== 3,968 bytes in 2 blocks are possibly lost in loss record 519 of 777
==26579==    at 0x484DCD3: realloc (in /usr/libexec/valgrind/vgpreload_memcheck-amd64-linux.so)
==26579==    by 0x1EB7BD: Perl_safesysrealloc (in /usr/bin/perl)
==26579==    by 0x205CC2: Perl_av_extend_guts (in /usr/bin/perl)
==26579==    by 0x20B97F: Perl_pp_const (in /usr/bin/perl)
==26579==    by 0x203F55: Perl_runops_standard (in /usr/bin/perl)
==26579== 
==26579== 4,048 bytes in 1 blocks are definitely lost in loss record 520 of 777
==26579==    at 0x4848899: malloc (in /usr/libexec/valgrind/vgpreload_memcheck-amd64-linux.so)
==26579==    by 0x28AB70: Perl_regexec_flags (in /usr/bin/perl)
==26579==    by 0x2132A2: Perl_pp_match (in /usr/bin/perl)
==26579==    by 0x203F55: Perl_runops_standard (in /usr/bin/perl)
==26579==    by 0x17B978: Perl_call_sv (in /usr/bin/perl)
==26579== 
==26579== 4,056 bytes in 1 blocks are possibly lost in loss record 521 of 777
==26579==    at 0x4848899: malloc (in /usr/libexec/valgrind/vgpreload_memcheck-amd64-linux.so)
==26579==    by 0x1EB5FF: Perl_safesysmalloc (in /usr/bin/perl)
==26579==    by 0x217152: Perl_more_bodies (in /usr/bin/perl)
==26579==    by 0x217D0A: Perl_sv_upgrade (in /usr/bin/perl)
==26579==    by 0x184F04: perl_parse (in /usr/bin/perl)
==26579== 
==26579== 4,064 bytes in 1 blocks are possibly lost in loss record 522 of 777
==26579==    at 0x4848899: malloc (in /usr/libexec/valgrind/vgpreload_memcheck-amd64-linux.so)
==26579==    by 0x1EB5FF: Perl_safesysmalloc (in /usr/bin/perl)
==26579==    by 0x217152: Perl_more_bodies (in /usr/bin/perl)
==26579==    by 0x217CC5: Perl_sv_upgrade (in /usr/bin/perl)
==26579==    by 0x1DB28F: Perl_init_uniprops (in /usr/bin/perl)
==26579== 
==26579== 4,064 bytes in 1 blocks are possibly lost in loss record 523 of 777
==26579==    at 0x4848899: malloc (in /usr/libexec/valgrind/vgpreload_memcheck-amd64-linux.so)
==26579==    by 0x1EB5FF: Perl_safesysmalloc (in /usr/bin/perl)
==26579==    by 0x217152: Perl_more_bodies (in /usr/bin/perl)
==26579==    by 0x217CC5: Perl_sv_upgrade (in /usr/bin/perl)
==26579==    by 0x1B21D9: Perl_pad_add_name_pvn (in /usr/bin/perl)
==26579== 
==26579== 4,080 bytes in 1 blocks are possibly lost in loss record 524 of 777
==26579==    at 0x4848899: malloc (in /usr/libexec/valgrind/vgpreload_memcheck-amd64-linux.so)
==26579==    by 0x216A7F: ??? (in /usr/bin/perl)
==26579==    by 0x178AB2: perl_construct (in /usr/bin/perl)
==26579==    by 0x152887: main (in /usr/bin/perl)
==26579== 
==26579== 4,080 bytes in 1 blocks are possibly lost in loss record 525 of 777
==26579==    at 0x4848899: malloc (in /usr/libexec/valgrind/vgpreload_memcheck-amd64-linux.so)
==26579==    by 0x1EB5FF: Perl_safesysmalloc (in /usr/bin/perl)
==26579==    by 0x217152: Perl_more_bodies (in /usr/bin/perl)
==26579==    by 0x217CC5: Perl_sv_upgrade (in /usr/bin/perl)
==26579==    by 0x24D2B1: Perl_new_stackinfo (in /usr/bin/perl)
==26579== 
==26579== 4,080 bytes in 1 blocks are possibly lost in loss record 526 of 777
==26579==    at 0x4848899: malloc (in /usr/libexec/valgrind/vgpreload_memcheck-amd64-linux.so)
==26579==    by 0x1FBAF5: ??? (in /usr/bin/perl)
==26579==    by 0x2074C8: Perl_hv_common (in /usr/bin/perl)
==26579==    by 0x17ED8F: Perl_gv_fetchpvn_flags (in /usr/bin/perl)
==26579==    by 0x1842BD: perl_parse (in /usr/bin/perl)
==26579== 
==26579== 4,080 bytes in 1 blocks are possibly lost in loss record 527 of 777
==26579==    at 0x4848899: malloc (in /usr/libexec/valgrind/vgpreload_memcheck-amd64-linux.so)
==26579==    by 0x216A7F: ??? (in /usr/bin/perl)
==26579==    by 0x167744: Perl_newXS_len_flags (in /usr/bin/perl)
==26579==    by 0x2AA21C: Perl_boot_core_UNIVERSAL (in /usr/bin/perl)
==26579==    by 0x184F90: perl_parse (in /usr/bin/perl)
==26579== 
==26579== 4,080 bytes in 1 blocks are possibly lost in loss record 528 of 777
==26579==    at 0x4848899: malloc (in /usr/libexec/valgrind/vgpreload_memcheck-amd64-linux.so)
==26579==    by 0x216A7F: ??? (in /usr/bin/perl)
==26579==    by 0x20888A: Perl_hv_common (in /usr/bin/perl)
==26579==    by 0x17F085: Perl_gv_fetchpvn_flags (in /usr/bin/perl)
==26579==    by 0x181809: Perl_populate_isa (in /usr/bin/perl)
==26579== 
==26579== 4,080 bytes in 1 blocks are possibly lost in loss record 529 of 777
==26579==    at 0x4848899: malloc (in /usr/libexec/valgrind/vgpreload_memcheck-amd64-linux.so)
==26579==    by 0x1FBAF5: ??? (in /usr/bin/perl)
==26579==    by 0x2074C8: Perl_hv_common (in /usr/bin/perl)
==26579==    by 0x181EB9: ??? (in /usr/bin/perl)
==26579==    by 0x185F6B: perl_parse (in /usr/bin/perl)
==26579== 
==26579== 4,080 bytes in 1 blocks are possibly lost in loss record 530 of 777
==26579==    at 0x4848899: malloc (in /usr/libexec/valgrind/vgpreload_memcheck-amd64-linux.so)
==26579==    by 0x216A7F: ??? (in /usr/bin/perl)
==26579==    by 0x1B9DD4: Perl__new_invlist (in /usr/bin/perl)
==26579==    by 0x1BB0C1: Perl__invlist_intersection_maybe_complement_2nd (in /usr/bin/perl)
==26579==    by 0x2E38F2: ??? (in /usr/bin/perl)
==26579== 
==26579== 4,080 bytes in 1 blocks are possibly lost in loss record 531 of 777
==26579==    at 0x4848899: malloc (in /usr/libexec/valgrind/vgpreload_memcheck-amd64-linux.so)
==26579==    by 0x1EB5FF: Perl_safesysmalloc (in /usr/bin/perl)
==26579==    by 0x217152: Perl_more_bodies (in /usr/bin/perl)
==26579==    by 0x217CC5: Perl_sv_upgrade (in /usr/bin/perl)
==26579==    by 0x220F66: Perl_sv_add_backref (in /usr/bin/perl)
==26579== 
==26579== 4,080 bytes in 1 blocks are possibly lost in loss record 532 of 777
==26579==    at 0x4848899: malloc (in /usr/libexec/valgrind/vgpreload_memcheck-amd64-linux.so)
==26579==    by 0x216A7F: ??? (in /usr/bin/perl)
==26579==    by 0x167744: Perl_newXS_len_flags (in /usr/bin/perl)
==26579==    by 0x16A534: Perl_newXS_deffile (in /usr/bin/perl)
==26579==    by 0x485DA55: boot_Fcntl (in /usr/lib/x86_64-linux-gnu/perl-base/auto/Fcntl/Fcntl.so)
==26579== 
==26579== 4,080 bytes in 1 blocks are possibly lost in loss record 533 of 777
==26579==    at 0x4848899: malloc (in /usr/libexec/valgrind/vgpreload_memcheck-amd64-linux.so)
==26579==    by 0x1FBAF5: ??? (in /usr/bin/perl)
==26579==    by 0x2074C8: Perl_hv_common (in /usr/bin/perl)
==26579==    by 0x208F1A: Perl_hv_common_key_len (in /usr/bin/perl)
==26579==    by 0x485D537: ??? (in /usr/lib/x86_64-linux-gnu/perl-base/auto/Fcntl/Fcntl.so)
==26579== 
==26579== 4,080 bytes in 1 blocks are possibly lost in loss record 534 of 777
==26579==    at 0x4848899: malloc (in /usr/libexec/valgrind/vgpreload_memcheck-amd64-linux.so)
==26579==    by 0x216A7F: ??? (in /usr/bin/perl)
==26579==    by 0x2236B4: Perl_newSViv (in /usr/bin/perl)
==26579==    by 0x485DA87: boot_Fcntl (in /usr/lib/x86_64-linux-gnu/perl-base/auto/Fcntl/Fcntl.so)
==26579==    by 0x21BF66: Perl_pp_entersub (in /usr/bin/perl)
==26579== 
==26579== 4,080 bytes in 1 blocks are possibly lost in loss record 535 of 777
==26579==    at 0x4848899: malloc (in /usr/libexec/valgrind/vgpreload_memcheck-amd64-linux.so)
==26579==    by 0x216A7F: ??? (in /usr/bin/perl)
==26579==    by 0x167744: Perl_newXS_len_flags (in /usr/bin/perl)
==26579==    by 0x16A534: Perl_newXS_deffile (in /usr/bin/perl)
==26579==    by 0x580DCDF: boot_POSIX (in /usr/lib/x86_64-linux-gnu/perl-base/auto/POSIX/POSIX.so)
==26579== 
==26579== 4,080 bytes in 1 blocks are possibly lost in loss record 536 of 777
==26579==    at 0x4848899: malloc (in /usr/libexec/valgrind/vgpreload_memcheck-amd64-linux.so)
==26579==    by 0x1FBAF5: ??? (in /usr/bin/perl)
==26579==    by 0x2074C8: Perl_hv_common (in /usr/bin/perl)
==26579==    by 0x17ED8F: Perl_gv_fetchpvn_flags (in /usr/bin/perl)
==26579==    by 0x1674A1: Perl_newXS_len_flags (in /usr/bin/perl)
==26579== 
==26579== 4,080 bytes in 1 blocks are possibly lost in loss record 537 of 777
==26579==    at 0x4848899: malloc (in /usr/libexec/valgrind/vgpreload_memcheck-amd64-linux.so)
==26579==    by 0x216A7F: ??? (in /usr/bin/perl)
==26579==    by 0x167744: Perl_newXS_len_flags (in /usr/bin/perl)
==26579==    by 0x16A534: Perl_newXS_deffile (in /usr/bin/perl)
==26579==    by 0x580E592: boot_POSIX (in /usr/lib/x86_64-linux-gnu/perl-base/auto/POSIX/POSIX.so)
==26579== 
==26579== 4,080 bytes in 1 blocks are possibly lost in loss record 538 of 777
==26579==    at 0x4848899: malloc (in /usr/libexec/valgrind/vgpreload_memcheck-amd64-linux.so)
==26579==    by 0x216A7F: ??? (in /usr/bin/perl)
==26579==    by 0x2236B4: Perl_newSViv (in /usr/bin/perl)
==26579==    by 0x580E967: boot_POSIX (in /usr/lib/x86_64-linux-gnu/perl-base/auto/POSIX/POSIX.so)
==26579==    by 0x21BF66: Perl_pp_entersub (in /usr/bin/perl)
==26579== 
==26579== 4,080 bytes in 1 blocks are possibly lost in loss record 539 of 777
==26579==    at 0x4848899: malloc (in /usr/libexec/valgrind/vgpreload_memcheck-amd64-linux.so)
==26579==    by 0x1FBAF5: ??? (in /usr/bin/perl)
==26579==    by 0x2074C8: Perl_hv_common (in /usr/bin/perl)
==26579==    by 0x17F085: Perl_gv_fetchpvn_flags (in /usr/bin/perl)
==26579==    by 0x188A0F: Perl_gv_fetchsv (in /usr/bin/perl)
==26579== 
==26579== 4,080 bytes in 1 blocks are possibly lost in loss record 540 of 777
==26579==    at 0x4848899: malloc (in /usr/libexec/valgrind/vgpreload_memcheck-amd64-linux.so)
==26579==    by 0x1EB5FF: Perl_safesysmalloc (in /usr/bin/perl)
==26579==    by 0x217152: Perl_more_bodies (in /usr/bin/perl)
==26579==    by 0x217CC5: Perl_sv_upgrade (in /usr/bin/perl)
==26579==    by 0x1B21A9: Perl_pad_add_name_pvn (in /usr/bin/perl)
==26579== 
==26579== 4,080 bytes in 1 blocks are possibly lost in loss record 541 of 777
==26579==    at 0x4848899: malloc (in /usr/libexec/valgrind/vgpreload_memcheck-amd64-linux.so)
==26579==    by 0x216A7F: ??? (in /usr/bin/perl)
==26579==    by 0x2236B4: Perl_newSViv (in /usr/bin/perl)
==26579==    by 0x1A7EF8: Perl_scan_num (in /usr/bin/perl)
==26579==    by 0x1A29F5: Perl_yylex (in /usr/bin/perl)
==26579== 
==26579== 4,080 bytes in 1 blocks are possibly lost in loss record 542 of 777
==26579==    at 0x4848899: malloc (in /usr/libexec/valgrind/vgpreload_memcheck-amd64-linux.so)
==26579==    by 0x216A7F: ??? (in /usr/bin/perl)
==26579==    by 0x20C42E: Perl_av_fetch (in /usr/bin/perl)
==26579==    by 0x1B1BC7: Perl_pad_alloc (in /usr/bin/perl)
==26579==    by 0x158938: ??? (in /usr/bin/perl)
==26579== 
==26579== 4,080 bytes in 1 blocks are possibly lost in loss record 543 of 777
==26579==    at 0x4848899: malloc (in /usr/libexec/valgrind/vgpreload_memcheck-amd64-linux.so)
==26579==    by 0x216A7F: ??? (in /usr/bin/perl)
==26579==    by 0x22076C: Perl_sv_newmortal (in /usr/bin/perl)
==26579==    by 0x23A7A7: ??? (in /usr/bin/perl)
==26579==    by 0x23A8A8: Perl_pp_srefgen (in /usr/bin/perl)
==26579== 
==26579== 4,080 bytes in 1 blocks are possibly lost in loss record 544 of 777
==26579==    at 0x4848899: malloc (in /usr/libexec/valgrind/vgpreload_memcheck-amd64-linux.so)
==26579==    by 0x216A7F: ??? (in /usr/bin/perl)
==26579==    by 0x22BCF4: Perl_newSVpvn_flags (in /usr/bin/perl)
==26579==    by 0x190146: ??? (in /usr/bin/perl)
==26579==    by 0x196F58: ??? (in /usr/bin/perl)
==26579== 
==26579== 4,080 bytes in 1 blocks are possibly lost in loss record 545 of 777
==26579==    at 0x4848899: malloc (in /usr/libexec/valgrind/vgpreload_memcheck-amd64-linux.so)
==26579==    by 0x216A7F: ??? (in /usr/bin/perl)
==26579==    by 0x1EFDA9: Perl_scan_version (in /usr/bin/perl)
==26579==    by 0x1F12AD: Perl_upg_version (in /usr/bin/perl)
==26579==    by 0x169B53: Perl_utilize (in /usr/bin/perl)
==26579== 
==26579== 4,080 bytes in 1 blocks are possibly lost in loss record 546 of 777
==26579==    at 0x4848899: malloc (in /usr/libexec/valgrind/vgpreload_memcheck-amd64-linux.so)
==26579==    by 0x1EB5FF: Perl_safesysmalloc (in /usr/bin/perl)
==26579==    by 0x217152: Perl_more_bodies (in /usr/bin/perl)
==26579==    by 0x217CC5: Perl_sv_upgrade (in /usr/bin/perl)
==26579==    by 0x1EF588: Perl_scan_version (in /usr/bin/perl)
==26579== 
==26579== 4,080 bytes in 1 blocks are possibly lost in loss record 547 of 777
==26579==    at 0x4848899: malloc (in /usr/libexec/valgrind/vgpreload_memcheck-amd64-linux.so)
==26579==    by 0x216A7F: ??? (in /usr/bin/perl)
==26579==    by 0x22BCF4: Perl_newSVpvn_flags (in /usr/bin/perl)
==26579==    by 0x2EA858: ??? (in /usr/bin/perl)
==26579==    by 0x2EF4A4: ??? (in /usr/bin/perl)
==26579== 
==26579== 4,080 bytes in 1 blocks are possibly lost in loss record 548 of 777
==26579==    at 0x4848899: malloc (in /usr/libexec/valgrind/vgpreload_memcheck-amd64-linux.so)
==26579==    by 0x1FBAF5: ??? (in /usr/bin/perl)
==26579==    by 0x2074C8: Perl_hv_common (in /usr/bin/perl)
==26579==    by 0x17F085: Perl_gv_fetchpvn_flags (in /usr/bin/perl)
==26579==    by 0x1674A1: Perl_newXS_len_flags (in /usr/bin/perl)
==26579== 
==26579== 4,080 bytes in 1 blocks are possibly lost in loss record 549 of 777
==26579==    at 0x4848899: malloc (in /usr/libexec/valgrind/vgpreload_memcheck-amd64-linux.so)
==26579==    by 0x216A7F: ??? (in /usr/bin/perl)
==26579==    by 0x20888A: Perl_hv_common (in /usr/bin/perl)
==26579==    by 0x2159E4: Perl_pp_multideref (in /usr/bin/perl)
==26579==    by 0x203F55: Perl_runops_standard (in /usr/bin/perl)
==26579== 
==26579== 4,080 bytes in 1 blocks are possibly lost in loss record 550 of 777
==26579==    at 0x4848899: malloc (in /usr/libexec/valgrind/vgpreload_memcheck-amd64-linux.so)
==26579==    by 0x1EB5FF: Perl_safesysmalloc (in /usr/bin/perl)
==26579==    by 0x217152: Perl_more_bodies (in /usr/bin/perl)
==26579==    by 0x217D0A: Perl_sv_upgrade (in /usr/bin/perl)
==26579==    by 0x21F8F7: ??? (in /usr/bin/perl)
==26579== 
==26579== 4,080 bytes in 1 blocks are possibly lost in loss record 551 of 777
==26579==    at 0x4848899: malloc (in /usr/libexec/valgrind/vgpreload_memcheck-amd64-linux.so)
==26579==    by 0x216A7F: ??? (in /usr/bin/perl)
==26579==    by 0x2C9617: XS_DynaLoader_dl_install_xsub (in /usr/bin/perl)
==26579==    by 0x21BF66: Perl_pp_entersub (in /usr/bin/perl)
==26579==    by 0x203F55: Perl_runops_standard (in /usr/bin/perl)
==26579== 
==26579== 4,080 bytes in 1 blocks are possibly lost in loss record 552 of 777
==26579==    at 0x4848899: malloc (in /usr/libexec/valgrind/vgpreload_memcheck-amd64-linux.so)
==26579==    by 0x216A7F: ??? (in /usr/bin/perl)
==26579==    by 0x20C42E: Perl_av_fetch (in /usr/bin/perl)
==26579==    by 0x1B1BC7: Perl_pad_alloc (in /usr/bin/perl)
==26579==    by 0x15B7C9: Perl_op_convert_list (in /usr/bin/perl)
==26579== 
==26579== 4,080 bytes in 1 blocks are possibly lost in loss record 553 of 777
==26579==    at 0x4848899: malloc (in /usr/libexec/valgrind/vgpreload_memcheck-amd64-linux.so)
==26579==    by 0x216A7F: ??? (in /usr/bin/perl)
==26579==    by 0x22FEF4: Perl_newSVhek (in /usr/bin/perl)
==26579==    by 0x19E9F7: ??? (in /usr/bin/perl)
==26579==    by 0x1AA23C: Perl_yyparse (in /usr/bin/perl)
==26579== 
==26579== 4,080 bytes in 1 blocks are possibly lost in loss record 554 of 777
==26579==    at 0x4848899: malloc (in /usr/libexec/valgrind/vgpreload_memcheck-amd64-linux.so)
==26579==    by 0x216A7F: ??? (in /usr/bin/perl)
==26579==    by 0x20AE37: Perl_av_make (in /usr/bin/perl)
==26579==    by 0x24A3E0: Perl_pp_anonlist (in /usr/bin/perl)
==26579==    by 0x15A668: ??? (in /usr/bin/perl)
==26579== 
==26579== 4,080 bytes in 1 blocks are possibly lost in loss record 555 of 777
==26579==    at 0x4848899: malloc (in /usr/libexec/valgrind/vgpreload_memcheck-amd64-linux.so)
==26579==    by 0x216A7F: ??? (in /usr/bin/perl)
==26579==    by 0x17B08C: Perl_gv_add_by_type (in /usr/bin/perl)
==26579==    by 0x17F327: Perl_gv_fetchpvn_flags (in /usr/bin/perl)
==26579==    by 0x188A0F: Perl_gv_fetchsv (in /usr/bin/perl)
==26579== 
==26579== 4,080 bytes in 1 blocks are possibly lost in loss record 556 of 777
==26579==    at 0x4848899: malloc (in /usr/libexec/valgrind/vgpreload_memcheck-amd64-linux.so)
==26579==    by 0x216A7F: ??? (in /usr/bin/perl)
==26579==    by 0x1A9A7B: Perl_start_subparse (in /usr/bin/perl)
==26579==    by 0x1AB57E: Perl_yyparse (in /usr/bin/perl)
==26579==    by 0x25DF6A: ??? (in /usr/bin/perl)
==26579== 
==26579== 4,080 bytes in 1 blocks are possibly lost in loss record 557 of 777
==26579==    at 0x4848899: malloc (in /usr/libexec/valgrind/vgpreload_memcheck-amd64-linux.so)
==26579==    by 0x216A7F: ??? (in /usr/bin/perl)
==26579==    by 0x1B9DD4: Perl__new_invlist (in /usr/bin/perl)
==26579==    by 0x2E38C9: ??? (in /usr/bin/perl)
==26579==    by 0x2E327D: ??? (in /usr/bin/perl)
==26579== 
==26579== 4,080 bytes in 1 blocks are possibly lost in loss record 558 of 777
==26579==    at 0x4848899: malloc (in /usr/libexec/valgrind/vgpreload_memcheck-amd64-linux.so)
==26579==    by 0x216A7F: ??? (in /usr/bin/perl)
==26579==    by 0x1A9837: Perl_pad_new (in /usr/bin/perl)
==26579==    by 0x1A9A0E: Perl_start_subparse (in /usr/bin/perl)
==26579==    by 0x1AB57E: Perl_yyparse (in /usr/bin/perl)
==26579== 
==26579== 4,080 bytes in 1 blocks are possibly lost in loss record 559 of 777
==26579==    at 0x4848899: malloc (in /usr/libexec/valgrind/vgpreload_memcheck-amd64-linux.so)
==26579==    by 0x216A7F: ??? (in /usr/bin/perl)
==26579==    by 0x1A6CAF: Perl_scan_str (in /usr/bin/perl)
==26579==    by 0x1A2E83: Perl_yylex (in /usr/bin/perl)
==26579==    by 0x1AA23C: Perl_yyparse (in /usr/bin/perl)
==26579== 
==26579== 4,080 bytes in 1 blocks are possibly lost in loss record 560 of 777
==26579==    at 0x4848899: malloc (in /usr/libexec/valgrind/vgpreload_memcheck-amd64-linux.so)
==26579==    by 0x216A7F: ??? (in /usr/bin/perl)
==26579==    by 0x1B7491: Perl_re_op_compile (in /usr/bin/perl)
==26579==    by 0x15E2A9: Perl_pmruntime (in /usr/bin/perl)
==26579==    by 0x1ACACA: Perl_yyparse (in /usr/bin/perl)
==26579== 
==26579== 4,080 bytes in 1 blocks are possibly lost in loss record 561 of 777
==26579==    at 0x4848899: malloc (in /usr/libexec/valgrind/vgpreload_memcheck-amd64-linux.so)
==26579==    by 0x216A7F: ??? (in /usr/bin/perl)
==26579==    by 0x17B08C: Perl_gv_add_by_type (in /usr/bin/perl)
==26579==    by 0x17F327: Perl_gv_fetchpvn_flags (in /usr/bin/perl)
==26579==    by 0x19E743: ??? (in /usr/bin/perl)
==26579== 
==26579== 4,080 bytes in 1 blocks are possibly lost in loss record 562 of 777
==26579==    at 0x4848899: malloc (in /usr/libexec/valgrind/vgpreload_memcheck-amd64-linux.so)
==26579==    by 0x216A7F: ??? (in /usr/bin/perl)
==26579==    by 0x2236B4: Perl_newSViv (in /usr/bin/perl)
==26579==    by 0x2A9C77: ??? (in /usr/bin/perl)
==26579==    by 0x21BF66: Perl_pp_entersub (in /usr/bin/perl)
==26579== 
==26579== 4,080 bytes in 1 blocks are possibly lost in loss record 563 of 777
==26579==    at 0x4848899: malloc (in /usr/libexec/valgrind/vgpreload_memcheck-amd64-linux.so)
==26579==    by 0x1FBAF5: ??? (in /usr/bin/perl)
==26579==    by 0x2074C8: Perl_hv_common (in /usr/bin/perl)
==26579==    by 0x248F62: Perl_pp_anonhash (in /usr/bin/perl)
==26579==    by 0x203F55: Perl_runops_standard (in /usr/bin/perl)
==26579== 
==26579== 4,080 bytes in 1 blocks are possibly lost in loss record 564 of 777
==26579==    at 0x4848899: malloc (in /usr/libexec/valgrind/vgpreload_memcheck-amd64-linux.so)
==26579==    by 0x216A7F: ??? (in /usr/bin/perl)
==26579==    by 0x22076C: Perl_sv_newmortal (in /usr/bin/perl)
==26579==    by 0x2135F8: Perl_pp_match (in /usr/bin/perl)
==26579==    by 0x203F55: Perl_runops_standard (in /usr/bin/perl)
==26579== 
==26579== 4,080 bytes in 1 blocks are possibly lost in loss record 565 of 777
==26579==    at 0x4848899: malloc (in /usr/libexec/valgrind/vgpreload_memcheck-amd64-linux.so)
==26579==    by 0x216A7F: ??? (in /usr/bin/perl)
==26579==    by 0x21223C: Perl_pp_aassign (in /usr/bin/perl)
==26579==    by 0x203F55: Perl_runops_standard (in /usr/bin/perl)
==26579==    by 0x17D5BB: perl_run (in /usr/bin/perl)
==26579== 
==26579== 4,080 bytes in 60 blocks are possibly lost in loss record 566 of 777
==26579==    at 0x484DCD3: realloc (in /usr/libexec/valgrind/vgpreload_memcheck-amd64-linux.so)
==26579==    by 0x1EB7BD: Perl_safesysrealloc (in /usr/bin/perl)
==26579==    by 0x205CC2: Perl_av_extend_guts (in /usr/bin/perl)
==26579==    by 0x1B1B19: Perl_padnamelist_store (in /usr/bin/perl)
==26579==    by 0x1B31A9: Perl_pad_tidy (in /usr/bin/perl)
==26579== 
==26579== 4,080 bytes in 1 blocks are indirectly lost in loss record 567 of 777
==26579==    at 0x4848899: malloc (in /usr/libexec/valgrind/vgpreload_memcheck-amd64-linux.so)
==26579==    by 0x1EB5FF: Perl_safesysmalloc (in /usr/bin/perl)
==26579==    by 0x217152: Perl_more_bodies (in /usr/bin/perl)
==26579==    by 0x217D0A: Perl_sv_upgrade (in /usr/bin/perl)
==26579==    by 0x243FEA: Perl_pp_vec (in /usr/bin/perl)
==26579== 
==26579== 4,096 bytes in 1 blocks are indirectly lost in loss record 568 of 777
==26579==    at 0x4848899: malloc (in /usr/libexec/valgrind/vgpreload_memcheck-amd64-linux.so)
==26579==    by 0x1EB5FF: Perl_safesysmalloc (in /usr/bin/perl)
==26579==    by 0x1FB4EB: Perl_reentrant_init (in /usr/bin/perl)
==26579==    by 0x17862A: perl_construct (in /usr/bin/perl)
==26579==    by 0x152887: main (in /usr/bin/perl)
==26579== 
==26579== 4,096 bytes in 1 blocks are indirectly lost in loss record 569 of 777
==26579==    at 0x4848899: malloc (in /usr/libexec/valgrind/vgpreload_memcheck-amd64-linux.so)
==26579==    by 0x1EB5FF: Perl_safesysmalloc (in /usr/bin/perl)
==26579==    by 0x1FB502: Perl_reentrant_init (in /usr/bin/perl)
==26579==    by 0x17862A: perl_construct (in /usr/bin/perl)
==26579==    by 0x152887: main (in /usr/bin/perl)
==26579== 
==26579== 4,096 bytes in 1 blocks are indirectly lost in loss record 570 of 777
==26579==    at 0x4848899: malloc (in /usr/libexec/valgrind/vgpreload_memcheck-amd64-linux.so)
==26579==    by 0x1EB5FF: Perl_safesysmalloc (in /usr/bin/perl)
==26579==    by 0x1FB536: Perl_reentrant_init (in /usr/bin/perl)
==26579==    by 0x17862A: perl_construct (in /usr/bin/perl)
==26579==    by 0x152887: main (in /usr/bin/perl)
==26579== 
==26579== 4,096 bytes in 1 blocks are indirectly lost in loss record 571 of 777
==26579==    at 0x4848899: malloc (in /usr/libexec/valgrind/vgpreload_memcheck-amd64-linux.so)
==26579==    by 0x1EB5FF: Perl_safesysmalloc (in /usr/bin/perl)
==26579==    by 0x1FB550: Perl_reentrant_init (in /usr/bin/perl)
==26579==    by 0x17862A: perl_construct (in /usr/bin/perl)
==26579==    by 0x152887: main (in /usr/bin/perl)
==26579== 
==26579== 4,096 bytes in 1 blocks are indirectly lost in loss record 572 of 777
==26579==    at 0x4848899: malloc (in /usr/libexec/valgrind/vgpreload_memcheck-amd64-linux.so)
==26579==    by 0x1EB5FF: Perl_safesysmalloc (in /usr/bin/perl)
==26579==    by 0x1FB56A: Perl_reentrant_init (in /usr/bin/perl)
==26579==    by 0x17862A: perl_construct (in /usr/bin/perl)
==26579==    by 0x152887: main (in /usr/bin/perl)
==26579== 
==26579== 4,096 bytes in 1 blocks are indirectly lost in loss record 573 of 777
==26579==    at 0x4848899: malloc (in /usr/libexec/valgrind/vgpreload_memcheck-amd64-linux.so)
==26579==    by 0x1EB5FF: Perl_safesysmalloc (in /usr/bin/perl)
==26579==    by 0x1FB584: Perl_reentrant_init (in /usr/bin/perl)
==26579==    by 0x17862A: perl_construct (in /usr/bin/perl)
==26579==    by 0x152887: main (in /usr/bin/perl)
==26579== 
==26579== 4,096 bytes in 1 blocks are indirectly lost in loss record 574 of 777
==26579==    at 0x4848899: malloc (in /usr/libexec/valgrind/vgpreload_memcheck-amd64-linux.so)
==26579==    by 0x1EB5FF: Perl_safesysmalloc (in /usr/bin/perl)
==26579==    by 0x1FB59E: Perl_reentrant_init (in /usr/bin/perl)
==26579==    by 0x17862A: perl_construct (in /usr/bin/perl)
==26579==    by 0x152887: main (in /usr/bin/perl)
==26579== 
==26579== 4,136 bytes in 1 blocks are possibly lost in loss record 575 of 777
==26579==    at 0x484DA83: calloc (in /usr/libexec/valgrind/vgpreload_memcheck-amd64-linux.so)
==26579==    by 0x152C61: Perl_Slab_Alloc (in /usr/bin/perl)
==26579==    by 0x15D6F0: Perl_newPMOP (in /usr/bin/perl)
==26579==    by 0x2EC6AD: ??? (in /usr/bin/perl)
==26579==    by 0x2DC12F: ??? (in /usr/bin/perl)
==26579== 
==26579== 4,136 bytes in 1 blocks are possibly lost in loss record 576 of 777
==26579==    at 0x484DA83: calloc (in /usr/libexec/valgrind/vgpreload_memcheck-amd64-linux.so)
==26579==    by 0x152C61: Perl_Slab_Alloc (in /usr/bin/perl)
==26579==    by 0x160F7A: Perl_newSVOP (in /usr/bin/perl)
==26579==    by 0x19127C: ??? (in /usr/bin/perl)
==26579==    by 0x1AA23C: Perl_yyparse (in /usr/bin/perl)
==26579== 
==26579== 4,136 bytes in 1 blocks are possibly lost in loss record 577 of 777
==26579==    at 0x484DA83: calloc (in /usr/libexec/valgrind/vgpreload_memcheck-amd64-linux.so)
==26579==    by 0x152C61: Perl_Slab_Alloc (in /usr/bin/perl)
==26579==    by 0x15306A: Perl_alloc_LOGOP (in /usr/bin/perl)
==26579==    by 0x15DCB7: Perl_pmruntime (in /usr/bin/perl)
==26579==    by 0x1ACACA: Perl_yyparse (in /usr/bin/perl)
==26579== 
==26579== 4,136 bytes in 1 blocks are possibly lost in loss record 578 of 777
==26579==    at 0x484DA83: calloc (in /usr/libexec/valgrind/vgpreload_memcheck-amd64-linux.so)
==26579==    by 0x152C61: Perl_Slab_Alloc (in /usr/bin/perl)
==26579==    by 0x1579C4: Perl_newOP (in /usr/bin/perl)
==26579==    by 0x15811E: Perl_op_scope (in /usr/bin/perl)
==26579==    by 0x1AB964: Perl_yyparse (in /usr/bin/perl)
==26579== 
==26579== 4,136 bytes in 1 blocks are possibly lost in loss record 579 of 777
==26579==    at 0x484DA83: calloc (in /usr/libexec/valgrind/vgpreload_memcheck-amd64-linux.so)
==26579==    by 0x152C61: Perl_Slab_Alloc (in /usr/bin/perl)
==26579==    by 0x1579C4: Perl_newOP (in /usr/bin/perl)
==26579==    by 0x157F13: Perl_newLISTOP (in /usr/bin/perl)
==26579==    by 0x16466C: Perl_newFOROP (in /usr/bin/perl)
==26579== 
==26579== 4,136 bytes in 1 blocks are possibly lost in loss record 580 of 777
==26579==    at 0x484DA83: calloc (in /usr/libexec/valgrind/vgpreload_memcheck-amd64-linux.so)
==26579==    by 0x152C61: Perl_Slab_Alloc (in /usr/bin/perl)
==26579==    by 0x15D019: Perl_newBINOP (in /usr/bin/perl)
==26579==    by 0x1641CC: Perl_newWHILEOP (in /usr/bin/perl)
==26579==    by 0x1646EC: Perl_newFOROP (in /usr/bin/perl)
==26579== 
==26579== 4,136 bytes in 1 blocks are possibly lost in loss record 581 of 777
==26579==    at 0x484DA83: calloc (in /usr/libexec/valgrind/vgpreload_memcheck-amd64-linux.so)
==26579==    by 0x152C61: Perl_Slab_Alloc (in /usr/bin/perl)
==26579==    by 0x15D019: Perl_newBINOP (in /usr/bin/perl)
==26579==    by 0x1ACD7E: Perl_yyparse (in /usr/bin/perl)
==26579==    by 0x18548B: perl_parse (in /usr/bin/perl)
==26579== 
==26579== 4,136 bytes in 1 blocks are possibly lost in loss record 582 of 777
==26579==    at 0x484DA83: calloc (in /usr/libexec/valgrind/vgpreload_memcheck-amd64-linux.so)
==26579==    by 0x152C61: Perl_Slab_Alloc (in /usr/bin/perl)
==26579==    by 0x15BA09: Perl_newUNOP (in /usr/bin/perl)
==26579==    by 0x16C889: Perl_ck_fun (in /usr/bin/perl)
==26579==    by 0x15B6A9: Perl_op_convert_list (in /usr/bin/perl)
==26579== 
==26579== 4,176 bytes in 2 blocks are possibly lost in loss record 583 of 777
==26579==    at 0x484DA83: calloc (in /usr/libexec/valgrind/vgpreload_memcheck-amd64-linux.so)
==26579==    by 0x152C61: Perl_Slab_Alloc (in /usr/bin/perl)
==26579==    by 0x15BA09: Perl_newUNOP (in /usr/bin/perl)
==26579==    by 0x1AC4BE: Perl_yyparse (in /usr/bin/perl)
==26579==    by 0x25DF6A: ??? (in /usr/bin/perl)
==26579== 
==26579== 4,176 bytes in 2 blocks are possibly lost in loss record 584 of 777
==26579==    at 0x484DA83: calloc (in /usr/libexec/valgrind/vgpreload_memcheck-amd64-linux.so)
==26579==    by 0x152C61: Perl_Slab_Alloc (in /usr/bin/perl)
==26579==    by 0x15BA09: Perl_newUNOP (in /usr/bin/perl)
==26579==    by 0x1AC900: Perl_yyparse (in /usr/bin/perl)
==26579==    by 0x18548B: perl_parse (in /usr/bin/perl)
==26579== 
==26579== 4,216 bytes in 3 blocks are possibly lost in loss record 585 of 777
==26579==    at 0x484DA83: calloc (in /usr/libexec/valgrind/vgpreload_memcheck-amd64-linux.so)
==26579==    by 0x152C61: Perl_Slab_Alloc (in /usr/bin/perl)
==26579==    by 0x15BA09: Perl_newUNOP (in /usr/bin/perl)
==26579==    by 0x1AA831: Perl_yyparse (in /usr/bin/perl)
==26579==    by 0x25DF6A: ??? (in /usr/bin/perl)
==26579== 
==26579== 4,216 bytes in 3 blocks are possibly lost in loss record 586 of 777
==26579==    at 0x484DA83: calloc (in /usr/libexec/valgrind/vgpreload_memcheck-amd64-linux.so)
==26579==    by 0x152C61: Perl_Slab_Alloc (in /usr/bin/perl)
==26579==    by 0x15306A: Perl_alloc_LOGOP (in /usr/bin/perl)
==26579==    by 0x1624AF: ??? (in /usr/bin/perl)
==26579==    by 0x1AB805: Perl_yyparse (in /usr/bin/perl)
==26579== 
==26579== 4,216 bytes in 3 blocks are possibly lost in loss record 587 of 777
==26579==    at 0x484DA83: calloc (in /usr/libexec/valgrind/vgpreload_memcheck-amd64-linux.so)
==26579==    by 0x152C61: Perl_Slab_Alloc (in /usr/bin/perl)
==26579==    by 0x157DFB: Perl_newLISTOP (in /usr/bin/perl)
==26579==    by 0x1ABAF2: Perl_yyparse (in /usr/bin/perl)
==26579==    by 0x25DF6A: ??? (in /usr/bin/perl)
==26579== 
==26579== 4,224 bytes in 8 blocks are possibly lost in loss record 588 of 777
==26579==    at 0x484DA83: calloc (in /usr/libexec/valgrind/vgpreload_memcheck-amd64-linux.so)
==26579==    by 0x16034B: Perl_pmruntime (in /usr/bin/perl)
==26579==    by 0x1ACACA: Perl_yyparse (in /usr/bin/perl)
==26579==    by 0x25DF6A: ??? (in /usr/bin/perl)
==26579==    by 0x260118: Perl_pp_require (in /usr/bin/perl)
==26579== 
==26579== 4,256 bytes in 4 blocks are possibly lost in loss record 589 of 777
==26579==    at 0x484DA83: calloc (in /usr/libexec/valgrind/vgpreload_memcheck-amd64-linux.so)
==26579==    by 0x152C61: Perl_Slab_Alloc (in /usr/bin/perl)
==26579==    by 0x15BA09: Perl_newUNOP (in /usr/bin/perl)
==26579==    by 0x1AD59E: Perl_yyparse (in /usr/bin/perl)
==26579==    by 0x25DF6A: ??? (in /usr/bin/perl)
==26579== 
==26579== 4,280 bytes in 8 blocks are possibly lost in loss record 590 of 777
==26579==    at 0x484DCD3: realloc (in /usr/libexec/valgrind/vgpreload_memcheck-amd64-linux.so)
==26579==    by 0x1EB7BD: Perl_safesysrealloc (in /usr/bin/perl)
==26579==    by 0x20469E: ??? (in /usr/bin/perl)
==26579==    by 0x2082ED: Perl_hv_common (in /usr/bin/perl)
==26579==    by 0x212188: Perl_pp_aassign (in /usr/bin/perl)
==26579== 
==26579== 4,416 bytes in 8 blocks are possibly lost in loss record 591 of 777
==26579==    at 0x484DA83: calloc (in /usr/libexec/valgrind/vgpreload_memcheck-amd64-linux.so)
==26579==    by 0x152CD1: Perl_Slab_Alloc (in /usr/bin/perl)
==26579==    by 0x160F7A: Perl_newSVOP (in /usr/bin/perl)
==26579==    by 0x18FF29: ??? (in /usr/bin/perl)
==26579==    by 0x1A2F8D: Perl_yylex (in /usr/bin/perl)
==26579== 
==26579== 4,597 bytes in 97 blocks are possibly lost in loss record 592 of 777
==26579==    at 0x4848899: malloc (in /usr/libexec/valgrind/vgpreload_memcheck-amd64-linux.so)
==26579==    by 0x1EB5FF: Perl_safesysmalloc (in /usr/bin/perl)
==26579==    by 0x218487: Perl_sv_grow (in /usr/bin/perl)
==26579==    by 0x22BA87: Perl_sv_setpvn (in /usr/bin/perl)
==26579==    by 0x22BFE8: Perl_newSVpv (in /usr/bin/perl)
==26579== 
==26579== 4,660 bytes in 93 blocks are possibly lost in loss record 593 of 777
==26579==    at 0x4848899: malloc (in /usr/libexec/valgrind/vgpreload_memcheck-amd64-linux.so)
==26579==    by 0x161D75: Perl_newSTATEOP (in /usr/bin/perl)
==26579==    by 0x1AB926: Perl_yyparse (in /usr/bin/perl)
==26579==    by 0x25DF6A: ??? (in /usr/bin/perl)
==26579==    by 0x260118: Perl_pp_require (in /usr/bin/perl)
==26579== 
==26579== 4,869 bytes in 117 blocks are possibly lost in loss record 594 of 777
==26579==    at 0x4848899: malloc (in /usr/libexec/valgrind/vgpreload_memcheck-amd64-linux.so)
==26579==    by 0x1EB5FF: Perl_safesysmalloc (in /usr/bin/perl)
==26579==    by 0x20549A: ??? (in /usr/bin/perl)
==26579==    by 0x205911: Perl_share_hek (in /usr/bin/perl)
==26579==    by 0x223FEE: Perl_newSVpvn_share (in /usr/bin/perl)
==26579== 
==26579== 4,896 bytes in 151 blocks are possibly lost in loss record 595 of 777
==26579==    at 0x4848899: malloc (in /usr/libexec/valgrind/vgpreload_memcheck-amd64-linux.so)
==26579==    by 0x171DBF: ??? (in /usr/bin/perl)
==26579==    by 0x174A5C: Perl_rpeep (in /usr/bin/perl)
==26579==    by 0x17448D: Perl_rpeep (in /usr/bin/perl)
==26579==    by 0x17448D: Perl_rpeep (in /usr/bin/perl)
==26579== 
==26579== 4,968 bytes in 9 blocks are possibly lost in loss record 596 of 777
==26579==    at 0x484DA83: calloc (in /usr/libexec/valgrind/vgpreload_memcheck-amd64-linux.so)
==26579==    by 0x152CD1: Perl_Slab_Alloc (in /usr/bin/perl)
==26579==    by 0x1579C4: Perl_newOP (in /usr/bin/perl)
==26579==    by 0x19ECA5: ??? (in /usr/bin/perl)
==26579==    by 0x1AA23C: Perl_yyparse (in /usr/bin/perl)
==26579== 
==26579== 5,032 bytes in 2 blocks are possibly lost in loss record 597 of 777
==26579==    at 0x484DCD3: realloc (in /usr/libexec/valgrind/vgpreload_memcheck-amd64-linux.so)
==26579==    by 0x1EB7BD: Perl_safesysrealloc (in /usr/bin/perl)
==26579==    by 0x205CC2: Perl_av_extend_guts (in /usr/bin/perl)
==26579==    by 0x2124D9: Perl_pp_aassign (in /usr/bin/perl)
==26579==    by 0x203F55: Perl_runops_standard (in /usr/bin/perl)
==26579== 
==26579== 5,088 bytes in 318 blocks are possibly lost in loss record 598 of 777
==26579==    at 0x4848899: malloc (in /usr/libexec/valgrind/vgpreload_memcheck-amd64-linux.so)
==26579==    by 0x1A97B3: Perl_pad_new (in /usr/bin/perl)
==26579==    by 0x1A9A0E: Perl_start_subparse (in /usr/bin/perl)
==26579==    by 0x1AB57E: Perl_yyparse (in /usr/bin/perl)
==26579==    by 0x25DF6A: ??? (in /usr/bin/perl)
==26579== 
==26579== 5,160 bytes in 43 blocks are possibly lost in loss record 599 of 777
==26579==    at 0x484DA83: calloc (in /usr/libexec/valgrind/vgpreload_memcheck-amd64-linux.so)
==26579==    by 0x1EC93C: Perl_safesyscalloc (in /usr/bin/perl)
==26579==    by 0x204A44: ??? (in /usr/bin/perl)
==26579==    by 0x206A97: Perl_hv_name_set (in /usr/bin/perl)
==26579==    by 0x17F6AE: Perl_gv_fetchpvn_flags (in /usr/bin/perl)
==26579== 
==26579== 5,200 bytes in 2 blocks are possibly lost in loss record 600 of 777
==26579==    at 0x484DA83: calloc (in /usr/libexec/valgrind/vgpreload_memcheck-amd64-linux.so)
==26579==    by 0x152C61: Perl_Slab_Alloc (in /usr/bin/perl)
==26579==    by 0x15BA09: Perl_newUNOP (in /usr/bin/perl)
==26579==    by 0x1ABCEA: Perl_yyparse (in /usr/bin/perl)
==26579==    by 0x25DF6A: ??? (in /usr/bin/perl)
==26579== 
==26579== 5,223 bytes in 249 blocks are possibly lost in loss record 601 of 777
==26579==    at 0x4848899: malloc (in /usr/libexec/valgrind/vgpreload_memcheck-amd64-linux.so)
==26579==    by 0x1EB5FF: Perl_safesysmalloc (in /usr/bin/perl)
==26579==    by 0x218487: Perl_sv_grow (in /usr/bin/perl)
==26579==    by 0x22BA87: Perl_sv_setpvn (in /usr/bin/perl)
==26579==    by 0x21EE7B: Perl_sv_copypv_flags (in /usr/bin/perl)
==26579== 
==26579== 5,539 bytes in 108 blocks are possibly lost in loss record 602 of 777
==26579==    at 0x484DA83: calloc (in /usr/libexec/valgrind/vgpreload_memcheck-amd64-linux.so)
==26579==    by 0x1EC93C: Perl_safesyscalloc (in /usr/bin/perl)
==26579==    by 0x1B1D8D: Perl_pad_add_name_pvn (in /usr/bin/perl)
==26579==    by 0x153A53: Perl_allocmy (in /usr/bin/perl)
==26579==    by 0x19E5DF: ??? (in /usr/bin/perl)
==26579== 
==26579== 5,952 bytes in 184 blocks are possibly lost in loss record 603 of 777
==26579==    at 0x4848899: malloc (in /usr/libexec/valgrind/vgpreload_memcheck-amd64-linux.so)
==26579==    by 0x171DBF: ??? (in /usr/bin/perl)
==26579==    by 0x174A5C: Perl_rpeep (in /usr/bin/perl)
==26579==    by 0x158D9B: ??? (in /usr/bin/perl)
==26579==    by 0x1689F3: Perl_newATTRSUB_x (in /usr/bin/perl)
==26579== 
==26579== 6,144 bytes in 160 blocks are possibly lost in loss record 604 of 777
==26579==    at 0x484DA83: calloc (in /usr/libexec/valgrind/vgpreload_memcheck-amd64-linux.so)
==26579==    by 0x1EC93C: Perl_safesyscalloc (in /usr/bin/perl)
==26579==    by 0x1B6947: Perl_re_op_compile (in /usr/bin/perl)
==26579==    by 0x15E2A9: Perl_pmruntime (in /usr/bin/perl)
==26579==    by 0x1ACACA: Perl_yyparse (in /usr/bin/perl)
==26579== 
==26579== 6,192 bytes in 129 blocks are possibly lost in loss record 605 of 777
==26579==    at 0x484DA83: calloc (in /usr/libexec/valgrind/vgpreload_memcheck-amd64-linux.so)
==26579==    by 0x220C8D: Perl_sv_magicext (in /usr/bin/perl)
==26579==    by 0x2234A9: Perl_sv_magic (in /usr/bin/perl)
==26579==    by 0x1F4A94: Perl_mg_copy (in /usr/bin/perl)
==26579==    by 0x2087C9: Perl_hv_common (in /usr/bin/perl)
==26579== 
==26579== 6,224 bytes in 2 blocks are possibly lost in loss record 606 of 777
==26579==    at 0x484DA83: calloc (in /usr/libexec/valgrind/vgpreload_memcheck-amd64-linux.so)
==26579==    by 0x152C61: Perl_Slab_Alloc (in /usr/bin/perl)
==26579==    by 0x15BA09: Perl_newUNOP (in /usr/bin/perl)
==26579==    by 0x16C889: Perl_ck_fun (in /usr/bin/perl)
==26579==    by 0x15BA78: Perl_newUNOP (in /usr/bin/perl)
==26579== 
==26579== 6,234 bytes in 5 blocks are still reachable in loss record 607 of 777
==26579==    at 0x484DA83: calloc (in /usr/libexec/valgrind/vgpreload_memcheck-amd64-linux.so)
==26579==    by 0x400DA02: calloc (rtld-malloc.h:44)
==26579==    by 0x400DA02: _dl_new_object (dl-object.c:92)
==26579==    by 0x4008C82: _dl_map_object_from_fd (dl-load.c:1063)
==26579==    by 0x400A600: _dl_map_object (dl-load.c:2327)
==26579==    by 0x400E9A8: dl_open_worker_begin (dl-open.c:534)
==26579== 
==26579== 6,248 bytes in 1 blocks are possibly lost in loss record 608 of 777
==26579==    at 0x484DCD3: realloc (in /usr/libexec/valgrind/vgpreload_memcheck-amd64-linux.so)
==26579==    by 0x1EB7BD: Perl_safesysrealloc (in /usr/bin/perl)
==26579==    by 0x205CC2: Perl_av_extend_guts (in /usr/bin/perl)
==26579==    by 0x24C6FB: Perl_stack_grow (in /usr/bin/perl)
==26579==    by 0x20F6A0: ??? (in /usr/bin/perl)
==26579== 
==26579== 6,264 bytes in 3 blocks are possibly lost in loss record 609 of 777
==26579==    at 0x484DA83: calloc (in /usr/libexec/valgrind/vgpreload_memcheck-amd64-linux.so)
==26579==    by 0x152C61: Perl_Slab_Alloc (in /usr/bin/perl)
==26579==    by 0x15D6F0: Perl_newPMOP (in /usr/bin/perl)
==26579==    by 0x1A1B52: ??? (in /usr/bin/perl)
==26579==    by 0x1A373E: Perl_yylex (in /usr/bin/perl)
==26579== 
==26579== 6,304 bytes in 4 blocks are possibly lost in loss record 610 of 777
==26579==    at 0x484DA83: calloc (in /usr/libexec/valgrind/vgpreload_memcheck-amd64-linux.so)
==26579==    by 0x152C61: Perl_Slab_Alloc (in /usr/bin/perl)
==26579==    by 0x157DFB: Perl_newLISTOP (in /usr/bin/perl)
==26579==    by 0x158423: ??? (in /usr/bin/perl)
==26579==    by 0x1630CA: Perl_newASSIGNOP (in /usr/bin/perl)
==26579== 
==26579== 7,080 bytes in 10 blocks are possibly lost in loss record 611 of 777
==26579==    at 0x484DCD3: realloc (in /usr/libexec/valgrind/vgpreload_memcheck-amd64-linux.so)
==26579==    by 0x1EB7BD: Perl_safesysrealloc (in /usr/bin/perl)
==26579==    by 0x20469E: ??? (in /usr/bin/perl)
==26579==    by 0x2082ED: Perl_hv_common (in /usr/bin/perl)
==26579==    by 0x2159E4: Perl_pp_multideref (in /usr/bin/perl)
==26579== 
==26579== 7,152 bytes in 149 blocks are possibly lost in loss record 612 of 777
==26579==    at 0x484DA83: calloc (in /usr/libexec/valgrind/vgpreload_memcheck-amd64-linux.so)
==26579==    by 0x220C8D: Perl_sv_magicext (in /usr/bin/perl)
==26579==    by 0x220EFF: Perl_sv_add_backref (in /usr/bin/perl)
==26579==    by 0x1669A7: Perl_newSTUB (in /usr/bin/perl)
==26579==    by 0x17E0C7: Perl_gv_init_pvn (in /usr/bin/perl)
==26579== 
==26579== 7,176 bytes in 13 blocks are possibly lost in loss record 613 of 777
==26579==    at 0x484DA83: calloc (in /usr/libexec/valgrind/vgpreload_memcheck-amd64-linux.so)
==26579==    by 0x152CD1: Perl_Slab_Alloc (in /usr/bin/perl)
==26579==    by 0x1579C4: Perl_newOP (in /usr/bin/perl)
==26579==    by 0x1AD5D2: Perl_yyparse (in /usr/bin/perl)
==26579==    by 0x25DF6A: ??? (in /usr/bin/perl)
==26579== 
==26579== 7,176 bytes in 136 blocks are possibly lost in loss record 614 of 777
==26579==    at 0x4848899: malloc (in /usr/libexec/valgrind/vgpreload_memcheck-amd64-linux.so)
==26579==    by 0x1EB5FF: Perl_safesysmalloc (in /usr/bin/perl)
==26579==    by 0x1669CF: Perl_newSTUB (in /usr/bin/perl)
==26579==    by 0x17E0C7: Perl_gv_init_pvn (in /usr/bin/perl)
==26579==    by 0x17EE1F: Perl_gv_fetchpvn_flags (in /usr/bin/perl)
==26579== 
==26579== 7,312 bytes in 14 blocks are possibly lost in loss record 615 of 777
==26579==    at 0x484DCD3: realloc (in /usr/libexec/valgrind/vgpreload_memcheck-amd64-linux.so)
==26579==    by 0x1EB7BD: Perl_safesysrealloc (in /usr/bin/perl)
==26579==    by 0x204999: ??? (in /usr/bin/perl)
==26579==    by 0x209B6C: Perl_hv_iterinit (in /usr/bin/perl)
==26579==    by 0x27B45C: Perl_do_kv (in /usr/bin/perl)
==26579== 
==26579== 7,448 bytes in 7 blocks are possibly lost in loss record 616 of 777
==26579==    at 0x484DA83: calloc (in /usr/libexec/valgrind/vgpreload_memcheck-amd64-linux.so)
==26579==    by 0x152C61: Perl_Slab_Alloc (in /usr/bin/perl)
==26579==    by 0x15BA09: Perl_newUNOP (in /usr/bin/perl)
==26579==    by 0x1ABD13: Perl_yyparse (in /usr/bin/perl)
==26579==    by 0x25DF6A: ??? (in /usr/bin/perl)
==26579== 
==26579== 7,488 bytes in 156 blocks are possibly lost in loss record 617 of 777
==26579==    at 0x484DA83: calloc (in /usr/libexec/valgrind/vgpreload_memcheck-amd64-linux.so)
==26579==    by 0x220C8D: Perl_sv_magicext (in /usr/bin/perl)
==26579==    by 0x1EB928: Perl_fbm_compile (in /usr/bin/perl)
==26579==    by 0x1B70D9: Perl_re_op_compile (in /usr/bin/perl)
==26579==    by 0x15E2A9: Perl_pmruntime (in /usr/bin/perl)
==26579== 
==26579== 7,552 bytes in 1 blocks are definitely lost in loss record 618 of 777
==26579==    at 0x484DCD3: realloc (in /usr/libexec/valgrind/vgpreload_memcheck-amd64-linux.so)
==26579==    by 0x24DE0E: Perl_savestack_grow (in /usr/bin/perl)
==26579==    by 0x193CBD: ??? (in /usr/bin/perl)
==26579==    by 0x1A1EBE: Perl_yylex (in /usr/bin/perl)
==26579==    by 0x1AA23C: Perl_yyparse (in /usr/bin/perl)
==26579== 
==26579== 7,560 bytes in 280 blocks are possibly lost in loss record 619 of 777
==26579==    at 0x4848899: malloc (in /usr/libexec/valgrind/vgpreload_memcheck-amd64-linux.so)
==26579==    by 0x161C9E: Perl_newSTATEOP (in /usr/bin/perl)
==26579==    by 0x1AA880: Perl_yyparse (in /usr/bin/perl)
==26579==    by 0x25DF6A: ??? (in /usr/bin/perl)
==26579==    by 0x260118: Perl_pp_require (in /usr/bin/perl)
==26579== 
==26579== 7,632 bytes in 318 blocks are possibly lost in loss record 620 of 777
==26579==    at 0x484DA83: calloc (in /usr/libexec/valgrind/vgpreload_memcheck-amd64-linux.so)
==26579==    by 0x1A949E: Perl_pad_new (in /usr/bin/perl)
==26579==    by 0x1A9A0E: Perl_start_subparse (in /usr/bin/perl)
==26579==    by 0x1AB57E: Perl_yyparse (in /usr/bin/perl)
==26579==    by 0x25DF6A: ??? (in /usr/bin/perl)
==26579== 
==26579== 7,632 bytes in 398 blocks are possibly lost in loss record 621 of 777
==26579==    at 0x4848899: malloc (in /usr/libexec/valgrind/vgpreload_memcheck-amd64-linux.so)
==26579==    by 0x156BC0: ??? (in /usr/bin/perl)
==26579==    by 0x1578D0: ??? (in /usr/bin/perl)
==26579==    by 0x158D6A: ??? (in /usr/bin/perl)
==26579==    by 0x1689F3: Perl_newATTRSUB_x (in /usr/bin/perl)
==26579== 
==26579== 7,696 bytes in 36 blocks are possibly lost in loss record 622 of 777
==26579==    at 0x4848899: malloc (in /usr/libexec/valgrind/vgpreload_memcheck-amd64-linux.so)
==26579==    by 0x1EB5FF: Perl_safesysmalloc (in /usr/bin/perl)
==26579==    by 0x20AD7E: Perl_av_make (in /usr/bin/perl)
==26579==    by 0x24A3E0: Perl_pp_anonlist (in /usr/bin/perl)
==26579==    by 0x203F55: Perl_runops_standard (in /usr/bin/perl)
==26579== 
==26579== 8,008 bytes in 1 blocks are possibly lost in loss record 623 of 777
==26579==    at 0x4848899: malloc (in /usr/libexec/valgrind/vgpreload_memcheck-amd64-linux.so)
==26579==    by 0x1EB5FF: Perl_safesysmalloc (in /usr/bin/perl)
==26579==    by 0x24D341: Perl_new_stackinfo (in /usr/bin/perl)
==26579==    by 0x17C72F: Perl_init_stacks (in /usr/bin/perl)
==26579==    by 0x1783BC: perl_construct (in /usr/bin/perl)
==26579== 
==26579== 8,160 bytes in 2 blocks are possibly lost in loss record 624 of 777
==26579==    at 0x4848899: malloc (in /usr/libexec/valgrind/vgpreload_memcheck-amd64-linux.so)
==26579==    by 0x216A7F: ??? (in /usr/bin/perl)
==26579==    by 0x22BCF4: Perl_newSVpvn_flags (in /usr/bin/perl)
==26579==    by 0x19E2C2: ??? (in /usr/bin/perl)
==26579==    by 0x2DC1DF: ??? (in /usr/bin/perl)
==26579== 
==26579== 8,160 bytes in 2 blocks are possibly lost in loss record 625 of 777
==26579==    at 0x4848899: malloc (in /usr/libexec/valgrind/vgpreload_memcheck-amd64-linux.so)
==26579==    by 0x216A7F: ??? (in /usr/bin/perl)
==26579==    by 0x21221C: Perl_pp_aassign (in /usr/bin/perl)
==26579==    by 0x203F55: Perl_runops_standard (in /usr/bin/perl)
==26579==    by 0x17B978: Perl_call_sv (in /usr/bin/perl)
==26579== 
==26579== 8,160 bytes in 2 blocks are possibly lost in loss record 626 of 777
==26579==    at 0x4848899: malloc (in /usr/libexec/valgrind/vgpreload_memcheck-amd64-linux.so)
==26579==    by 0x1FBAF5: ??? (in /usr/bin/perl)
==26579==    by 0x2074C8: Perl_hv_common (in /usr/bin/perl)
==26579==    by 0x2159E4: Perl_pp_multideref (in /usr/bin/perl)
==26579==    by 0x203F55: Perl_runops_standard (in /usr/bin/perl)
==26579== 
==26579== 8,160 bytes in 2 blocks are possibly lost in loss record 627 of 777
==26579==    at 0x4848899: malloc (in /usr/libexec/valgrind/vgpreload_memcheck-amd64-linux.so)
==26579==    by 0x216A7F: ??? (in /usr/bin/perl)
==26579==    by 0x20C42E: Perl_av_fetch (in /usr/bin/perl)
==26579==    by 0x1B1C3F: Perl_pad_alloc (in /usr/bin/perl)
==26579==    by 0x1B1CD8: ??? (in /usr/bin/perl)
==26579== 
==26579== 8,160 bytes in 2 blocks are possibly lost in loss record 628 of 777
==26579==    at 0x4848899: malloc (in /usr/libexec/valgrind/vgpreload_memcheck-amd64-linux.so)
==26579==    by 0x216A7F: ??? (in /usr/bin/perl)
==26579==    by 0x2236B4: Perl_newSViv (in /usr/bin/perl)
==26579==    by 0x580E8E7: boot_POSIX (in /usr/lib/x86_64-linux-gnu/perl-base/auto/POSIX/POSIX.so)
==26579==    by 0x21BF66: Perl_pp_entersub (in /usr/bin/perl)
==26579== 
==26579== 8,160 bytes in 2 blocks are possibly lost in loss record 629 of 777
==26579==    at 0x4848899: malloc (in /usr/libexec/valgrind/vgpreload_memcheck-amd64-linux.so)
==26579==    by 0x1FBAF5: ??? (in /usr/bin/perl)
==26579==    by 0x2074C8: Perl_hv_common (in /usr/bin/perl)
==26579==    by 0x208F1A: Perl_hv_common_key_len (in /usr/bin/perl)
==26579==    by 0x5803A97: ??? (in /usr/lib/x86_64-linux-gnu/perl-base/auto/POSIX/POSIX.so)
==26579== 
==26579== 8,160 bytes in 2 blocks are possibly lost in loss record 630 of 777
==26579==    at 0x4848899: malloc (in /usr/libexec/valgrind/vgpreload_memcheck-amd64-linux.so)
==26579==    by 0x216A7F: ??? (in /usr/bin/perl)
==26579==    by 0x20888A: Perl_hv_common (in /usr/bin/perl)
==26579==    by 0x208F1A: Perl_hv_common_key_len (in /usr/bin/perl)
==26579==    by 0x5803A97: ??? (in /usr/lib/x86_64-linux-gnu/perl-base/auto/POSIX/POSIX.so)
==26579== 
==26579== 8,160 bytes in 2 blocks are possibly lost in loss record 631 of 777
==26579==    at 0x4848899: malloc (in /usr/libexec/valgrind/vgpreload_memcheck-amd64-linux.so)
==26579==    by 0x1EB5FF: Perl_safesysmalloc (in /usr/bin/perl)
==26579==    by 0x217152: Perl_more_bodies (in /usr/bin/perl)
==26579==    by 0x217D0A: Perl_sv_upgrade (in /usr/bin/perl)
==26579==    by 0x1EBC0F: Perl_fbm_compile (in /usr/bin/perl)
==26579== 
==26579== 8,160 bytes in 2 blocks are possibly lost in loss record 632 of 777
==26579==    at 0x4848899: malloc (in /usr/libexec/valgrind/vgpreload_memcheck-amd64-linux.so)
==26579==    by 0x216A7F: ??? (in /usr/bin/perl)
==26579==    by 0x1B9DD4: Perl__new_invlist (in /usr/bin/perl)
==26579==    by 0x2E38C9: ??? (in /usr/bin/perl)
==26579==    by 0x1B730C: Perl_re_op_compile (in /usr/bin/perl)
==26579== 
==26579== 8,160 bytes in 2 blocks are possibly lost in loss record 633 of 777
==26579==    at 0x4848899: malloc (in /usr/libexec/valgrind/vgpreload_memcheck-amd64-linux.so)
==26579==    by 0x216A7F: ??? (in /usr/bin/perl)
==26579==    by 0x22BCF4: Perl_newSVpvn_flags (in /usr/bin/perl)
==26579==    by 0x190146: ??? (in /usr/bin/perl)
==26579==    by 0x197578: ??? (in /usr/bin/perl)
==26579== 
==26579== 8,192 bytes in 32 blocks are possibly lost in loss record 634 of 777
==26579==    at 0x4848899: malloc (in /usr/libexec/valgrind/vgpreload_memcheck-amd64-linux.so)
==26579==    by 0x1EBA65: Perl_fbm_compile (in /usr/bin/perl)
==26579==    by 0x1B70D9: Perl_re_op_compile (in /usr/bin/perl)
==26579==    by 0x15E2A9: Perl_pmruntime (in /usr/bin/perl)
==26579==    by 0x1ACACA: Perl_yyparse (in /usr/bin/perl)
==26579== 
==26579== 8,232 bytes in 1 blocks are possibly lost in loss record 635 of 777
==26579==    at 0x484DA83: calloc (in /usr/libexec/valgrind/vgpreload_memcheck-amd64-linux.so)
==26579==    by 0x152C61: Perl_Slab_Alloc (in /usr/bin/perl)
==26579==    by 0x15BA09: Perl_newUNOP (in /usr/bin/perl)
==26579==    by 0x162545: ??? (in /usr/bin/perl)
==26579==    by 0x16417E: Perl_newWHILEOP (in /usr/bin/perl)
==26579== 
==26579== 8,232 bytes in 1 blocks are possibly lost in loss record 636 of 777
==26579==    at 0x484DA83: calloc (in /usr/libexec/valgrind/vgpreload_memcheck-amd64-linux.so)
==26579==    by 0x152C61: Perl_Slab_Alloc (in /usr/bin/perl)
==26579==    by 0x15306A: Perl_alloc_LOGOP (in /usr/bin/perl)
==26579==    by 0x1624AF: ??? (in /usr/bin/perl)
==26579==    by 0x162F00: Perl_newASSIGNOP (in /usr/bin/perl)
==26579== 
==26579== 8,232 bytes in 1 blocks are possibly lost in loss record 637 of 777
==26579==    at 0x484DA83: calloc (in /usr/libexec/valgrind/vgpreload_memcheck-amd64-linux.so)
==26579==    by 0x152C61: Perl_Slab_Alloc (in /usr/bin/perl)
==26579==    by 0x15BA09: Perl_newUNOP (in /usr/bin/perl)
==26579==    by 0x162545: ??? (in /usr/bin/perl)
==26579==    by 0x163B41: Perl_newLOOPOP (in /usr/bin/perl)
==26579== 
==26579== 8,232 bytes in 1 blocks are possibly lost in loss record 638 of 777
==26579==    at 0x484DA83: calloc (in /usr/libexec/valgrind/vgpreload_memcheck-amd64-linux.so)
==26579==    by 0x152C61: Perl_Slab_Alloc (in /usr/bin/perl)
==26579==    by 0x157DFB: Perl_newLISTOP (in /usr/bin/perl)
==26579==    by 0x16466C: Perl_newFOROP (in /usr/bin/perl)
==26579==    by 0x1AAE06: Perl_yyparse (in /usr/bin/perl)
==26579== 
==26579== 8,232 bytes in 1 blocks are possibly lost in loss record 639 of 777
==26579==    at 0x484DA83: calloc (in /usr/libexec/valgrind/vgpreload_memcheck-amd64-linux.so)
==26579==    by 0x152C61: Perl_Slab_Alloc (in /usr/bin/perl)
==26579==    by 0x157DFB: Perl_newLISTOP (in /usr/bin/perl)
==26579==    by 0x158423: ??? (in /usr/bin/perl)
==26579==    by 0x1619A3: Perl_newSLICEOP (in /usr/bin/perl)
==26579== 
==26579== 8,232 bytes in 1 blocks are possibly lost in loss record 640 of 777
==26579==    at 0x484DA83: calloc (in /usr/libexec/valgrind/vgpreload_memcheck-amd64-linux.so)
==26579==    by 0x152C61: Perl_Slab_Alloc (in /usr/bin/perl)
==26579==    by 0x1579C4: Perl_newOP (in /usr/bin/perl)
==26579==    by 0x1AC0DF: Perl_yyparse (in /usr/bin/perl)
==26579==    by 0x25DF6A: ??? (in /usr/bin/perl)
==26579== 
==26579== 8,232 bytes in 1 blocks are possibly lost in loss record 641 of 777
==26579==    at 0x484DA83: calloc (in /usr/libexec/valgrind/vgpreload_memcheck-amd64-linux.so)
==26579==    by 0x152C61: Perl_Slab_Alloc (in /usr/bin/perl)
==26579==    by 0x1ABB24: Perl_yyparse (in /usr/bin/perl)
==26579==    by 0x25DF6A: ??? (in /usr/bin/perl)
==26579==    by 0x260118: Perl_pp_require (in /usr/bin/perl)
==26579== 
==26579== 8,232 bytes in 1 blocks are possibly lost in loss record 642 of 777
==26579==    at 0x484DA83: calloc (in /usr/libexec/valgrind/vgpreload_memcheck-amd64-linux.so)
==26579==    by 0x152C61: Perl_Slab_Alloc (in /usr/bin/perl)
==26579==    by 0x15BA09: Perl_newUNOP (in /usr/bin/perl)
==26579==    by 0x162545: ??? (in /usr/bin/perl)
==26579==    by 0x1AC6D4: Perl_yyparse (in /usr/bin/perl)
==26579== 
==26579== 8,272 bytes in 2 blocks are possibly lost in loss record 643 of 777
==26579==    at 0x484DA83: calloc (in /usr/libexec/valgrind/vgpreload_memcheck-amd64-linux.so)
==26579==    by 0x152C61: Perl_Slab_Alloc (in /usr/bin/perl)
==26579==    by 0x15BA09: Perl_newUNOP (in /usr/bin/perl)
==26579==    by 0x1AC2DC: Perl_yyparse (in /usr/bin/perl)
==26579==    by 0x25DF6A: ??? (in /usr/bin/perl)
==26579== 
==26579== 8,272 bytes in 2 blocks are possibly lost in loss record 644 of 777
==26579==    at 0x484DA83: calloc (in /usr/libexec/valgrind/vgpreload_memcheck-amd64-linux.so)
==26579==    by 0x152C61: Perl_Slab_Alloc (in /usr/bin/perl)
==26579==    by 0x15306A: Perl_alloc_LOGOP (in /usr/bin/perl)
==26579==    by 0x1624AF: ??? (in /usr/bin/perl)
==26579==    by 0x1AC996: Perl_yyparse (in /usr/bin/perl)
==26579== 
==26579== 8,280 bytes in 15 blocks are possibly lost in loss record 645 of 777
==26579==    at 0x484DA83: calloc (in /usr/libexec/valgrind/vgpreload_memcheck-amd64-linux.so)
==26579==    by 0x152CD1: Perl_Slab_Alloc (in /usr/bin/perl)
==26579==    by 0x160F7A: Perl_newSVOP (in /usr/bin/perl)
==26579==    by 0x190168: ??? (in /usr/bin/perl)
==26579==    by 0x2EC908: ??? (in /usr/bin/perl)
==26579== 
==26579== 8,280 bytes in 15 blocks are possibly lost in loss record 646 of 777
==26579==    at 0x484DA83: calloc (in /usr/libexec/valgrind/vgpreload_memcheck-amd64-linux.so)
==26579==    by 0x152CD1: Perl_Slab_Alloc (in /usr/bin/perl)
==26579==    by 0x1579C4: Perl_newOP (in /usr/bin/perl)
==26579==    by 0x159F14: Perl_block_end (in /usr/bin/perl)
==26579==    by 0x1ACA3C: Perl_yyparse (in /usr/bin/perl)
==26579== 
==26579== 8,288 bytes in 2 blocks are possibly lost in loss record 647 of 777
==26579==    at 0x484DCD3: realloc (in /usr/libexec/valgrind/vgpreload_memcheck-amd64-linux.so)
==26579==    by 0x1EB7BD: Perl_safesysrealloc (in /usr/bin/perl)
==26579==    by 0x21842B: Perl_sv_grow (in /usr/bin/perl)
==26579==    by 0x26C4F1: Perl_pp_sysread (in /usr/bin/perl)
==26579==    by 0x203F55: Perl_runops_standard (in /usr/bin/perl)
==26579== 
==26579== 8,312 bytes in 3 blocks are possibly lost in loss record 648 of 777
==26579==    at 0x484DA83: calloc (in /usr/libexec/valgrind/vgpreload_memcheck-amd64-linux.so)
==26579==    by 0x152C61: Perl_Slab_Alloc (in /usr/bin/perl)
==26579==    by 0x160F7A: Perl_newSVOP (in /usr/bin/perl)
==26579==    by 0x2EA297: ??? (in /usr/bin/perl)
==26579==    by 0x2DC574: ??? (in /usr/bin/perl)
==26579== 
==26579== 8,312 bytes in 3 blocks are possibly lost in loss record 649 of 777
==26579==    at 0x484DA83: calloc (in /usr/libexec/valgrind/vgpreload_memcheck-amd64-linux.so)
==26579==    by 0x152C61: Perl_Slab_Alloc (in /usr/bin/perl)
==26579==    by 0x15BA09: Perl_newUNOP (in /usr/bin/perl)
==26579==    by 0x1AC3F8: Perl_yyparse (in /usr/bin/perl)
==26579==    by 0x25DF6A: ??? (in /usr/bin/perl)
==26579== 
==26579== 8,312 bytes in 3 blocks are possibly lost in loss record 650 of 777
==26579==    at 0x484DA83: calloc (in /usr/libexec/valgrind/vgpreload_memcheck-amd64-linux.so)
==26579==    by 0x152C61: Perl_Slab_Alloc (in /usr/bin/perl)
==26579==    by 0x15BA09: Perl_newUNOP (in /usr/bin/perl)
==26579==    by 0x16AA51: Perl_newGVREF (in /usr/bin/perl)
==26579==    by 0x1AC8B3: Perl_yyparse (in /usr/bin/perl)
==26579== 
==26579== 8,312 bytes in 3 blocks are possibly lost in loss record 651 of 777
==26579==    at 0x484DA83: calloc (in /usr/libexec/valgrind/vgpreload_memcheck-amd64-linux.so)
==26579==    by 0x152C61: Perl_Slab_Alloc (in /usr/bin/perl)
==26579==    by 0x15BA09: Perl_newUNOP (in /usr/bin/perl)
==26579==    by 0x162AA6: Perl_newCONDOP (in /usr/bin/perl)
==26579==    by 0x1AC419: Perl_yyparse (in /usr/bin/perl)
==26579== 
==26579== 8,392 bytes in 5 blocks are possibly lost in loss record 652 of 777
==26579==    at 0x484DA83: calloc (in /usr/libexec/valgrind/vgpreload_memcheck-amd64-linux.so)
==26579==    by 0x152C61: Perl_Slab_Alloc (in /usr/bin/perl)
==26579==    by 0x15BA09: Perl_newUNOP (in /usr/bin/perl)
==26579==    by 0x162545: ??? (in /usr/bin/perl)
==26579==    by 0x1AB805: Perl_yyparse (in /usr/bin/perl)
==26579== 
==26579== 8,480 bytes in 28 blocks are possibly lost in loss record 653 of 777
==26579==    at 0x484DCD3: realloc (in /usr/libexec/valgrind/vgpreload_memcheck-amd64-linux.so)
==26579==    by 0x1EB7BD: Perl_safesysrealloc (in /usr/bin/perl)
==26579==    by 0x205CC2: Perl_av_extend_guts (in /usr/bin/perl)
==26579==    by 0x22101B: Perl_sv_add_backref (in /usr/bin/perl)
==26579==    by 0x17DDC1: Perl_gv_init_pvn (in /usr/bin/perl)
==26579== 
==26579== 9,296 bytes in 2 blocks are possibly lost in loss record 654 of 777
==26579==    at 0x484DA83: calloc (in /usr/libexec/valgrind/vgpreload_memcheck-amd64-linux.so)
==26579==    by 0x152C61: Perl_Slab_Alloc (in /usr/bin/perl)
==26579==    by 0x1579C4: Perl_newOP (in /usr/bin/perl)
==26579==    by 0x157F13: Perl_newLISTOP (in /usr/bin/perl)
==26579==    by 0x2EF680: ??? (in /usr/bin/perl)
==26579== 
==26579== 9,360 bytes in 195 blocks are possibly lost in loss record 655 of 777
==26579==    at 0x484DA83: calloc (in /usr/libexec/valgrind/vgpreload_memcheck-amd64-linux.so)
==26579==    by 0x220C8D: Perl_sv_magicext (in /usr/bin/perl)
==26579==    by 0x220EFF: Perl_sv_add_backref (in /usr/bin/perl)
==26579==    by 0x16762D: Perl_newXS_len_flags (in /usr/bin/perl)
==26579==    by 0x16A534: Perl_newXS_deffile (in /usr/bin/perl)
==26579== 
==26579== 9,360 bytes in 5 blocks are indirectly lost in loss record 656 of 777
==26579==    at 0x4848899: malloc (in /usr/libexec/valgrind/vgpreload_memcheck-amd64-linux.so)
==26579==    by 0x1EB5FF: Perl_safesysmalloc (in /usr/bin/perl)
==26579==    by 0x24D341: Perl_new_stackinfo (in /usr/bin/perl)
==26579==    by 0x1672C9: ??? (in /usr/bin/perl)
==26579==    by 0x168C4A: Perl_newATTRSUB_x (in /usr/bin/perl)
==26579== 
==26579== 9,376 bytes in 4 blocks are possibly lost in loss record 657 of 777
==26579==    at 0x484DA83: calloc (in /usr/libexec/valgrind/vgpreload_memcheck-amd64-linux.so)
==26579==    by 0x152C61: Perl_Slab_Alloc (in /usr/bin/perl)
==26579==    by 0x15BA09: Perl_newUNOP (in /usr/bin/perl)
==26579==    by 0x1AA7D4: Perl_yyparse (in /usr/bin/perl)
==26579==    by 0x18548B: perl_parse (in /usr/bin/perl)
==26579== 
==26579== 9,392 bytes in 18 blocks are possibly lost in loss record 658 of 777
==26579==    at 0x484DCD3: realloc (in /usr/libexec/valgrind/vgpreload_memcheck-amd64-linux.so)
==26579==    by 0x1EB7BD: Perl_safesysrealloc (in /usr/bin/perl)
==26579==    by 0x205CC2: Perl_av_extend_guts (in /usr/bin/perl)
==26579==    by 0x22101B: Perl_sv_add_backref (in /usr/bin/perl)
==26579==    by 0x168EEC: Perl_newATTRSUB_x (in /usr/bin/perl)
==26579== 
==26579== 9,416 bytes in 5 blocks are possibly lost in loss record 659 of 777
==26579==    at 0x484DA83: calloc (in /usr/libexec/valgrind/vgpreload_memcheck-amd64-linux.so)
==26579==    by 0x152C61: Perl_Slab_Alloc (in /usr/bin/perl)
==26579==    by 0x157BEE: Perl_cmpchain_start (in /usr/bin/perl)
==26579==    by 0x1AC079: Perl_yyparse (in /usr/bin/perl)
==26579==    by 0x25DF6A: ??? (in /usr/bin/perl)
==26579== 
==26579== 9,456 bytes in 6 blocks are possibly lost in loss record 660 of 777
==26579==    at 0x484DA83: calloc (in /usr/libexec/valgrind/vgpreload_memcheck-amd64-linux.so)
==26579==    by 0x152C61: Perl_Slab_Alloc (in /usr/bin/perl)
==26579==    by 0x1579C4: Perl_newOP (in /usr/bin/perl)
==26579==    by 0x157F13: Perl_newLISTOP (in /usr/bin/perl)
==26579==    by 0x1ABCA8: Perl_yyparse (in /usr/bin/perl)
==26579== 
==26579== 9,456 bytes in 6 blocks are possibly lost in loss record 661 of 777
==26579==    at 0x484DA83: calloc (in /usr/libexec/valgrind/vgpreload_memcheck-amd64-linux.so)
==26579==    by 0x152C61: Perl_Slab_Alloc (in /usr/bin/perl)
==26579==    by 0x1579C4: Perl_newOP (in /usr/bin/perl)
==26579==    by 0x1AD5D2: Perl_yyparse (in /usr/bin/perl)
==26579==    by 0x25DF6A: ??? (in /usr/bin/perl)
==26579== 
==26579== 9,696 (56 direct, 9,640 indirect) bytes in 1 blocks are definitely lost in loss record 662 of 777
==26579==    at 0x4848899: malloc (in /usr/libexec/valgrind/vgpreload_memcheck-amd64-linux.so)
==26579==    by 0x24D25E: Perl_new_stackinfo (in /usr/bin/perl)
==26579==    by 0x17C72F: Perl_init_stacks (in /usr/bin/perl)
==26579==    by 0x1783BC: perl_construct (in /usr/bin/perl)
==26579==    by 0x152887: main (in /usr/bin/perl)
==26579== 
==26579== 10,128 bytes in 211 blocks are possibly lost in loss record 663 of 777
==26579==    at 0x484DA83: calloc (in /usr/libexec/valgrind/vgpreload_memcheck-amd64-linux.so)
==26579==    by 0x1B251A: ??? (in /usr/bin/perl)
==26579==    by 0x1B2BAE: Perl_pad_findmy_pvn (in /usr/bin/perl)
==26579==    by 0x19E778: ??? (in /usr/bin/perl)
==26579==    by 0x1AA23C: Perl_yyparse (in /usr/bin/perl)
==26579== 
==26579== 10,304 bytes in 184 blocks are possibly lost in loss record 664 of 777
==26579==    at 0x484DA83: calloc (in /usr/libexec/valgrind/vgpreload_memcheck-amd64-linux.so)
==26579==    by 0x1585C3: Perl_newUNOP_AUX (in /usr/bin/perl)
==26579==    by 0x1714D4: ??? (in /usr/bin/perl)
==26579==    by 0x174A5C: Perl_rpeep (in /usr/bin/perl)
==26579==    by 0x158D9B: ??? (in /usr/bin/perl)
==26579== 
==26579== 10,360 bytes in 3 blocks are possibly lost in loss record 665 of 777
==26579==    at 0x484DA83: calloc (in /usr/libexec/valgrind/vgpreload_memcheck-amd64-linux.so)
==26579==    by 0x152C61: Perl_Slab_Alloc (in /usr/bin/perl)
==26579==    by 0x15D019: Perl_newBINOP (in /usr/bin/perl)
==26579==    by 0x1AC895: Perl_yyparse (in /usr/bin/perl)
==26579==    by 0x25DF6A: ??? (in /usr/bin/perl)
==26579== 
==26579== 10,608 bytes in 3 blocks are possibly lost in loss record 666 of 777
==26579==    at 0x4848899: malloc (in /usr/libexec/valgrind/vgpreload_memcheck-amd64-linux.so)
==26579==    by 0x1EB5FF: Perl_safesysmalloc (in /usr/bin/perl)
==26579==    by 0x217152: Perl_more_bodies (in /usr/bin/perl)
==26579==    by 0x217D0A: Perl_sv_upgrade (in /usr/bin/perl)
==26579==    by 0x22FD36: Perl_newSVhek (in /usr/bin/perl)
==26579== 
==26579== 10,640 bytes in 10 blocks are possibly lost in loss record 667 of 777
==26579==    at 0x484DA83: calloc (in /usr/libexec/valgrind/vgpreload_memcheck-amd64-linux.so)
==26579==    by 0x152C61: Perl_Slab_Alloc (in /usr/bin/perl)
==26579==    by 0x15BA09: Perl_newUNOP (in /usr/bin/perl)
==26579==    by 0x167E95: Perl_newATTRSUB_x (in /usr/bin/perl)
==26579==    by 0x16A37E: Perl_newANONATTRSUB (in /usr/bin/perl)
==26579== 
==26579== 11,384 bytes in 3 blocks are possibly lost in loss record 668 of 777
==26579==    at 0x484DA83: calloc (in /usr/libexec/valgrind/vgpreload_memcheck-amd64-linux.so)
==26579==    by 0x152C61: Perl_Slab_Alloc (in /usr/bin/perl)
==26579==    by 0x15306A: Perl_alloc_LOGOP (in /usr/bin/perl)
==26579==    by 0x1624AF: ??? (in /usr/bin/perl)
==26579==    by 0x1AC9CC: Perl_yyparse (in /usr/bin/perl)
==26579== 
==26579== 11,416 (4,072 direct, 7,344 indirect) bytes in 1 blocks are definitely lost in loss record 669 of 777
==26579==    at 0x484DA83: calloc (in /usr/libexec/valgrind/vgpreload_memcheck-amd64-linux.so)
==26579==    by 0x217121: Perl_more_bodies (in /usr/bin/perl)
==26579==    by 0x2317CB: Perl_init_constants (in /usr/bin/perl)
==26579==    by 0x178326: perl_construct (in /usr/bin/perl)
==26579==    by 0x152887: main (in /usr/bin/perl)
==26579== 
==26579== 11,544 bytes in 7 blocks are possibly lost in loss record 670 of 777
==26579==    at 0x484DA83: calloc (in /usr/libexec/valgrind/vgpreload_memcheck-amd64-linux.so)
==26579==    by 0x152C61: Perl_Slab_Alloc (in /usr/bin/perl)
==26579==    by 0x15306A: Perl_alloc_LOGOP (in /usr/bin/perl)
==26579==    by 0x1624AF: ??? (in /usr/bin/perl)
==26579==    by 0x1ACDB4: Perl_yyparse (in /usr/bin/perl)
==26579== 
==26579== 11,673 bytes in 1 blocks are possibly lost in loss record 671 of 777
==26579==    at 0x484DCD3: realloc (in /usr/libexec/valgrind/vgpreload_memcheck-amd64-linux.so)
==26579==    by 0x1EB7BD: Perl_safesysrealloc (in /usr/bin/perl)
==26579==    by 0x1BA45B: Perl__invlist_union_maybe_complement_2nd (in /usr/bin/perl)
==26579==    by 0x1D4622: ??? (in /usr/bin/perl)
==26579==    by 0x1C65A9: ??? (in /usr/bin/perl)
==26579== 
==26579== 11,716 bytes in 4 blocks are possibly lost in loss record 672 of 777
==26579==    at 0x484DCD3: realloc (in /usr/libexec/valgrind/vgpreload_memcheck-amd64-linux.so)
==26579==    by 0x1EB7BD: Perl_safesysrealloc (in /usr/bin/perl)
==26579==    by 0x1BB038: Perl__invlist_intersection_maybe_complement_2nd (in /usr/bin/perl)
==26579==    by 0x1DBABC: ??? (in /usr/bin/perl)
==26579==    by 0x1D45CE: ??? (in /usr/bin/perl)
==26579== 
==26579== 12,240 bytes in 3 blocks are possibly lost in loss record 673 of 777
==26579==    at 0x4848899: malloc (in /usr/libexec/valgrind/vgpreload_memcheck-amd64-linux.so)
==26579==    by 0x1EB5FF: Perl_safesysmalloc (in /usr/bin/perl)
==26579==    by 0x217152: Perl_more_bodies (in /usr/bin/perl)
==26579==    by 0x217D0A: Perl_sv_upgrade (in /usr/bin/perl)
==26579==    by 0x220D89: Perl_sv_magicext (in /usr/bin/perl)
==26579== 
==26579== 12,240 bytes in 3 blocks are possibly lost in loss record 674 of 777
==26579==    at 0x4848899: malloc (in /usr/libexec/valgrind/vgpreload_memcheck-amd64-linux.so)
==26579==    by 0x216A7F: ??? (in /usr/bin/perl)
==26579==    by 0x1A6CAF: Perl_scan_str (in /usr/bin/perl)
==26579==    by 0x1A3504: Perl_yylex (in /usr/bin/perl)
==26579==    by 0x1AA23C: Perl_yyparse (in /usr/bin/perl)
==26579== 
==26579== 12,240 bytes in 3 blocks are possibly lost in loss record 675 of 777
==26579==    at 0x4848899: malloc (in /usr/libexec/valgrind/vgpreload_memcheck-amd64-linux.so)
==26579==    by 0x216A7F: ??? (in /usr/bin/perl)
==26579==    by 0x20C42E: Perl_av_fetch (in /usr/bin/perl)
==26579==    by 0x1B1BC7: Perl_pad_alloc (in /usr/bin/perl)
==26579==    by 0x16C0FA: Perl_ck_rvconst (in /usr/bin/perl)
==26579== 
==26579== 12,240 bytes in 3 blocks are possibly lost in loss record 676 of 777
==26579==    at 0x4848899: malloc (in /usr/libexec/valgrind/vgpreload_memcheck-amd64-linux.so)
==26579==    by 0x216A7F: ??? (in /usr/bin/perl)
==26579==    by 0x20AE37: Perl_av_make (in /usr/bin/perl)
==26579==    by 0x24A3E0: Perl_pp_anonlist (in /usr/bin/perl)
==26579==    by 0x203F55: Perl_runops_standard (in /usr/bin/perl)
==26579== 
==26579== 12,368 bytes in 2 blocks are possibly lost in loss record 677 of 777
==26579==    at 0x484DA83: calloc (in /usr/libexec/valgrind/vgpreload_memcheck-amd64-linux.so)
==26579==    by 0x152C61: Perl_Slab_Alloc (in /usr/bin/perl)
==26579==    by 0x161C0B: Perl_newSTATEOP (in /usr/bin/perl)
==26579==    by 0x1AB926: Perl_yyparse (in /usr/bin/perl)
==26579==    by 0x25DF6A: ??? (in /usr/bin/perl)
==26579== 
==26579== 12,368 bytes in 2 blocks are possibly lost in loss record 678 of 777
==26579==    at 0x484DA83: calloc (in /usr/libexec/valgrind/vgpreload_memcheck-amd64-linux.so)
==26579==    by 0x152C61: Perl_Slab_Alloc (in /usr/bin/perl)
==26579==    by 0x157DFB: Perl_newLISTOP (in /usr/bin/perl)
==26579==    by 0x1AB926: Perl_yyparse (in /usr/bin/perl)
==26579==    by 0x25DF6A: ??? (in /usr/bin/perl)
==26579== 
==26579== 12,448 bytes in 4 blocks are possibly lost in loss record 679 of 777
==26579==    at 0x484DA83: calloc (in /usr/libexec/valgrind/vgpreload_memcheck-amd64-linux.so)
==26579==    by 0x152C61: Perl_Slab_Alloc (in /usr/bin/perl)
==26579==    by 0x15BA09: Perl_newUNOP (in /usr/bin/perl)
==26579==    by 0x1AD66D: Perl_yyparse (in /usr/bin/perl)
==26579==    by 0x25DF6A: ??? (in /usr/bin/perl)
==26579== 
==26579== 12,448 bytes in 4 blocks are possibly lost in loss record 680 of 777
==26579==    at 0x484DA83: calloc (in /usr/libexec/valgrind/vgpreload_memcheck-amd64-linux.so)
==26579==    by 0x152C61: Perl_Slab_Alloc (in /usr/bin/perl)
==26579==    by 0x15306A: Perl_alloc_LOGOP (in /usr/bin/perl)
==26579==    by 0x1624AF: ??? (in /usr/bin/perl)
==26579==    by 0x1AB83B: Perl_yyparse (in /usr/bin/perl)
==26579== 
==26579== 12,448 bytes in 4 blocks are possibly lost in loss record 681 of 777
==26579==    at 0x484DA83: calloc (in /usr/libexec/valgrind/vgpreload_memcheck-amd64-linux.so)
==26579==    by 0x152C61: Perl_Slab_Alloc (in /usr/bin/perl)
==26579==    by 0x15BA09: Perl_newUNOP (in /usr/bin/perl)
==26579==    by 0x2EA2D0: ??? (in /usr/bin/perl)
==26579==    by 0x2DC574: ??? (in /usr/bin/perl)
==26579== 
==26579== 12,720 bytes in 318 blocks are possibly lost in loss record 682 of 777
==26579==    at 0x4848899: malloc (in /usr/libexec/valgrind/vgpreload_memcheck-amd64-linux.so)
==26579==    by 0x1A9744: Perl_pad_new (in /usr/bin/perl)
==26579==    by 0x1A9A0E: Perl_start_subparse (in /usr/bin/perl)
==26579==    by 0x1AB57E: Perl_yyparse (in /usr/bin/perl)
==26579==    by 0x25DF6A: ??? (in /usr/bin/perl)
==26579== 
==26579== 13,447 bytes in 323 blocks are possibly lost in loss record 683 of 777
==26579==    at 0x4848899: malloc (in /usr/libexec/valgrind/vgpreload_memcheck-amd64-linux.so)
==26579==    by 0x1EB5FF: Perl_safesysmalloc (in /usr/bin/perl)
==26579==    by 0x20549A: ??? (in /usr/bin/perl)
==26579==    by 0x207845: Perl_hv_common (in /usr/bin/perl)
==26579==    by 0x212188: Perl_pp_aassign (in /usr/bin/perl)
==26579== 
==26579== 13,512 bytes in 5 blocks are possibly lost in loss record 684 of 777
==26579==    at 0x484DA83: calloc (in /usr/libexec/valgrind/vgpreload_memcheck-amd64-linux.so)
==26579==    by 0x152C61: Perl_Slab_Alloc (in /usr/bin/perl)
==26579==    by 0x160F7A: Perl_newSVOP (in /usr/bin/perl)
==26579==    by 0x19EA89: ??? (in /usr/bin/perl)
==26579==    by 0x1AA23C: Perl_yyparse (in /usr/bin/perl)
==26579== 
==26579== 13,552 bytes in 4 blocks are possibly lost in loss record 685 of 777
==26579==    at 0x484DCD3: realloc (in /usr/libexec/valgrind/vgpreload_memcheck-amd64-linux.so)
==26579==    by 0x1EB7BD: Perl_safesysrealloc (in /usr/bin/perl)
==26579==    by 0x20469E: ??? (in /usr/bin/perl)
==26579==    by 0x2082ED: Perl_hv_common (in /usr/bin/perl)
==26579==    by 0x24A070: Perl_pp_hslice (in /usr/bin/perl)
==26579== 
==26579== 13,640 bytes in 1 blocks are definitely lost in loss record 686 of 777
==26579==    at 0x484DCD3: realloc (in /usr/libexec/valgrind/vgpreload_memcheck-amd64-linux.so)
==26579==    by 0x1EB7BD: Perl_safesysrealloc (in /usr/bin/perl)
==26579==    by 0x212889: Perl_pp_aassign (in /usr/bin/perl)
==26579==    by 0x203F55: Perl_runops_standard (in /usr/bin/perl)
==26579==    by 0x17B978: Perl_call_sv (in /usr/bin/perl)
==26579== 
==26579== 14,685 bytes in 305 blocks are possibly lost in loss record 687 of 777
==26579==    at 0x4848899: malloc (in /usr/libexec/valgrind/vgpreload_memcheck-amd64-linux.so)
==26579==    by 0x1EB5FF: Perl_safesysmalloc (in /usr/bin/perl)
==26579==    by 0x168E84: Perl_newATTRSUB_x (in /usr/bin/perl)
==26579==    by 0x1ADB98: Perl_yyparse (in /usr/bin/perl)
==26579==    by 0x25DF6A: ??? (in /usr/bin/perl)
==26579== 
==26579== 14,920 bytes in 373 blocks are possibly lost in loss record 688 of 777
==26579==    at 0x4848899: malloc (in /usr/libexec/valgrind/vgpreload_memcheck-amd64-linux.so)
==26579==    by 0x161D75: Perl_newSTATEOP (in /usr/bin/perl)
==26579==    by 0x1AA880: Perl_yyparse (in /usr/bin/perl)
==26579==    by 0x18548B: perl_parse (in /usr/bin/perl)
==26579==    by 0x1528B4: main (in /usr/bin/perl)
==26579== 
==26579== 15,760 bytes in 10 blocks are possibly lost in loss record 689 of 777
==26579==    at 0x484DA83: calloc (in /usr/libexec/valgrind/vgpreload_memcheck-amd64-linux.so)
==26579==    by 0x152C61: Perl_Slab_Alloc (in /usr/bin/perl)
==26579==    by 0x157DFB: Perl_newLISTOP (in /usr/bin/perl)
==26579==    by 0x158423: ??? (in /usr/bin/perl)
==26579==    by 0x1630E8: Perl_newASSIGNOP (in /usr/bin/perl)
==26579== 
==26579== 15,960 bytes in 15 blocks are possibly lost in loss record 690 of 777
==26579==    at 0x484DA83: calloc (in /usr/libexec/valgrind/vgpreload_memcheck-amd64-linux.so)
==26579==    by 0x152C61: Perl_Slab_Alloc (in /usr/bin/perl)
==26579==    by 0x15BA09: Perl_newUNOP (in /usr/bin/perl)
==26579==    by 0x1ABC7C: Perl_yyparse (in /usr/bin/perl)
==26579==    by 0x25DF6A: ??? (in /usr/bin/perl)
==26579== 
==26579== 16,196 bytes in 174 blocks are possibly lost in loss record 691 of 777
==26579==    at 0x484DCD3: realloc (in /usr/libexec/valgrind/vgpreload_memcheck-amd64-linux.so)
==26579==    by 0x1EB7BD: Perl_safesysrealloc (in /usr/bin/perl)
==26579==    by 0x1D1DC2: ??? (in /usr/bin/perl)
==26579==    by 0x1BD46F: ??? (in /usr/bin/perl)
==26579==    by 0x1B5A0E: Perl_re_op_compile (in /usr/bin/perl)
==26579== 
==26579== 16,224 bytes in 4 blocks are possibly lost in loss record 692 of 777
==26579==    at 0x4848899: malloc (in /usr/libexec/valgrind/vgpreload_memcheck-amd64-linux.so)
==26579==    by 0x1EB5FF: Perl_safesysmalloc (in /usr/bin/perl)
==26579==    by 0x217152: Perl_more_bodies (in /usr/bin/perl)
==26579==    by 0x217D0A: Perl_sv_upgrade (in /usr/bin/perl)
==26579==    by 0x16695E: Perl_newSTUB (in /usr/bin/perl)
==26579== 
==26579== 16,320 bytes in 4 blocks are possibly lost in loss record 693 of 777
==26579==    at 0x4848899: malloc (in /usr/libexec/valgrind/vgpreload_memcheck-amd64-linux.so)
==26579==    by 0x1FBAF5: ??? (in /usr/bin/perl)
==26579==    by 0x2074C8: Perl_hv_common (in /usr/bin/perl)
==26579==    by 0x212188: Perl_pp_aassign (in /usr/bin/perl)
==26579==    by 0x203F55: Perl_runops_standard (in /usr/bin/perl)
==26579== 
==26579== 16,320 bytes in 4 blocks are possibly lost in loss record 694 of 777
==26579==    at 0x4848899: malloc (in /usr/libexec/valgrind/vgpreload_memcheck-amd64-linux.so)
==26579==    by 0x1EB5FF: Perl_safesysmalloc (in /usr/bin/perl)
==26579==    by 0x217152: Perl_more_bodies (in /usr/bin/perl)
==26579==    by 0x217CC5: Perl_sv_upgrade (in /usr/bin/perl)
==26579==    by 0x1A94EB: Perl_pad_new (in /usr/bin/perl)
==26579== 
==26579== 16,320 bytes in 4 blocks are possibly lost in loss record 695 of 777
==26579==    at 0x4848899: malloc (in /usr/libexec/valgrind/vgpreload_memcheck-amd64-linux.so)
==26579==    by 0x216A7F: ??? (in /usr/bin/perl)
==26579==    by 0x22BCF4: Perl_newSVpvn_flags (in /usr/bin/perl)
==26579==    by 0x18FF6E: ??? (in /usr/bin/perl)
==26579==    by 0x1A2F8D: Perl_yylex (in /usr/bin/perl)
==26579== 
==26579== 16,320 bytes in 4 blocks are possibly lost in loss record 696 of 777
==26579==    at 0x4848899: malloc (in /usr/libexec/valgrind/vgpreload_memcheck-amd64-linux.so)
==26579==    by 0x216A7F: ??? (in /usr/bin/perl)
==26579==    by 0x22FEF4: Perl_newSVhek (in /usr/bin/perl)
==26579==    by 0x20A0E7: Perl_hv_pushkv (in /usr/bin/perl)
==26579==    by 0x27B48F: Perl_do_kv (in /usr/bin/perl)
==26579== 
==26579== 16,320 bytes in 4 blocks are possibly lost in loss record 697 of 777
==26579==    at 0x4848899: malloc (in /usr/libexec/valgrind/vgpreload_memcheck-amd64-linux.so)
==26579==    by 0x1EB5FF: Perl_safesysmalloc (in /usr/bin/perl)
==26579==    by 0x217152: Perl_more_bodies (in /usr/bin/perl)
==26579==    by 0x217CC5: Perl_sv_upgrade (in /usr/bin/perl)
==26579==    by 0x1B3092: Perl_pad_tidy (in /usr/bin/perl)
==26579== 
==26579== 16,320 bytes in 340 blocks are possibly lost in loss record 698 of 777
==26579==    at 0x484DA83: calloc (in /usr/libexec/valgrind/vgpreload_memcheck-amd64-linux.so)
==26579==    by 0x220C8D: Perl_sv_magicext (in /usr/bin/perl)
==26579==    by 0x220EFF: Perl_sv_add_backref (in /usr/bin/perl)
==26579==    by 0x16940D: Perl_newATTRSUB_x (in /usr/bin/perl)
==26579==    by 0x1ADB98: Perl_yyparse (in /usr/bin/perl)
==26579== 
==26579== 16,336 bytes in 40 blocks are possibly lost in loss record 699 of 777
==26579==    at 0x4848899: malloc (in /usr/libexec/valgrind/vgpreload_memcheck-amd64-linux.so)
==26579==    by 0x1EB5FF: Perl_safesysmalloc (in /usr/bin/perl)
==26579==    by 0x205C6B: Perl_av_extend_guts (in /usr/bin/perl)
==26579==    by 0x2125BE: Perl_pp_aassign (in /usr/bin/perl)
==26579==    by 0x203F55: Perl_runops_standard (in /usr/bin/perl)
==26579== 
==26579== 16,424 bytes in 1 blocks are possibly lost in loss record 700 of 777
==26579==    at 0x484DA83: calloc (in /usr/libexec/valgrind/vgpreload_memcheck-amd64-linux.so)
==26579==    by 0x152C61: Perl_Slab_Alloc (in /usr/bin/perl)
==26579==    by 0x15BA09: Perl_newUNOP (in /usr/bin/perl)
==26579==    by 0x162545: ??? (in /usr/bin/perl)
==26579==    by 0x1ACDB4: Perl_yyparse (in /usr/bin/perl)
==26579== 
==26579== 16,424 bytes in 1 blocks are possibly lost in loss record 701 of 777
==26579==    at 0x484DA83: calloc (in /usr/libexec/valgrind/vgpreload_memcheck-amd64-linux.so)
==26579==    by 0x152C61: Perl_Slab_Alloc (in /usr/bin/perl)
==26579==    by 0x15306A: Perl_alloc_LOGOP (in /usr/bin/perl)
==26579==    by 0x162A1D: Perl_newCONDOP (in /usr/bin/perl)
==26579==    by 0x1AB93B: Perl_yyparse (in /usr/bin/perl)
==26579== 
==26579== 16,424 bytes in 1 blocks are possibly lost in loss record 702 of 777
==26579==    at 0x484DA83: calloc (in /usr/libexec/valgrind/vgpreload_memcheck-amd64-linux.so)
==26579==    by 0x152C61: Perl_Slab_Alloc (in /usr/bin/perl)
==26579==    by 0x15BA09: Perl_newUNOP (in /usr/bin/perl)
==26579==    by 0x163686: Perl_newRANGE (in /usr/bin/perl)
==26579==    by 0x1ACDEB: Perl_yyparse (in /usr/bin/perl)
==26579== 
==26579== 16,424 bytes in 1 blocks are possibly lost in loss record 703 of 777
==26579==    at 0x484DA83: calloc (in /usr/libexec/valgrind/vgpreload_memcheck-amd64-linux.so)
==26579==    by 0x152C61: Perl_Slab_Alloc (in /usr/bin/perl)
==26579==    by 0x16117A: Perl_newPADOP (in /usr/bin/perl)
==26579==    by 0x164A46: Perl_newFOROP (in /usr/bin/perl)
==26579==    by 0x1AAE06: Perl_yyparse (in /usr/bin/perl)
==26579== 
==26579== 16,424 bytes in 1 blocks are possibly lost in loss record 704 of 777
==26579==    at 0x484DA83: calloc (in /usr/libexec/valgrind/vgpreload_memcheck-amd64-linux.so)
==26579==    by 0x152C61: Perl_Slab_Alloc (in /usr/bin/perl)
==26579==    by 0x15D019: Perl_newBINOP (in /usr/bin/perl)
==26579==    by 0x1AD1BD: Perl_yyparse (in /usr/bin/perl)
==26579==    by 0x25DF6A: ??? (in /usr/bin/perl)
==26579== 
==26579== 17,648 bytes in 6 blocks are possibly lost in loss record 705 of 777
==26579==    at 0x484DA83: calloc (in /usr/libexec/valgrind/vgpreload_memcheck-amd64-linux.so)
==26579==    by 0x152C61: Perl_Slab_Alloc (in /usr/bin/perl)
==26579==    by 0x15BA09: Perl_newUNOP (in /usr/bin/perl)
==26579==    by 0x1ABCBD: Perl_yyparse (in /usr/bin/perl)
==26579==    by 0x25DF6A: ??? (in /usr/bin/perl)
==26579== 
==26579== 17,864 bytes in 319 blocks are possibly lost in loss record 706 of 777
==26579==    at 0x484DA83: calloc (in /usr/libexec/valgrind/vgpreload_memcheck-amd64-linux.so)
==26579==    by 0x1585C3: Perl_newUNOP_AUX (in /usr/bin/perl)
==26579==    by 0x1714D4: ??? (in /usr/bin/perl)
==26579==    by 0x174A5C: Perl_rpeep (in /usr/bin/perl)
==26579==    by 0x17448D: Perl_rpeep (in /usr/bin/perl)
==26579== 
==26579== 18,512 bytes in 2 blocks are possibly lost in loss record 707 of 777
==26579==    at 0x484DA83: calloc (in /usr/libexec/valgrind/vgpreload_memcheck-amd64-linux.so)
==26579==    by 0x152C61: Perl_Slab_Alloc (in /usr/bin/perl)
==26579==    by 0x157DFB: Perl_newLISTOP (in /usr/bin/perl)
==26579==    by 0x1ABF73: Perl_yyparse (in /usr/bin/perl)
==26579==    by 0x25DF6A: ??? (in /usr/bin/perl)
==26579== 
==26579== 18,632 bytes in 5 blocks are possibly lost in loss record 708 of 777
==26579==    at 0x484DA83: calloc (in /usr/libexec/valgrind/vgpreload_memcheck-amd64-linux.so)
==26579==    by 0x152C61: Perl_Slab_Alloc (in /usr/bin/perl)
==26579==    by 0x157DFB: Perl_newLISTOP (in /usr/bin/perl)
==26579==    by 0x1AC962: Perl_yyparse (in /usr/bin/perl)
==26579==    by 0x18548B: perl_parse (in /usr/bin/perl)
==26579== 
==26579== 19,776 bytes in 8 blocks are possibly lost in loss record 709 of 777
==26579==    at 0x484DA83: calloc (in /usr/libexec/valgrind/vgpreload_memcheck-amd64-linux.so)
==26579==    by 0x152C61: Perl_Slab_Alloc (in /usr/bin/perl)
==26579==    by 0x15BA09: Perl_newUNOP (in /usr/bin/perl)
==26579==    by 0x162545: ??? (in /usr/bin/perl)
==26579==    by 0x1AB83B: Perl_yyparse (in /usr/bin/perl)
==26579== 
==26579== 19,968 bytes in 156 blocks are possibly lost in loss record 710 of 777
==26579==    at 0x4848899: malloc (in /usr/libexec/valgrind/vgpreload_memcheck-amd64-linux.so)
==26579==    by 0x1B64AC: Perl_re_op_compile (in /usr/bin/perl)
==26579==    by 0x15E2A9: Perl_pmruntime (in /usr/bin/perl)
==26579==    by 0x1ACACA: Perl_yyparse (in /usr/bin/perl)
==26579==    by 0x25DF6A: ??? (in /usr/bin/perl)
==26579== 
==26579== 20,016 bytes in 14 blocks are possibly lost in loss record 711 of 777
==26579==    at 0x484DA83: calloc (in /usr/libexec/valgrind/vgpreload_memcheck-amd64-linux.so)
==26579==    by 0x152C61: Perl_Slab_Alloc (in /usr/bin/perl)
==26579==    by 0x15D019: Perl_newBINOP (in /usr/bin/perl)
==26579==    by 0x1AD1F9: Perl_yyparse (in /usr/bin/perl)
==26579==    by 0x25DF6A: ??? (in /usr/bin/perl)
==26579== 
==26579== 20,400 bytes in 5 blocks are possibly lost in loss record 712 of 777
==26579==    at 0x4848899: malloc (in /usr/libexec/valgrind/vgpreload_memcheck-amd64-linux.so)
==26579==    by 0x216A7F: ??? (in /usr/bin/perl)
==26579==    by 0x20888A: Perl_hv_common (in /usr/bin/perl)
==26579==    by 0x24A070: Perl_pp_hslice (in /usr/bin/perl)
==26579==    by 0x203F55: Perl_runops_standard (in /usr/bin/perl)
==26579== 
==26579== 20,400 bytes in 5 blocks are possibly lost in loss record 713 of 777
==26579==    at 0x4848899: malloc (in /usr/libexec/valgrind/vgpreload_memcheck-amd64-linux.so)
==26579==    by 0x1FBAF5: ??? (in /usr/bin/perl)
==26579==    by 0x2074C8: Perl_hv_common (in /usr/bin/perl)
==26579==    by 0x17ED8F: Perl_gv_fetchpvn_flags (in /usr/bin/perl)
==26579==    by 0x188A0F: Perl_gv_fetchsv (in /usr/bin/perl)
==26579== 
==26579== 20,400 bytes in 5 blocks are possibly lost in loss record 714 of 777
==26579==    at 0x4848899: malloc (in /usr/libexec/valgrind/vgpreload_memcheck-amd64-linux.so)
==26579==    by 0x216A7F: ??? (in /usr/bin/perl)
==26579==    by 0x22BCF4: Perl_newSVpvn_flags (in /usr/bin/perl)
==26579==    by 0x2EF650: ??? (in /usr/bin/perl)
==26579==    by 0x2DC12F: ??? (in /usr/bin/perl)
==26579== 
==26579== 20,400 bytes in 5 blocks are possibly lost in loss record 715 of 777
==26579==    at 0x4848899: malloc (in /usr/libexec/valgrind/vgpreload_memcheck-amd64-linux.so)
==26579==    by 0x216A7F: ??? (in /usr/bin/perl)
==26579==    by 0x22FB57: Perl_sv_mortalcopy_flags (in /usr/bin/perl)
==26579==    by 0x258012: Perl_pp_mapwhile (in /usr/bin/perl)
==26579==    by 0x203F55: Perl_runops_standard (in /usr/bin/perl)
==26579== 
==26579== 20,400 bytes in 5 blocks are possibly lost in loss record 716 of 777
==26579==    at 0x4848899: malloc (in /usr/libexec/valgrind/vgpreload_memcheck-amd64-linux.so)
==26579==    by 0x1FBAF5: ??? (in /usr/bin/perl)
==26579==    by 0x2074C8: Perl_hv_common (in /usr/bin/perl)
==26579==    by 0x24A070: Perl_pp_hslice (in /usr/bin/perl)
==26579==    by 0x203F55: Perl_runops_standard (in /usr/bin/perl)
==26579== 
==26579== 20,560 bytes in 2 blocks are possibly lost in loss record 717 of 777
==26579==    at 0x484DA83: calloc (in /usr/libexec/valgrind/vgpreload_memcheck-amd64-linux.so)
==26579==    by 0x152C61: Perl_Slab_Alloc (in /usr/bin/perl)
==26579==    by 0x160F7A: Perl_newSVOP (in /usr/bin/perl)
==26579==    by 0x190168: ??? (in /usr/bin/perl)
==26579==    by 0x2EC908: ??? (in /usr/bin/perl)
==26579== 
==26579== 20,560 bytes in 2 blocks are possibly lost in loss record 718 of 777
==26579==    at 0x484DA83: calloc (in /usr/libexec/valgrind/vgpreload_memcheck-amd64-linux.so)
==26579==    by 0x152C61: Perl_Slab_Alloc (in /usr/bin/perl)
==26579==    by 0x15BA09: Perl_newUNOP (in /usr/bin/perl)
==26579==    by 0x1AD59E: Perl_yyparse (in /usr/bin/perl)
==26579==    by 0x18548B: perl_parse (in /usr/bin/perl)
==26579== 
==26579== 20,640 bytes in 4 blocks are possibly lost in loss record 719 of 777
==26579==    at 0x484DA83: calloc (in /usr/libexec/valgrind/vgpreload_memcheck-amd64-linux.so)
==26579==    by 0x152C61: Perl_Slab_Alloc (in /usr/bin/perl)
==26579==    by 0x157DFB: Perl_newLISTOP (in /usr/bin/perl)
==26579==    by 0x1AA880: Perl_yyparse (in /usr/bin/perl)
==26579==    by 0x18548B: perl_parse (in /usr/bin/perl)
==26579== 
==26579== 21,784 bytes in 7 blocks are possibly lost in loss record 720 of 777
==26579==    at 0x484DA83: calloc (in /usr/libexec/valgrind/vgpreload_memcheck-amd64-linux.so)
==26579==    by 0x152C61: Perl_Slab_Alloc (in /usr/bin/perl)
==26579==    by 0x15D019: Perl_newBINOP (in /usr/bin/perl)
==26579==    by 0x1AC942: Perl_yyparse (in /usr/bin/perl)
==26579==    by 0x25DF6A: ??? (in /usr/bin/perl)
==26579== 
==26579== 22,648 bytes in 3 blocks are possibly lost in loss record 721 of 777
==26579==    at 0x484DA83: calloc (in /usr/libexec/valgrind/vgpreload_memcheck-amd64-linux.so)
==26579==    by 0x152C61: Perl_Slab_Alloc (in /usr/bin/perl)
==26579==    by 0x15306A: Perl_alloc_LOGOP (in /usr/bin/perl)
==26579==    by 0x1624AF: ??? (in /usr/bin/perl)
==26579==    by 0x16417E: Perl_newWHILEOP (in /usr/bin/perl)
==26579== 
==26579== 22,808 bytes in 7 blocks are possibly lost in loss record 722 of 777
==26579==    at 0x484DA83: calloc (in /usr/libexec/valgrind/vgpreload_memcheck-amd64-linux.so)
==26579==    by 0x152C61: Perl_Slab_Alloc (in /usr/bin/perl)
==26579==    by 0x160F7A: Perl_newSVOP (in /usr/bin/perl)
==26579==    by 0x2EA297: ??? (in /usr/bin/perl)
==26579==    by 0x2EF4A4: ??? (in /usr/bin/perl)
==26579== 
==26579== 23,600 bytes in 398 blocks are possibly lost in loss record 723 of 777
==26579==    at 0x4848899: malloc (in /usr/libexec/valgrind/vgpreload_memcheck-amd64-linux.so)
==26579==    by 0x156BB3: ??? (in /usr/bin/perl)
==26579==    by 0x1578D0: ??? (in /usr/bin/perl)
==26579==    by 0x158D6A: ??? (in /usr/bin/perl)
==26579==    by 0x1689F3: Perl_newATTRSUB_x (in /usr/bin/perl)
==26579== 
==26579== 23,632 bytes in 558 blocks are possibly lost in loss record 724 of 777
==26579==    at 0x4848899: malloc (in /usr/libexec/valgrind/vgpreload_memcheck-amd64-linux.so)
==26579==    by 0x1EB5FF: Perl_safesysmalloc (in /usr/bin/perl)
==26579==    by 0x20549A: ??? (in /usr/bin/perl)
==26579==    by 0x207845: Perl_hv_common (in /usr/bin/perl)
==26579==    by 0x208F1A: Perl_hv_common_key_len (in /usr/bin/perl)
==26579== 
==26579== 24,480 bytes in 6 blocks are possibly lost in loss record 725 of 777
==26579==    at 0x4848899: malloc (in /usr/libexec/valgrind/vgpreload_memcheck-amd64-linux.so)
==26579==    by 0x216A7F: ??? (in /usr/bin/perl)
==26579==    by 0x2200D9: Perl_newSV (in /usr/bin/perl)
==26579==    by 0x19293E: ??? (in /usr/bin/perl)
==26579==    by 0x1A1EBE: Perl_yylex (in /usr/bin/perl)
==26579== 
==26579== 24,480 bytes in 6 blocks are possibly lost in loss record 726 of 777
==26579==    at 0x4848899: malloc (in /usr/libexec/valgrind/vgpreload_memcheck-amd64-linux.so)
==26579==    by 0x216A7F: ??? (in /usr/bin/perl)
==26579==    by 0x21223C: Perl_pp_aassign (in /usr/bin/perl)
==26579==    by 0x203F55: Perl_runops_standard (in /usr/bin/perl)
==26579==    by 0x17B978: Perl_call_sv (in /usr/bin/perl)
==26579== 
==26579== 24,480 bytes in 6 blocks are possibly lost in loss record 727 of 777
==26579==    at 0x4848899: malloc (in /usr/libexec/valgrind/vgpreload_memcheck-amd64-linux.so)
==26579==    by 0x216A7F: ??? (in /usr/bin/perl)
==26579==    by 0x20C42E: Perl_av_fetch (in /usr/bin/perl)
==26579==    by 0x1B1BC7: Perl_pad_alloc (in /usr/bin/perl)
==26579==    by 0x15D21E: Perl_newBINOP (in /usr/bin/perl)
==26579== 
==26579== 25,124 bytes in 4 blocks are possibly lost in loss record 728 of 777
==26579==    at 0x484DCD3: realloc (in /usr/libexec/valgrind/vgpreload_memcheck-amd64-linux.so)
==26579==    by 0x1EB7BD: Perl_safesysrealloc (in /usr/bin/perl)
==26579==    by 0x1BB038: Perl__invlist_intersection_maybe_complement_2nd (in /usr/bin/perl)
==26579==    by 0x1DBABC: ??? (in /usr/bin/perl)
==26579==    by 0x1B374E: ??? (in /usr/bin/perl)
==26579== 
==26579== 26,560 bytes in 332 blocks are possibly lost in loss record 729 of 777
==26579==    at 0x484DA83: calloc (in /usr/libexec/valgrind/vgpreload_memcheck-amd64-linux.so)
==26579==    by 0x17D9C0: Perl_newGP (in /usr/bin/perl)
==26579==    by 0x17DD97: Perl_gv_init_pvn (in /usr/bin/perl)
==26579==    by 0x17EE1F: Perl_gv_fetchpvn_flags (in /usr/bin/perl)
==26579==    by 0x1674A1: Perl_newXS_len_flags (in /usr/bin/perl)
==26579== 
==26579== 26,784 bytes in 4 blocks are possibly lost in loss record 730 of 777
==26579==    at 0x484DA83: calloc (in /usr/libexec/valgrind/vgpreload_memcheck-amd64-linux.so)
==26579==    by 0x152C61: Perl_Slab_Alloc (in /usr/bin/perl)
==26579==    by 0x15306A: Perl_alloc_LOGOP (in /usr/bin/perl)
==26579==    by 0x162A1D: Perl_newCONDOP (in /usr/bin/perl)
==26579==    by 0x1AC419: Perl_yyparse (in /usr/bin/perl)
==26579== 
==26579== 27,968 bytes in 8 blocks are possibly lost in loss record 731 of 777
==26579==    at 0x484DA83: calloc (in /usr/libexec/valgrind/vgpreload_memcheck-amd64-linux.so)
==26579==    by 0x152C61: Perl_Slab_Alloc (in /usr/bin/perl)
==26579==    by 0x15BA09: Perl_newUNOP (in /usr/bin/perl)
==26579==    by 0x1AC900: Perl_yyparse (in /usr/bin/perl)
==26579==    by 0x25DF6A: ??? (in /usr/bin/perl)
==26579== 
==26579== 28,560 bytes in 7 blocks are possibly lost in loss record 732 of 777
==26579==    at 0x4848899: malloc (in /usr/libexec/valgrind/vgpreload_memcheck-amd64-linux.so)
==26579==    by 0x216A7F: ??? (in /usr/bin/perl)
==26579==    by 0x20888A: Perl_hv_common (in /usr/bin/perl)
==26579==    by 0x17ED8F: Perl_gv_fetchpvn_flags (in /usr/bin/perl)
==26579==    by 0x188A0F: Perl_gv_fetchsv (in /usr/bin/perl)
==26579== 
==26579== 28,992 bytes in 8 blocks are possibly lost in loss record 733 of 777
==26579==    at 0x484DA83: calloc (in /usr/libexec/valgrind/vgpreload_memcheck-amd64-linux.so)
==26579==    by 0x152C61: Perl_Slab_Alloc (in /usr/bin/perl)
==26579==    by 0x157DFB: Perl_newLISTOP (in /usr/bin/perl)
==26579==    by 0x1AC962: Perl_yyparse (in /usr/bin/perl)
==26579==    by 0x25DF6A: ??? (in /usr/bin/perl)
==26579== 
==26579== 30,096 bytes in 10 blocks are possibly lost in loss record 734 of 777
==26579==    at 0x484DA83: calloc (in /usr/libexec/valgrind/vgpreload_memcheck-amd64-linux.so)
==26579==    by 0x152C61: Perl_Slab_Alloc (in /usr/bin/perl)
==26579==    by 0x160F7A: Perl_newSVOP (in /usr/bin/perl)
==26579==    by 0x190168: ??? (in /usr/bin/perl)
==26579==    by 0x197578: ??? (in /usr/bin/perl)
==26579== 
==26579== 30,148 (656 direct, 29,492 indirect) bytes in 1 blocks are definitely lost in loss record 735 of 777
==26579==    at 0x4848899: malloc (in /usr/libexec/valgrind/vgpreload_memcheck-amd64-linux.so)
==26579==    by 0x1FB485: Perl_reentrant_init (in /usr/bin/perl)
==26579==    by 0x17862A: perl_construct (in /usr/bin/perl)
==26579==    by 0x152887: main (in /usr/bin/perl)
==26579== 
==26579== 31,120 bytes in 10 blocks are possibly lost in loss record 736 of 777
==26579==    at 0x484DA83: calloc (in /usr/libexec/valgrind/vgpreload_memcheck-amd64-linux.so)
==26579==    by 0x152C61: Perl_Slab_Alloc (in /usr/bin/perl)
==26579==    by 0x15BA09: Perl_newUNOP (in /usr/bin/perl)
==26579==    by 0x1AA7AD: Perl_yyparse (in /usr/bin/perl)
==26579==    by 0x25DF6A: ??? (in /usr/bin/perl)
==26579== 
==26579== 31,120 bytes in 10 blocks are possibly lost in loss record 737 of 777
==26579==    at 0x484DA83: calloc (in /usr/libexec/valgrind/vgpreload_memcheck-amd64-linux.so)
==26579==    by 0x152C61: Perl_Slab_Alloc (in /usr/bin/perl)
==26579==    by 0x1579C4: Perl_newOP (in /usr/bin/perl)
==26579==    by 0x19E847: ??? (in /usr/bin/perl)
==26579==    by 0x1AA23C: Perl_yyparse (in /usr/bin/perl)
==26579== 
==26579== 31,131 bytes in 2,284 blocks are possibly lost in loss record 738 of 777
==26579==    at 0x4848899: malloc (in /usr/libexec/valgrind/vgpreload_memcheck-amd64-linux.so)
==26579==    by 0x1EB5FF: Perl_safesysmalloc (in /usr/bin/perl)
==26579==    by 0x218487: Perl_sv_grow (in /usr/bin/perl)
==26579==    by 0x22BA87: Perl_sv_setpvn (in /usr/bin/perl)
==26579==    by 0x22BC5B: Perl_newSVpvn_flags (in /usr/bin/perl)
==26579== 
==26579== 31,580 bytes in 748 blocks are possibly lost in loss record 739 of 777
==26579==    at 0x4848899: malloc (in /usr/libexec/valgrind/vgpreload_memcheck-amd64-linux.so)
==26579==    by 0x1EB5FF: Perl_safesysmalloc (in /usr/bin/perl)
==26579==    by 0x20549A: ??? (in /usr/bin/perl)
==26579==    by 0x207845: Perl_hv_common (in /usr/bin/perl)
==26579==    by 0x17ED8F: Perl_gv_fetchpvn_flags (in /usr/bin/perl)
==26579== 
==26579== 31,824 bytes in 9 blocks are possibly lost in loss record 740 of 777
==26579==    at 0x4848899: malloc (in /usr/libexec/valgrind/vgpreload_memcheck-amd64-linux.so)
==26579==    by 0x1EB5FF: Perl_safesysmalloc (in /usr/bin/perl)
==26579==    by 0x217152: Perl_more_bodies (in /usr/bin/perl)
==26579==    by 0x217D0A: Perl_sv_upgrade (in /usr/bin/perl)
==26579==    by 0x22BB2F: Perl_sv_setpvn (in /usr/bin/perl)
==26579== 
==26579== 32,768 bytes in 1 blocks are possibly lost in loss record 741 of 777
==26579==    at 0x484DA83: calloc (in /usr/libexec/valgrind/vgpreload_memcheck-amd64-linux.so)
==26579==    by 0x1EC93C: Perl_safesyscalloc (in /usr/bin/perl)
==26579==    by 0x204949: Perl_hv_ksplit (in /usr/bin/perl)
==26579==    by 0x178A95: perl_construct (in /usr/bin/perl)
==26579==    by 0x152887: main (in /usr/bin/perl)
==26579== 
==26579== 33,208 bytes in 11 blocks are possibly lost in loss record 742 of 777
==26579==    at 0x484DA83: calloc (in /usr/libexec/valgrind/vgpreload_memcheck-amd64-linux.so)
==26579==    by 0x152C61: Perl_Slab_Alloc (in /usr/bin/perl)
==26579==    by 0x157BEE: Perl_cmpchain_start (in /usr/bin/perl)
==26579==    by 0x1AC341: Perl_yyparse (in /usr/bin/perl)
==26579==    by 0x25DF6A: ??? (in /usr/bin/perl)
==26579== 
==26579== 34,112 bytes in 8 blocks are possibly lost in loss record 743 of 777
==26579==    at 0x484DA83: calloc (in /usr/libexec/valgrind/vgpreload_memcheck-amd64-linux.so)
==26579==    by 0x152C61: Perl_Slab_Alloc (in /usr/bin/perl)
==26579==    by 0x160F7A: Perl_newSVOP (in /usr/bin/perl)
==26579==    by 0x2EA0B1: ??? (in /usr/bin/perl)
==26579==    by 0x2EF4A4: ??? (in /usr/bin/perl)
==26579== 
==26579== 35,880 bytes in 65 blocks are possibly lost in loss record 744 of 777
==26579==    at 0x484DA83: calloc (in /usr/libexec/valgrind/vgpreload_memcheck-amd64-linux.so)
==26579==    by 0x152CD1: Perl_Slab_Alloc (in /usr/bin/perl)
==26579==    by 0x160F7A: Perl_newSVOP (in /usr/bin/perl)
==26579==    by 0x2EA0B1: ??? (in /usr/bin/perl)
==26579==    by 0x2EF4A4: ??? (in /usr/bin/perl)
==26579== 
==26579== 36,288 bytes in 9 blocks are possibly lost in loss record 745 of 777
==26579==    at 0x4848899: malloc (in /usr/libexec/valgrind/vgpreload_memcheck-amd64-linux.so)
==26579==    by 0x1EB5FF: Perl_safesysmalloc (in /usr/bin/perl)
==26579==    by 0x217152: Perl_more_bodies (in /usr/bin/perl)
==26579==    by 0x217D0A: Perl_sv_upgrade (in /usr/bin/perl)
==26579==    by 0x1B5593: Perl_re_op_compile (in /usr/bin/perl)
==26579== 
==26579== 36,504 bytes in 9 blocks are possibly lost in loss record 746 of 777
==26579==    at 0x4848899: malloc (in /usr/libexec/valgrind/vgpreload_memcheck-amd64-linux.so)
==26579==    by 0x1EB5FF: Perl_safesysmalloc (in /usr/bin/perl)
==26579==    by 0x217152: Perl_more_bodies (in /usr/bin/perl)
==26579==    by 0x217D0A: Perl_sv_upgrade (in /usr/bin/perl)
==26579==    by 0x1675B3: Perl_newXS_len_flags (in /usr/bin/perl)
==26579== 
==26579== 36,600 bytes in 19 blocks are possibly lost in loss record 747 of 777
==26579==    at 0x484DA83: calloc (in /usr/libexec/valgrind/vgpreload_memcheck-amd64-linux.so)
==26579==    by 0x152C61: Perl_Slab_Alloc (in /usr/bin/perl)
==26579==    by 0x15D019: Perl_newBINOP (in /usr/bin/perl)
==26579==    by 0x163109: Perl_newASSIGNOP (in /usr/bin/perl)
==26579==    by 0x1ACF66: Perl_yyparse (in /usr/bin/perl)
==26579== 
==26579== 36,720 bytes in 9 blocks are possibly lost in loss record 748 of 777
==26579==    at 0x4848899: malloc (in /usr/libexec/valgrind/vgpreload_memcheck-amd64-linux.so)
==26579==    by 0x216A7F: ??? (in /usr/bin/perl)
==26579==    by 0x22BCF4: Perl_newSVpvn_flags (in /usr/bin/perl)
==26579==    by 0x19E69A: ??? (in /usr/bin/perl)
==26579==    by 0x1AA23C: Perl_yyparse (in /usr/bin/perl)
==26579== 
==26579== 39,632 bytes in 18 blocks are possibly lost in loss record 749 of 777
==26579==    at 0x484DA83: calloc (in /usr/libexec/valgrind/vgpreload_memcheck-amd64-linux.so)
==26579==    by 0x152C61: Perl_Slab_Alloc (in /usr/bin/perl)
==26579==    by 0x160F7A: Perl_newSVOP (in /usr/bin/perl)
==26579==    by 0x19E6B3: ??? (in /usr/bin/perl)
==26579==    by 0x1AA23C: Perl_yyparse (in /usr/bin/perl)
==26579== 
==26579== 40,848 bytes in 74 blocks are possibly lost in loss record 750 of 777
==26579==    at 0x484DA83: calloc (in /usr/libexec/valgrind/vgpreload_memcheck-amd64-linux.so)
==26579==    by 0x152CD1: Perl_Slab_Alloc (in /usr/bin/perl)
==26579==    by 0x160F7A: Perl_newSVOP (in /usr/bin/perl)
==26579==    by 0x19E6B3: ??? (in /usr/bin/perl)
==26579==    by 0x1AA23C: Perl_yyparse (in /usr/bin/perl)
==26579== 
==26579== 42,432 bytes in 12 blocks are possibly lost in loss record 751 of 777
==26579==    at 0x4848899: malloc (in /usr/libexec/valgrind/vgpreload_memcheck-amd64-linux.so)
==26579==    by 0x1EB5FF: Perl_safesysmalloc (in /usr/bin/perl)
==26579==    by 0x217152: Perl_more_bodies (in /usr/bin/perl)
==26579==    by 0x217D0A: Perl_sv_upgrade (in /usr/bin/perl)
==26579==    by 0x22A62A: Perl_sv_setsv_flags (in /usr/bin/perl)
==26579== 
==26579== 44,616 bytes in 11 blocks are possibly lost in loss record 752 of 777
==26579==    at 0x4848899: malloc (in /usr/libexec/valgrind/vgpreload_memcheck-amd64-linux.so)
==26579==    by 0x1EB5FF: Perl_safesysmalloc (in /usr/bin/perl)
==26579==    by 0x217152: Perl_more_bodies (in /usr/bin/perl)
==26579==    by 0x217D0A: Perl_sv_upgrade (in /usr/bin/perl)
==26579==    by 0x1A99D9: Perl_start_subparse (in /usr/bin/perl)
==26579== 
==26579== 46,360 bytes in 7 blocks are possibly lost in loss record 753 of 777
==26579==    at 0x484DA83: calloc (in /usr/libexec/valgrind/vgpreload_memcheck-amd64-linux.so)
==26579==    by 0x152C61: Perl_Slab_Alloc (in /usr/bin/perl)
==26579==    by 0x15D019: Perl_newBINOP (in /usr/bin/perl)
==26579==    by 0x1ACD7E: Perl_yyparse (in /usr/bin/perl)
==26579==    by 0x25DF6A: ??? (in /usr/bin/perl)
==26579== 
==26579== 46,440 bytes in 9 blocks are possibly lost in loss record 754 of 777
==26579==    at 0x484DA83: calloc (in /usr/libexec/valgrind/vgpreload_memcheck-amd64-linux.so)
==26579==    by 0x152C61: Perl_Slab_Alloc (in /usr/bin/perl)
==26579==    by 0x160F7A: Perl_newSVOP (in /usr/bin/perl)
==26579==    by 0x192F31: ??? (in /usr/bin/perl)
==26579==    by 0x1A1EBE: Perl_yylex (in /usr/bin/perl)
==26579== 
==26579== 46,648 bytes in 33 blocks are possibly lost in loss record 755 of 777
==26579==    at 0x484DCD3: realloc (in /usr/libexec/valgrind/vgpreload_memcheck-amd64-linux.so)
==26579==    by 0x1EB7BD: Perl_safesysrealloc (in /usr/bin/perl)
==26579==    by 0x20469E: ??? (in /usr/bin/perl)
==26579==    by 0x2082ED: Perl_hv_common (in /usr/bin/perl)
==26579==    by 0x17ED8F: Perl_gv_fetchpvn_flags (in /usr/bin/perl)
==26579== 
==26579== 48,821 bytes in 987 blocks are possibly lost in loss record 756 of 777
==26579==    at 0x484DA83: calloc (in /usr/libexec/valgrind/vgpreload_memcheck-amd64-linux.so)
==26579==    by 0x1EC93C: Perl_safesyscalloc (in /usr/bin/perl)
==26579==    by 0x1B1D8D: Perl_pad_add_name_pvn (in /usr/bin/perl)
==26579==    by 0x153A53: Perl_allocmy (in /usr/bin/perl)
==26579==    by 0x19E893: ??? (in /usr/bin/perl)
==26579== 
==26579== 49,432 bytes in 7 blocks are possibly lost in loss record 757 of 777
==26579==    at 0x484DA83: calloc (in /usr/libexec/valgrind/vgpreload_memcheck-amd64-linux.so)
==26579==    by 0x152C61: Perl_Slab_Alloc (in /usr/bin/perl)
==26579==    by 0x160F7A: Perl_newSVOP (in /usr/bin/perl)
==26579==    by 0x2EF66D: ??? (in /usr/bin/perl)
==26579==    by 0x2DC12F: ??? (in /usr/bin/perl)
==26579== 
==26579== 51,560 bytes in 9 blocks are possibly lost in loss record 758 of 777
==26579==    at 0x484DA83: calloc (in /usr/libexec/valgrind/vgpreload_memcheck-amd64-linux.so)
==26579==    by 0x152C61: Perl_Slab_Alloc (in /usr/bin/perl)
==26579==    by 0x157DFB: Perl_newLISTOP (in /usr/bin/perl)
==26579==    by 0x158423: ??? (in /usr/bin/perl)
==26579==    by 0x15BAEF: Perl_newUNOP (in /usr/bin/perl)
==26579== 
==26579== 51,800 bytes in 15 blocks are possibly lost in loss record 759 of 777
==26579==    at 0x484DA83: calloc (in /usr/libexec/valgrind/vgpreload_memcheck-amd64-linux.so)
==26579==    by 0x152C61: Perl_Slab_Alloc (in /usr/bin/perl)
==26579==    by 0x1579C4: Perl_newOP (in /usr/bin/perl)
==26579==    by 0x157F13: Perl_newLISTOP (in /usr/bin/perl)
==26579==    by 0x1AC962: Perl_yyparse (in /usr/bin/perl)
==26579== 
==26579== 52,240 bytes in 26 blocks are possibly lost in loss record 760 of 777
==26579==    at 0x484DA83: calloc (in /usr/libexec/valgrind/vgpreload_memcheck-amd64-linux.so)
==26579==    by 0x152C61: Perl_Slab_Alloc (in /usr/bin/perl)
==26579==    by 0x160F7A: Perl_newSVOP (in /usr/bin/perl)
==26579==    by 0x1A76DE: Perl_scan_num (in /usr/bin/perl)
==26579==    by 0x1A29F5: Perl_yylex (in /usr/bin/perl)
==26579== 
==26579== 55,496 bytes in 5 blocks are possibly lost in loss record 761 of 777
==26579==    at 0x484DA83: calloc (in /usr/libexec/valgrind/vgpreload_memcheck-amd64-linux.so)
==26579==    by 0x152C61: Perl_Slab_Alloc (in /usr/bin/perl)
==26579==    by 0x15BA09: Perl_newUNOP (in /usr/bin/perl)
==26579==    by 0x162545: ??? (in /usr/bin/perl)
==26579==    by 0x162C5F: Perl_newCONDOP (in /usr/bin/perl)
==26579== 
==26579== 58,888 bytes in 13 blocks are possibly lost in loss record 762 of 777
==26579==    at 0x484DA83: calloc (in /usr/libexec/valgrind/vgpreload_memcheck-amd64-linux.so)
==26579==    by 0x152C61: Perl_Slab_Alloc (in /usr/bin/perl)
==26579==    by 0x15BA09: Perl_newUNOP (in /usr/bin/perl)
==26579==    by 0x2EA2D0: ??? (in /usr/bin/perl)
==26579==    by 0x2EF4A4: ??? (in /usr/bin/perl)
==26579== 
==26579== 60,936 bytes in 13 blocks are possibly lost in loss record 763 of 777
==26579==    at 0x484DA83: calloc (in /usr/libexec/valgrind/vgpreload_memcheck-amd64-linux.so)
==26579==    by 0x152C61: Perl_Slab_Alloc (in /usr/bin/perl)
==26579==    by 0x160F7A: Perl_newSVOP (in /usr/bin/perl)
==26579==    by 0x18FF29: ??? (in /usr/bin/perl)
==26579==    by 0x1A2F8D: Perl_yylex (in /usr/bin/perl)
==26579== 
==26579== 67,016 bytes in 37 blocks are possibly lost in loss record 764 of 777
==26579==    at 0x484DA83: calloc (in /usr/libexec/valgrind/vgpreload_memcheck-amd64-linux.so)
==26579==    by 0x152C61: Perl_Slab_Alloc (in /usr/bin/perl)
==26579==    by 0x161C0B: Perl_newSTATEOP (in /usr/bin/perl)
==26579==    by 0x1AA880: Perl_yyparse (in /usr/bin/perl)
==26579==    by 0x18548B: perl_parse (in /usr/bin/perl)
==26579== 
==26579== 73,440 bytes in 18 blocks are possibly lost in loss record 765 of 777
==26579==    at 0x4848899: malloc (in /usr/libexec/valgrind/vgpreload_memcheck-amd64-linux.so)
==26579==    by 0x1EB5FF: Perl_safesysmalloc (in /usr/bin/perl)
==26579==    by 0x217152: Perl_more_bodies (in /usr/bin/perl)
==26579==    by 0x217D0A: Perl_sv_upgrade (in /usr/bin/perl)
==26579==    by 0x17DD2F: Perl_gv_init_pvn (in /usr/bin/perl)
==26579== 
==26579== 83,760 bytes in 1,047 blocks are possibly lost in loss record 766 of 777
==26579==    at 0x484DA83: calloc (in /usr/libexec/valgrind/vgpreload_memcheck-amd64-linux.so)
==26579==    by 0x17D9C0: Perl_newGP (in /usr/bin/perl)
==26579==    by 0x17DD97: Perl_gv_init_pvn (in /usr/bin/perl)
==26579==    by 0x17EE1F: Perl_gv_fetchpvn_flags (in /usr/bin/perl)
==26579==    by 0x188A0F: Perl_gv_fetchsv (in /usr/bin/perl)
==26579== 
==26579== 86,936 bytes in 23 blocks are possibly lost in loss record 767 of 777
==26579==    at 0x484DA83: calloc (in /usr/libexec/valgrind/vgpreload_memcheck-amd64-linux.so)
==26579==    by 0x152C61: Perl_Slab_Alloc (in /usr/bin/perl)
==26579==    by 0x15D019: Perl_newBINOP (in /usr/bin/perl)
==26579==    by 0x1ACF66: Perl_yyparse (in /usr/bin/perl)
==26579==    by 0x25DF6A: ??? (in /usr/bin/perl)
==26579== 
==26579== 89,104 bytes in 26 blocks are possibly lost in loss record 768 of 777
==26579==    at 0x484DA83: calloc (in /usr/libexec/valgrind/vgpreload_memcheck-amd64-linux.so)
==26579==    by 0x152C61: Perl_Slab_Alloc (in /usr/bin/perl)
==26579==    by 0x157DFB: Perl_newLISTOP (in /usr/bin/perl)
==26579==    by 0x158423: ??? (in /usr/bin/perl)
==26579==    by 0x15B61C: Perl_op_convert_list (in /usr/bin/perl)
==26579== 
==26579== 98,808 bytes in 179 blocks are possibly lost in loss record 769 of 777
==26579==    at 0x484DA83: calloc (in /usr/libexec/valgrind/vgpreload_memcheck-amd64-linux.so)
==26579==    by 0x152CD1: Perl_Slab_Alloc (in /usr/bin/perl)
==26579==    by 0x1579C4: Perl_newOP (in /usr/bin/perl)
==26579==    by 0x19E847: ??? (in /usr/bin/perl)
==26579==    by 0x1AA23C: Perl_yyparse (in /usr/bin/perl)
==26579== 
==26579== 106,984 bytes in 341 blocks are possibly lost in loss record 770 of 777
==26579==    at 0x484DCD3: realloc (in /usr/libexec/valgrind/vgpreload_memcheck-amd64-linux.so)
==26579==    by 0x1EB7BD: Perl_safesysrealloc (in /usr/bin/perl)
==26579==    by 0x205CC2: Perl_av_extend_guts (in /usr/bin/perl)
==26579==    by 0x1B1B19: Perl_padnamelist_store (in /usr/bin/perl)
==26579==    by 0x1B1C7C: Perl_pad_alloc (in /usr/bin/perl)
==26579== 
==26579== 110,744 bytes in 351 blocks are possibly lost in loss record 771 of 777
==26579==    at 0x484DCD3: realloc (in /usr/libexec/valgrind/vgpreload_memcheck-amd64-linux.so)
==26579==    by 0x1EB7BD: Perl_safesysrealloc (in /usr/bin/perl)
==26579==    by 0x205CC2: Perl_av_extend_guts (in /usr/bin/perl)
==26579==    by 0x20C1AD: Perl_av_store (in /usr/bin/perl)
==26579==    by 0x20C328: Perl_av_fetch (in /usr/bin/perl)
==26579== 
==26579== 112,112 bytes in 38 blocks are possibly lost in loss record 772 of 777
==26579==    at 0x484DA83: calloc (in /usr/libexec/valgrind/vgpreload_memcheck-amd64-linux.so)
==26579==    by 0x152C61: Perl_Slab_Alloc (in /usr/bin/perl)
==26579==    by 0x15BA09: Perl_newUNOP (in /usr/bin/perl)
==26579==    by 0x1AA7D4: Perl_yyparse (in /usr/bin/perl)
==26579==    by 0x25DF6A: ??? (in /usr/bin/perl)
==26579== 
==26579== 141,968 bytes in 42 blocks are possibly lost in loss record 773 of 777
==26579==    at 0x484DA83: calloc (in /usr/libexec/valgrind/vgpreload_memcheck-amd64-linux.so)
==26579==    by 0x152C61: Perl_Slab_Alloc (in /usr/bin/perl)
==26579==    by 0x1579C4: Perl_newOP (in /usr/bin/perl)
==26579==    by 0x157F13: Perl_newLISTOP (in /usr/bin/perl)
==26579==    by 0x158423: ??? (in /usr/bin/perl)
==26579== 
==26579== 148,944 bytes in 3,056 blocks are possibly lost in loss record 774 of 777
==26579==    at 0x4848899: malloc (in /usr/libexec/valgrind/vgpreload_memcheck-amd64-linux.so)
==26579==    by 0x161D75: Perl_newSTATEOP (in /usr/bin/perl)
==26579==    by 0x1AA880: Perl_yyparse (in /usr/bin/perl)
==26579==    by 0x25DF6A: ??? (in /usr/bin/perl)
==26579==    by 0x260118: Perl_pp_require (in /usr/bin/perl)
==26579== 
==26579== 166,104 bytes in 31 blocks are possibly lost in loss record 775 of 777
==26579==    at 0x484DA83: calloc (in /usr/libexec/valgrind/vgpreload_memcheck-amd64-linux.so)
==26579==    by 0x152C61: Perl_Slab_Alloc (in /usr/bin/perl)
==26579==    by 0x1579C4: Perl_newOP (in /usr/bin/perl)
==26579==    by 0x19ECA5: ??? (in /usr/bin/perl)
==26579==    by 0x1AA23C: Perl_yyparse (in /usr/bin/perl)
==26579== 
==26579== 317,528 bytes in 79 blocks are possibly lost in loss record 776 of 777
==26579==    at 0x484DA83: calloc (in /usr/libexec/valgrind/vgpreload_memcheck-amd64-linux.so)
==26579==    by 0x152C61: Perl_Slab_Alloc (in /usr/bin/perl)
==26579==    by 0x157DFB: Perl_newLISTOP (in /usr/bin/perl)
==26579==    by 0x1AA880: Perl_yyparse (in /usr/bin/perl)
==26579==    by 0x25DF6A: ??? (in /usr/bin/perl)
==26579== 
==26579== 356,976 bytes in 118 blocks are possibly lost in loss record 777 of 777
==26579==    at 0x484DA83: calloc (in /usr/libexec/valgrind/vgpreload_memcheck-amd64-linux.so)
==26579==    by 0x152C61: Perl_Slab_Alloc (in /usr/bin/perl)
==26579==    by 0x161C0B: Perl_newSTATEOP (in /usr/bin/perl)
==26579==    by 0x1AA880: Perl_yyparse (in /usr/bin/perl)
==26579==    by 0x25DF6A: ??? (in /usr/bin/perl)
==26579== 
==26579== LEAK SUMMARY:
==26579==    definitely lost: 33,104 bytes in 33 blocks
==26579==    indirectly lost: 46,476 bytes in 24 blocks
==26579==      possibly lost: 5,378,900 bytes in 21,921 blocks
==26579==    still reachable: 7,406 bytes in 19 blocks
==26579==                       of which reachable via heuristic:
==26579==                         newarray           : 19,624 bytes in 603 blocks
==26579==         suppressed: 0 bytes in 0 blocks
==26579== 
==26579== For lists of detected and suppressed errors, rerun with: -s
==26579== ERROR SUMMARY: 759 errors from 757 contexts (suppressed: 0 from 0)
